Drug,SideEffect,OrganClass,Reported,Expected,TimesMoreThanExpected,PRR,ROR,SignalScore,Status,ReferenceSetStatus,PctSerious,PctFatal,PctRechallengePositive,PctClinicianReported,EverFlagged,FirstFlagged
CLOZAPINE,AGRANULOCYTOSIS,Blood,5182,431.7,12.00,31.67,42.43,3.538,Signal,In reference set,82.57,16.71,5.38,66.81,Yes,2019Q1
VALPROATE,FOETAL MALFORMATION,Congenital,4606,404.3,11.39,27.73,35.71,3.460,Signal,In reference set,83.98,18.43,5.88,67.72,Yes,2019Q1
AMIODARONE,PULMONARY FIBROSIS,Respiratory,4304,385.3,11.17,25.87,32.79,3.430,Signal,In reference set,82.64,16.73,6.13,67.08,Yes,2019Q1
CANAGLIFLOZIN,AMPUTATION,Procedural,2816,300.7,9.37,17.37,20.13,3.163,Signal,In reference set,82.49,17.65,5.29,68.32,Yes,2020Q1
ALLOPURINOL,STEVENS-JOHNSON SYNDROME,Skin,2814,307.1,9.16,17.04,19.66,3.132,Signal,In reference set,82.76,17.16,4.90,66.06,Yes,2019Q1
CANAGLIFLOZIN,DIABETIC KETOACIDOSIS,Metabolic,5017,557.8,8.99,16.07,21.30,3.121,Signal,In reference set,82.80,17.38,5.50,67.15,Yes,2019Q1
CLOZAPINE,MYOCARDITIS,Cardiac,2599,292.1,8.90,16.05,18.31,3.087,Signal,In reference set,83.07,17.20,5.77,67.37,Yes,2020Q2
TRAMADOL,SEROTONIN SYNDROME,Nervous system,4069,509.2,7.99,17.94,20.88,2.946,Signal,In reference set,83.51,18.24,5.33,67.24,Yes,2020Q2
METHOTREXATE,PANCYTOPENIA,Blood,5010,691.1,7.25,12.55,15.65,2.810,Signal,In reference set,83.27,17.37,5.79,66.19,Yes,2019Q1
LEVOFLOXACIN,AORTIC ANEURYSM,Vascular,3310,454.4,7.28,14.50,16.35,2.806,Signal,In reference set,83.50,17.22,5.41,65.56,Yes,2020Q3
METFORMIN,LACTIC ACIDOSIS,Metabolic,6086,918.7,6.62,18.85,22.19,2.685,Signal,In reference set,83.34,17.50,6.15,66.83,Yes,2019Q1
SITAGLIPTIN,PANCREATITIS,Gastrointestinal,3200,480.4,6.66,9.72,11.42,2.676,Signal,In reference set,81.59,16.63,6.00,66.50,Yes,2019Q4
LEVOFLOXACIN,TENDON RUPTURE,Musculoskeletal,6563,1004.0,6.54,11.64,14.99,2.667,Signal,In reference set,83.99,17.51,5.85,65.60,Yes,2019Q1
OMEPRAZOLE,CLOSTRIDIUM DIFFICILE COLITIS,Gastrointestinal,4159,653.7,6.36,14.18,15.96,2.618,Signal,In reference set,83.41,15.87,5.63,66.65,Yes,2019Q4
ONDANSETRON,TORSADE DE POINTES,Cardiac,3093,490.2,6.31,12.20,13.44,2.597,Signal,In reference set,82.64,15.71,6.11,67.77,Yes,2021Q1
MONTELUKAST,NIGHTMARE,Psychiatric,6510,1148.5,5.67,11.06,13.34,2.462,Signal,In reference set,83.21,17.14,5.51,66.36,Yes,2019Q3
CIPROFLOXACIN,TENDON RUPTURE,Musculoskeletal,5162,1006.4,5.13,7.63,9.16,2.312,Signal,In reference set,83.15,18.11,6.10,67.34,Yes,2019Q1
FEBUXOSTAT,MYOCARDIAL INFARCTION,Cardiac,3550,688.9,5.15,6.34,7.85,2.309,Signal,In reference set,83.21,16.76,6.48,65.46,Yes,2019Q1
TRAMADOL,RESPIRATORY DEPRESSION,Respiratory,3379,668.4,5.06,7.45,8.36,2.280,Signal,In reference set,81.95,17.02,6.04,66.74,Yes,2021Q1
ATORVASTATIN,RHABDOMYOLYSIS,Musculoskeletal,5808,1172.4,4.95,9.09,10.53,2.265,Signal,In reference set,83.11,17.67,5.60,67.08,Yes,2019Q3
HYDROXYCHLOROQUINE,ELECTROCARDIOGRAM QT PROLONGED,Cardiac,3689,761.2,4.85,6.18,7.36,2.222,Signal,In reference set,82.79,17.76,5.56,65.93,Yes,2020Q4
MONTELUKAST,SUICIDAL IDEATION,Psychiatric,8036,1759.0,4.57,7.28,9.13,2.155,Signal,In reference set,83.15,17.56,4.93,65.92,Yes,2019Q3
ONDANSETRON,ELECTROCARDIOGRAM QT PROLONGED,Cardiac,5297,1195.5,4.43,6.44,7.56,2.102,Signal,In reference set,82.42,17.44,5.34,66.74,Yes,2021Q1
WARFARIN,GASTROINTESTINAL HAEMORRHAGE,Gastrointestinal,6582,1528.7,4.31,6.15,7.53,2.065,Signal,In reference set,83.09,17.11,5.14,67.12,Yes,2019Q2
VARENICLINE,SUICIDAL IDEATION,Psychiatric,2963,787.4,3.76,4.29,5.04,1.851,Signal,In reference set,83.26,17.99,5.87,67.50,Yes,2019Q4
ISOTRETINOIN,DEPRESSION,Psychiatric,3471,1088.0,3.19,3.53,4.25,1.617,Signal,In reference set,83.98,17.92,5.33,65.63,Yes,2020Q2
MONTELUKAST,DEPRESSION,Psychiatric,7253,2456.8,2.95,3.71,4.41,1.523,Signal,In reference set,82.30,17.19,5.75,66.11,Yes,2021Q1
SERTRALINE,HYPONATRAEMIA,Metabolic,2901,978.9,2.96,3.60,3.87,1.506,Signal,Not in reference set,83.87,16.65,5.52,67.60,Yes,2021Q1
LEVOTHYROXINE,ATRIAL FIBRILLATION,Cardiac,3682,1355.5,2.72,3.48,3.71,1.387,Signal,Not in reference set,82.48,17.79,5.46,66.84,Yes,2021Q1
APIXABAN,GASTROINTESTINAL HAEMORRHAGE,Gastrointestinal,3051,1159.5,2.63,2.96,3.25,1.336,Signal,Not in reference set,81.68,16.98,5.87,66.37,Yes,2020Q4
DULOXETINE,HEPATITIS,Hepatobiliary,986,439.9,2.24,2.45,2.51,1.058,Signal,Not in reference set,84.48,16.73,3.75,66.43,Yes,2022Q4
ADALIMUMAB,PNEUMONIA,Infection,1734,788.3,2.20,2.36,2.49,1.057,Signal,Not in reference set,82.64,16.67,5.71,67.99,Yes,2023Q1
PREDNISONE,PNEUMONIA,Infection,2672,1239.4,2.16,2.41,2.54,1.044,Signal,Not in reference set,83.72,17.81,6.29,68.49,Yes,2022Q4
CELECOXIB,MYOCARDIAL INFARCTION,Cardiac,1555,848.4,1.83,1.92,2.00,0.790,Ordinary,Not in reference set,82.83,16.85,5.47,65.85,No,
FUROSEMIDE,ACUTE KIDNEY INJURY,Renal,2009,1123.2,1.79,1.93,1.99,0.765,Ordinary,Not in reference set,83.13,17.32,5.67,66.90,No,
IBUPROFEN,GASTROINTESTINAL HAEMORRHAGE,Gastrointestinal,2993,1714.9,1.75,1.89,1.97,0.743,Ordinary,Not in reference set,82.06,17.74,5.51,66.15,No,
INSULIN GLARGINE,HYPOGLYCAEMIA,Metabolic,1448,821.1,1.76,1.86,1.92,0.731,Ordinary,Not in reference set,83.70,16.64,6.08,66.37,No,
AZITHROMYCIN,ELECTROCARDIOGRAM QT PROLONGED,Cardiac,1630,1054.0,1.55,1.62,1.66,0.547,Ordinary,Not in reference set,84.54,16.99,5.28,67.79,No,
CLOPIDOGREL,HAEMORRHAGE,Vascular,1442,937.1,1.54,1.61,1.64,0.535,Ordinary,Not in reference set,81.48,15.40,4.65,67.41,No,
TAMSULOSIN,HYPOTENSION,Vascular,1205,831.3,1.45,1.49,1.52,0.440,Ordinary,Not in reference set,83.73,17.51,5.31,67.63,No,
PANTOPRAZOLE,HYPONATRAEMIA,Metabolic,1157,870.1,1.33,1.37,1.38,0.314,Ordinary,Not in reference set,82.37,15.90,6.22,67.16,No,
ROSUVASTATIN,MYALGIA,Musculoskeletal,1939,1548.3,1.25,1.28,1.30,0.250,Ordinary,Not in reference set,84.01,17.48,5.72,68.13,No,
GABAPENTIN,SOMNOLENCE,Nervous system,1633,1305.7,1.25,1.28,1.30,0.241,Ordinary,Not in reference set,83.77,17.33,5.51,65.77,No,
APIXABAN,HYPERKALAEMIA,Metabolic,676,592.1,1.14,1.15,1.16,0.064,Ordinary,Not in reference set,85.21,17.46,6.21,68.20,No,
VARENICLINE,HYPOGLYCAEMIA,Metabolic,625,550.3,1.14,1.14,1.15,0.051,Ordinary,Not in reference set,86.56,18.72,4.48,65.44,No,
ADALIMUMAB,THROMBOCYTOPENIA,Blood,550,483.5,1.14,1.15,1.15,0.045,Ordinary,Not in reference set,81.82,17.45,8.36,63.45,No,
VARENICLINE,PHOTOSENSITIVITY REACTION,Skin,310,264.6,1.17,1.18,1.18,0.041,Ordinary,Not in reference set,86.45,17.74,5.81,66.45,No,
CIPROFLOXACIN,ALOPECIA,Skin,981,894.2,1.10,1.11,1.11,0.028,Ordinary,Not in reference set,82.98,17.64,5.71,65.34,No,
CANAGLIFLOZIN,NEUTROPENIA,Blood,537,477.6,1.12,1.13,1.14,0.027,Ordinary,Not in reference set,82.31,17.69,5.40,64.43,No,
VARENICLINE,ACUTE KIDNEY INJURY,Renal,632,567.1,1.11,1.12,1.13,0.025,Ordinary,Not in reference set,84.18,17.88,6.17,67.25,No,
VALPROATE,MYALGIA,Musculoskeletal,1089,1000.2,1.09,1.09,1.10,0.023,Ordinary,Not in reference set,80.53,16.35,5.23,68.04,No,
HYDROXYCHLOROQUINE,ALOPECIA,Skin,713,645.3,1.10,1.11,1.12,0.020,Ordinary,Not in reference set,81.07,16.83,7.43,64.66,No,
VARENICLINE,SEROTONIN SYNDROME,Nervous system,337,293.3,1.15,1.16,1.16,0.020,Ordinary,Not in reference set,84.57,17.80,6.23,68.25,No,
ADALIMUMAB,ANAEMIA,Blood,892,814.9,1.09,1.10,1.11,0.020,Ordinary,Not in reference set,80.27,14.01,3.25,64.57,No,
ROSUVASTATIN,PANCYTOPENIA,Blood,986,906.6,1.09,1.10,1.10,0.016,Ordinary,Not in reference set,82.76,15.42,5.17,66.94,No,
ALBUTEROL,HYPERTENSION,Vascular,1379,1286.4,1.07,1.08,1.08,0.011,Ordinary,Not in reference set,84.70,17.11,4.06,66.86,No,
ADALIMUMAB,TOXIC EPIDERMAL NECROLYSIS,Skin,197,166.0,1.19,1.20,1.20,0.011,Ordinary,Not in reference set,77.66,14.72,5.08,61.42,No,
CANAGLIFLOZIN,ELECTROCARDIOGRAM QT PROLONGED,Cardiac,817,748.8,1.09,1.10,1.10,0.010,Ordinary,Not in reference set,80.66,18.12,4.77,67.44,No,
GABAPENTIN,ELECTROCARDIOGRAM QT PROLONGED,Cardiac,1277,1189.4,1.07,1.08,1.08,0.010,Ordinary,Not in reference set,82.77,15.35,5.17,65.00,No,
ROSUVASTATIN,TOXIC EPIDERMAL NECROLYSIS,Skin,299,260.2,1.15,1.16,1.17,0.009,Ordinary,Not in reference set,84.95,15.38,5.02,66.89,No,
LEVOFLOXACIN,AMPUTATION,Procedural,472,422.5,1.12,1.13,1.13,0.008,Ordinary,Not in reference set,84.53,15.47,5.30,67.58,No,
DULOXETINE,CONGENITAL ANOMALY,Congenital,225,192.1,1.17,1.19,1.19,0.008,Ordinary,Not in reference set,84.00,15.11,6.67,67.56,No,
LEVOFLOXACIN,CARDIAC ARREST,Cardiac,515,463.6,1.11,1.12,1.12,0.006,Ordinary,Not in reference set,82.72,14.17,4.47,65.83,No,
DULOXETINE,BACK PAIN,Musculoskeletal,1054,979.6,1.08,1.08,1.09,0.004,Ordinary,Not in reference set,81.97,16.70,6.55,68.03,No,
AZITHROMYCIN,ACUTE KIDNEY INJURY,Renal,1059,984.7,1.08,1.08,1.09,0.003,Ordinary,Not in reference set,84.80,18.13,5.85,64.49,No,
ONDANSETRON,FOETAL MALFORMATION,Congenital,687,628.2,1.09,1.10,1.11,0.003,Ordinary,Not in reference set,82.68,14.70,5.97,68.56,No,
ADALIMUMAB,HALLUCINATION,Psychiatric,376,334.0,1.13,1.13,1.14,0.000,Ordinary,Not in reference set,86.17,17.29,6.91,65.43,No,
ISOTRETINOIN,PARAESTHESIA,Nervous system,576,523.8,1.10,1.10,1.11,-0.001,Ordinary,Not in reference set,81.94,17.19,4.17,67.36,No,
SERTRALINE,PYREXIA,General,1623,1535.0,1.06,1.06,1.07,-0.002,Ordinary,Not in reference set,82.62,18.36,5.24,64.76,No,
FUROSEMIDE,URTICARIA,Skin,1372,1291.1,1.06,1.07,1.07,-0.002,Ordinary,Not in reference set,83.16,16.84,5.69,66.62,No,
CELECOXIB,AGGRESSION,Psychiatric,373,332.0,1.12,1.13,1.13,-0.003,Ordinary,Not in reference set,83.65,16.89,6.70,69.44,No,
CLOZAPINE,PANCYTOPENIA,Blood,637,583.1,1.09,1.10,1.10,-0.004,Ordinary,Not in reference set,80.06,16.01,5.18,68.76,No,
AMLODIPINE,SUICIDAL IDEATION,Psychiatric,1998,1904.2,1.05,1.06,1.06,-0.005,Ordinary,Not in reference set,84.03,17.52,5.06,68.87,No,
PANTOPRAZOLE,WEIGHT DECREASED,Investigations,979,913.1,1.07,1.08,1.08,-0.005,Ordinary,Not in reference set,81.72,17.16,3.98,66.60,No,
FEBUXOSTAT,GASTROINTESTINAL HAEMORRHAGE,Gastrointestinal,853,791.9,1.08,1.08,1.09,-0.006,Ordinary,Not in reference set,81.36,15.94,6.33,65.53,No,
CIPROFLOXACIN,DIZZINESS,Nervous system,1873,1785.1,1.05,1.05,1.06,-0.007,Ordinary,Not in reference set,83.66,18.95,5.98,65.99,No,
ATORVASTATIN,MUSCULAR WEAKNESS,Musculoskeletal,1341,1266.0,1.06,1.07,1.07,-0.007,Ordinary,Not in reference set,84.12,17.52,6.04,66.37,No,
ADALIMUMAB,STEVENS-JOHNSON SYNDROME,Skin,342,303.7,1.13,1.13,1.14,-0.007,Ordinary,Not in reference set,82.46,17.54,6.73,64.33,No,
LISINOPRIL,PANCYTOPENIA,Blood,1199,1128.5,1.06,1.07,1.07,-0.008,Ordinary,Not in reference set,84.32,17.68,4.50,66.22,No,
ATORVASTATIN,SUICIDAL IDEATION,Psychiatric,2009,1919.7,1.05,1.05,1.06,-0.008,Ordinary,Not in reference set,82.68,17.52,6.32,66.00,No,
WARFARIN,ALOPECIA,Skin,1078,1011.0,1.07,1.07,1.08,-0.008,Ordinary,Not in reference set,81.73,15.96,5.57,66.51,No,
CIPROFLOXACIN,CONFUSIONAL STATE,Psychiatric,964,901.3,1.07,1.08,1.08,-0.009,Ordinary,Not in reference set,82.57,16.91,5.81,67.12,No,
IBUPROFEN,VOMITING,Gastrointestinal,2368,2274.4,1.04,1.05,1.05,-0.010,Ordinary,Not in reference set,83.02,18.12,6.04,65.79,No,
AZITHROMYCIN,NAUSEA,Gastrointestinal,2298,2206.4,1.04,1.05,1.05,-0.010,Ordinary,Not in reference set,83.20,16.71,5.92,68.32,No,
CLOZAPINE,ALOPECIA,Skin,703,649.4,1.08,1.09,1.09,-0.010,Ordinary,Not in reference set,83.07,14.65,5.69,66.43,No,
TRAMADOL,BACK PAIN,Musculoskeletal,1197,1128.7,1.06,1.07,1.07,-0.011,Ordinary,Not in reference set,82.04,18.55,5.68,66.17,No,
ROSUVASTATIN,HEADACHE,Nervous system,2327,2236.0,1.04,1.04,1.05,-0.011,Ordinary,Not in reference set,83.63,17.62,5.80,65.45,No,
CLOPIDOGREL,MALAISE,General,1185,1117.2,1.06,1.07,1.07,-0.011,Ordinary,Not in reference set,84.98,19.32,5.06,66.84,No,
PANTOPRAZOLE,PYREXIA,General,1438,1364.4,1.05,1.06,1.06,-0.011,Ordinary,Not in reference set,82.06,15.58,5.98,66.90,No,
WARFARIN,ABDOMINAL PAIN,Gastrointestinal,1844,1762.3,1.05,1.05,1.05,-0.012,Ordinary,Not in reference set,83.46,16.21,5.26,67.08,No,
LISINOPRIL,PYREXIA,General,1996,1912.4,1.04,1.05,1.05,-0.012,Ordinary,Not in reference set,83.47,17.43,5.31,67.43,No,
PREDNISONE,SOMNOLENCE,Nervous system,1382,1311.4,1.05,1.06,1.06,-0.013,Ordinary,Not in reference set,82.34,17.73,4.70,71.06,No,
IBUPROFEN,NEUTROPENIA,Blood,912,853.3,1.07,1.08,1.08,-0.013,Ordinary,Not in reference set,84.32,17.43,6.03,61.29,No,
ATORVASTATIN,PULMONARY FIBROSIS,Respiratory,807,751.5,1.07,1.08,1.08,-0.013,Ordinary,Not in reference set,81.54,18.96,5.70,69.76,No,
ISOTRETINOIN,ANAEMIA,Blood,696,644.2,1.08,1.08,1.09,-0.014,Ordinary,Not in reference set,82.33,18.68,5.75,69.97,No,
ALLOPURINOL,DIARRHOEA,Gastrointestinal,1359,1289.6,1.05,1.06,1.06,-0.014,Ordinary,Not in reference set,81.68,16.41,5.74,66.23,No,
ONDANSETRON,AORTIC ANEURYSM,Vascular,563,516.3,1.09,1.10,1.10,-0.014,Ordinary,Not in reference set,83.66,14.21,5.33,68.38,No,
LEVOTHYROXINE,CONSTIPATION,Gastrointestinal,2146,2063.0,1.04,1.05,1.05,-0.014,Ordinary,Not in reference set,82.67,16.73,5.17,69.43,No,
ROSUVASTATIN,CONFUSIONAL STATE,Psychiatric,1080,1017.8,1.06,1.07,1.07,-0.015,Ordinary,Not in reference set,84.44,19.26,6.11,67.50,No,
ATORVASTATIN,TACHYCARDIA,Cardiac,1676,1601.3,1.05,1.05,1.05,-0.015,Ordinary,Not in reference set,82.58,17.84,5.13,68.68,No,
AMLODIPINE,MALAISE,General,1637,1563.7,1.05,1.05,1.05,-0.016,Ordinary,Not in reference set,82.71,18.39,5.50,69.82,No,
HYDROXYCHLOROQUINE,HYPONATRAEMIA,Metabolic,676,626.2,1.08,1.08,1.09,-0.017,Ordinary,Not in reference set,81.95,15.98,6.66,65.68,No,
ISOTRETINOIN,TENDON RUPTURE,Musculoskeletal,621,573.0,1.08,1.09,1.09,-0.017,Ordinary,Not in reference set,86.15,20.45,6.92,67.47,No,
AZITHROMYCIN,HEPATIC FAILURE,Hepatobiliary,500,456.6,1.10,1.10,1.11,-0.017,Ordinary,Not in reference set,81.00,14.80,6.20,64.40,No,
DULOXETINE,ELECTROCARDIOGRAM QT PROLONGED,Cardiac,972,914.5,1.06,1.07,1.07,-0.018,Ordinary,Not in reference set,83.02,16.05,5.66,67.28,No,
CIPROFLOXACIN,HYPONATRAEMIA,Metabolic,924,867.7,1.06,1.07,1.07,-0.018,Ordinary,Not in reference set,82.47,18.40,5.95,68.83,No,
LEVOFLOXACIN,DRUG INEFFECTIVE,General,1852,1778.3,1.04,1.04,1.05,-0.018,Ordinary,Not in reference set,83.05,18.68,5.67,65.82,No,
CLOPIDOGREL,ABDOMINAL PAIN,Gastrointestinal,1619,1549.8,1.04,1.05,1.05,-0.019,Ordinary,Not in reference set,82.40,17.17,5.81,65.41,No,
CIPROFLOXACIN,OFF LABEL USE,General,1194,1132.6,1.05,1.06,1.06,-0.019,Ordinary,Not in reference set,82.33,18.51,4.36,67.42,No,
CANAGLIFLOZIN,URTICARIA,Skin,858,804.2,1.07,1.07,1.07,-0.019,Ordinary,Not in reference set,85.43,16.67,5.13,66.90,No,
METFORMIN,SUICIDAL IDEATION,Psychiatric,1997,1923.3,1.04,1.04,1.05,-0.020,Ordinary,Not in reference set,83.17,18.03,5.51,67.95,No,
ALLOPURINOL,PANCREATITIS,Gastrointestinal,532,488.3,1.09,1.10,1.10,-0.020,Ordinary,Not in reference set,80.64,17.48,6.20,67.67,No,
SERTRALINE,RASH,Skin,2073,1998.6,1.04,1.04,1.04,-0.020,Ordinary,Not in reference set,83.70,15.63,5.45,66.62,No,
ROSUVASTATIN,URTICARIA,Skin,1343,1279.1,1.05,1.05,1.06,-0.020,Ordinary,Not in reference set,83.40,16.53,5.14,66.87,No,
METFORMIN,DIARRHOEA,Gastrointestinal,2568,2488.8,1.03,1.04,1.04,-0.020,Ordinary,Not in reference set,82.67,16.67,5.10,66.12,No,
PREDNISONE,FOETAL MALFORMATION,Congenital,676,627.7,1.08,1.08,1.09,-0.020,Ordinary,Not in reference set,84.76,21.60,5.62,65.68,No,
LISINOPRIL,ANXIETY,Psychiatric,1963,1890.3,1.04,1.04,1.05,-0.020,Ordinary,Not in reference set,82.88,18.03,5.65,66.84,No,
CLOPIDOGREL,ELECTROCARDIOGRAM QT PROLONGED,Cardiac,1108,1048.9,1.06,1.06,1.06,-0.020,Ordinary,Not in reference set,80.78,14.62,6.14,64.53,No,
ROSUVASTATIN,RASH,Skin,2074,2000.4,1.04,1.04,1.04,-0.020,Ordinary,Not in reference set,83.99,18.56,4.97,67.26,No,
CLOPIDOGREL,HYPERTENSION,Vascular,1181,1120.7,1.05,1.06,1.06,-0.021,Ordinary,Not in reference set,82.22,17.10,6.18,67.32,No,
AMIODARONE,SOMNOLENCE,Nervous system,887,833.1,1.06,1.07,1.07,-0.021,Ordinary,Not in reference set,84.67,16.91,5.75,64.60,No,
SITAGLIPTIN,OFF LABEL USE,General,865,811.7,1.07,1.07,1.07,-0.021,Ordinary,Not in reference set,81.62,17.69,5.66,64.39,No,
CLOZAPINE,DIARRHOEA,Gastrointestinal,1349,1285.8,1.05,1.05,1.06,-0.021,Ordinary,Not in reference set,81.76,17.12,5.86,67.01,No,
AZITHROMYCIN,TACHYCARDIA,Cardiac,1201,1140.5,1.05,1.06,1.06,-0.021,Ordinary,Not in reference set,83.93,16.65,5.83,65.11,No,
CLOPIDOGREL,FATIGUE,General,2065,1992.1,1.04,1.04,1.04,-0.021,Ordinary,Not in reference set,83.44,16.85,6.34,67.22,No,
SERTRALINE,HYPOTENSION,Vascular,1373,1309.7,1.05,1.05,1.06,-0.021,Ordinary,Not in reference set,82.37,17.26,6.63,66.06,No,
PANTOPRAZOLE,CONFUSIONAL STATE,Psychiatric,959,903.9,1.06,1.07,1.07,-0.021,Ordinary,Not in reference set,81.02,15.12,5.94,66.32,No,
FUROSEMIDE,HALLUCINATION,Psychiatric,573,528.4,1.08,1.09,1.09,-0.021,Ordinary,Not in reference set,82.55,15.01,7.16,66.67,No,
METFORMIN,AGGRESSION,Psychiatric,695,646.9,1.07,1.08,1.09,-0.022,Ordinary,Not in reference set,82.59,15.54,6.04,68.49,No,
ATORVASTATIN,DEHYDRATION,Metabolic,1323,1261.4,1.05,1.05,1.06,-0.022,Ordinary,Not in reference set,83.90,17.84,7.33,66.97,No,
ESOMEPRAZOLE,PRURITUS,Skin,1604,1538.4,1.04,1.05,1.05,-0.022,Ordinary,Not in reference set,82.73,17.96,5.05,69.51,No,
IBUPROFEN,FATIGUE,General,2616,2541.1,1.03,1.03,1.04,-0.023,Ordinary,Not in reference set,82.61,16.63,5.77,67.74,No,
MONTELUKAST,PANCREATITIS,Gastrointestinal,915,861.8,1.06,1.07,1.07,-0.023,Ordinary,Not in reference set,80.98,16.07,4.15,67.21,No,
WARFARIN,HYPOGLYCAEMIA,Metabolic,1139,1081.3,1.05,1.06,1.06,-0.023,Ordinary,Not in reference set,82.53,18.35,5.18,65.14,No,
OMEPRAZOLE,DIARRHOEA,Gastrointestinal,2316,2243.8,1.03,1.04,1.04,-0.023,Ordinary,Not in reference set,83.03,17.23,5.27,67.14,No,
LEVOFLOXACIN,HYPOGLYCAEMIA,Metabolic,1009,954.0,1.06,1.06,1.06,-0.023,Ordinary,Not in reference set,83.15,18.33,6.14,64.72,No,
ISOTRETINOIN,MALAISE,General,687,639.7,1.07,1.08,1.08,-0.023,Ordinary,Not in reference set,82.24,16.45,5.24,69.72,No,
OMEPRAZOLE,TENDONITIS,Musculoskeletal,320,286.2,1.12,1.13,1.13,-0.024,Ordinary,Not in reference set,83.44,19.06,6.56,65.31,No,
MONTELUKAST,DIZZINESS,Nervous system,2366,2295.0,1.03,1.03,1.04,-0.024,Ordinary,Not in reference set,84.49,18.01,4.90,65.00,No,
CLOZAPINE,SOMNOLENCE,Nervous system,893,841.0,1.06,1.07,1.07,-0.024,Ordinary,Not in reference set,81.19,16.80,5.82,63.27,No,
ROSUVASTATIN,ARTHRALGIA,Musculoskeletal,1844,1778.3,1.04,1.04,1.04,-0.025,Ordinary,Not in reference set,84.54,18.66,5.15,66.59,No,
VARENICLINE,ANXIETY,Psychiatric,824,774.0,1.06,1.07,1.07,-0.025,Ordinary,Not in reference set,82.77,17.11,5.58,66.38,No,
ADALIMUMAB,ANGIOEDEMA,Skin,540,497.9,1.08,1.09,1.09,-0.025,Ordinary,Not in reference set,82.59,16.85,5.00,66.67,No,
INSULIN GLARGINE,BRADYCARDIA,Cardiac,432,393.7,1.10,1.10,1.11,-0.025,Ordinary,Not in reference set,85.65,18.06,4.40,66.20,No,
METFORMIN,BACK PAIN,Musculoskeletal,1651,1588.3,1.04,1.04,1.05,-0.025,Ordinary,Not in reference set,82.25,16.05,5.15,65.17,No,
ONDANSETRON,HYPOTENSION,Vascular,1375,1315.7,1.05,1.05,1.05,-0.026,Ordinary,Not in reference set,82.33,16.36,5.16,68.73,No,
CLOPIDOGREL,PNEUMONIA,Infection,1144,1088.3,1.05,1.06,1.06,-0.026,Ordinary,Not in reference set,84.00,18.36,6.47,70.19,No,
SITAGLIPTIN,MYOCARDIAL INFARCTION,Cardiac,894,843.0,1.06,1.06,1.07,-0.026,Ordinary,Not in reference set,82.77,14.99,6.71,66.44,No,
SITAGLIPTIN,PHOTOSENSITIVITY REACTION,Skin,365,329.5,1.11,1.11,1.12,-0.026,Ordinary,Not in reference set,80.82,15.89,3.84,68.49,No,
PREDNISONE,NEUTROPENIA,Blood,811,761.8,1.06,1.07,1.07,-0.026,Ordinary,Not in reference set,82.98,15.54,6.17,66.58,No,
LEVOFLOXACIN,HAEMORRHAGE,Vascular,993,940.1,1.06,1.06,1.06,-0.026,Ordinary,Not in reference set,84.49,17.93,4.33,65.56,No,
CANAGLIFLOZIN,PANCYTOPENIA,Blood,614,570.0,1.08,1.08,1.08,-0.026,Ordinary,Not in reference set,82.57,17.92,4.89,69.54,No,
VALPROATE,RASH,Skin,1350,1292.2,1.04,1.05,1.05,-0.027,Ordinary,Not in reference set,82.52,18.00,5.63,66.52,No,
METFORMIN,DEHYDRATION,Metabolic,1321,1263.8,1.05,1.05,1.05,-0.027,Ordinary,Not in reference set,82.44,17.87,5.37,67.07,No,
VARENICLINE,DIABETIC KETOACIDOSIS,Metabolic,492,452.2,1.09,1.09,1.10,-0.027,Ordinary,Not in reference set,85.98,20.73,5.89,66.46,No,
CLOZAPINE,PYREXIA,General,1041,988.2,1.05,1.06,1.06,-0.027,Ordinary,Not in reference set,83.48,18.06,5.67,69.26,No,
PANTOPRAZOLE,PNEUMONIA,Infection,1152,1097.5,1.05,1.05,1.06,-0.027,Ordinary,Not in reference set,82.20,18.06,5.99,66.15,No,
MONTELUKAST,PYREXIA,General,1811,1749.3,1.04,1.04,1.04,-0.028,Ordinary,Not in reference set,83.49,17.78,6.46,65.54,No,
SITAGLIPTIN,DYSPNOEA,Respiratory,1177,1122.3,1.05,1.05,1.05,-0.028,Ordinary,Not in reference set,80.88,17.42,5.78,65.85,No,
ALBUTEROL,SOMNOLENCE,Nervous system,1379,1321.7,1.04,1.05,1.05,-0.028,Ordinary,Not in reference set,84.12,17.33,5.22,67.88,No,
DULOXETINE,PRURITUS,Skin,1393,1335.8,1.04,1.05,1.05,-0.028,Ordinary,Not in reference set,85.36,19.53,6.10,67.26,No,
ALBUTEROL,NEUTROPENIA,Blood,816,767.8,1.06,1.07,1.07,-0.028,Ordinary,Not in reference set,81.74,17.28,6.37,68.63,No,
AMLODIPINE,HYPOGLYCAEMIA,Metabolic,1388,1331.0,1.04,1.05,1.05,-0.028,Ordinary,Not in reference set,81.41,17.87,5.40,67.87,No,
ONDANSETRON,NIGHTMARE,Psychiatric,1065,1012.4,1.05,1.06,1.06,-0.028,Ordinary,Not in reference set,83.10,17.18,5.54,68.45,No,
ADALIMUMAB,DIABETIC KETOACIDOSIS,Metabolic,609,566.0,1.08,1.08,1.08,-0.028,Ordinary,Not in reference set,82.59,19.38,4.11,68.64,No,
ATORVASTATIN,TORSADE DE POINTES,Cardiac,651,606.9,1.07,1.08,1.08,-0.028,Ordinary,Not in reference set,82.49,16.59,5.38,68.05,No,
ATORVASTATIN,THROMBOCYTOPENIA,Blood,993,941.8,1.05,1.06,1.06,-0.029,Ordinary,Not in reference set,81.97,18.23,5.84,66.06,No,
ISOTRETINOIN,ARTHRALGIA,Musculoskeletal,947,896.7,1.06,1.06,1.06,-0.029,Ordinary,Not in reference set,82.68,16.79,6.12,67.48,No,
VALPROATE,TREMOR,Nervous system,714,668.6,1.07,1.07,1.07,-0.029,Ordinary,Not in reference set,81.09,18.21,5.60,66.53,No,
ALBUTEROL,HEADACHE,Nervous system,2323,2260.1,1.03,1.03,1.03,-0.029,Ordinary,Not in reference set,82.78,17.69,5.68,66.77,No,
ALLOPURINOL,MALAISE,General,867,818.4,1.06,1.06,1.07,-0.029,Ordinary,Not in reference set,82.35,16.84,6.11,66.44,No,
PANTOPRAZOLE,STEVENS-JOHNSON SYNDROME,Skin,461,422.8,1.09,1.10,1.10,-0.029,Ordinary,Not in reference set,82.86,17.14,5.42,66.81,No,
FUROSEMIDE,NAUSEA,Gastrointestinal,2580,2516.6,1.03,1.03,1.03,-0.029,Ordinary,Not in reference set,82.36,16.67,4.84,68.14,No,
ESOMEPRAZOLE,MYOCARDITIS,Cardiac,439,401.6,1.09,1.10,1.10,-0.029,Ordinary,Not in reference set,82.00,16.63,4.78,64.69,No,
LEVOTHYROXINE,MYALGIA,Musculoskeletal,2169,2107.6,1.03,1.03,1.03,-0.029,Ordinary,Not in reference set,83.13,16.87,5.49,65.88,No,
ADALIMUMAB,PANCYTOPENIA,Blood,621,578.3,1.07,1.08,1.08,-0.030,Ordinary,Not in reference set,81.16,18.04,7.57,65.38,No,
PREDNISONE,PYREXIA,General,1598,1540.8,1.04,1.04,1.04,-0.030,Ordinary,Not in reference set,83.23,18.71,6.26,67.27,No,
LEVOTHYROXINE,DYSPNOEA,Respiratory,2468,2406.7,1.03,1.03,1.03,-0.030,Ordinary,Not in reference set,83.95,17.06,4.74,67.59,No,
ALBUTEROL,RHABDOMYOLYSIS,Musculoskeletal,1004,953.7,1.05,1.06,1.06,-0.030,Ordinary,Not in reference set,84.06,17.03,6.18,68.92,No,
INSULIN GLARGINE,PULMONARY FIBROSIS,Respiratory,499,459.9,1.09,1.09,1.09,-0.030,Ordinary,Not in reference set,82.97,17.64,4.81,67.33,No,
LEVOTHYROXINE,WEIGHT DECREASED,Investigations,1455,1399.5,1.04,1.05,1.05,-0.030,Ordinary,Not in reference set,83.16,16.49,5.22,66.67,No,
HYDROXYCHLOROQUINE,AORTIC ANEURYSM,Vascular,363,328.7,1.10,1.11,1.11,-0.031,Ordinary,Not in reference set,85.67,16.80,4.96,63.64,No,
LISINOPRIL,DIARRHOEA,Gastrointestinal,2549,2488.4,1.02,1.03,1.03,-0.031,Ordinary,Not in reference set,82.46,17.54,5.49,65.99,No,
OMEPRAZOLE,MALAISE,General,1479,1423.9,1.04,1.04,1.04,-0.031,Ordinary,Not in reference set,84.25,16.90,5.54,67.34,No,
CLOZAPINE,ACUTE KIDNEY INJURY,Renal,761,715.7,1.06,1.07,1.07,-0.031,Ordinary,Not in reference set,83.18,17.08,6.04,70.04,No,
GABAPENTIN,NAUSEA,Gastrointestinal,2549,2489.7,1.02,1.03,1.03,-0.031,Ordinary,Not in reference set,83.33,16.79,5.88,65.91,No,
LISINOPRIL,BACK PAIN,Musculoskeletal,1644,1588.0,1.04,1.04,1.04,-0.032,Ordinary,Not in reference set,84.43,18.07,5.84,67.09,No,
LEVOTHYROXINE,MEMORY IMPAIRMENT,Nervous system,1110,1059.2,1.05,1.05,1.06,-0.032,Ordinary,Not in reference set,82.70,16.67,4.77,66.94,No,
GABAPENTIN,WEIGHT DECREASED,Investigations,1077,1026.7,1.05,1.05,1.06,-0.032,Ordinary,Not in reference set,82.64,16.81,6.22,66.95,No,
APIXABAN,COUGH,Respiratory,1195,1143.4,1.05,1.05,1.05,-0.032,Ordinary,Not in reference set,84.02,18.24,4.94,65.94,No,
HYDROXYCHLOROQUINE,VOMITING,Gastrointestinal,1347,1293.9,1.04,1.04,1.05,-0.032,Ordinary,Not in reference set,82.26,17.82,5.20,65.18,No,
TRAMADOL,AGRANULOCYTOSIS,Blood,636,593.8,1.07,1.08,1.08,-0.032,Ordinary,Not in reference set,82.23,16.67,5.82,68.40,No,
INSULIN GLARGINE,HYPERKALAEMIA,Metabolic,635,592.8,1.07,1.08,1.08,-0.032,Ordinary,Not in reference set,83.94,14.96,5.98,66.77,No,
DULOXETINE,ARTHRALGIA,Musculoskeletal,1419,1365.4,1.04,1.04,1.04,-0.032,Ordinary,Not in reference set,83.44,16.00,5.43,68.57,No,
VARENICLINE,ABDOMINAL PAIN,Gastrointestinal,945,896.9,1.05,1.06,1.06,-0.032,Ordinary,Not in reference set,83.39,17.78,4.55,67.94,No,
CANAGLIFLOZIN,DRUG INEFFECTIVE,General,1318,1265.5,1.04,1.04,1.05,-0.032,Ordinary,Not in reference set,82.70,20.18,4.78,66.77,No,
FUROSEMIDE,MUSCULAR WEAKNESS,Musculoskeletal,1078,1028.4,1.05,1.05,1.05,-0.033,Ordinary,Not in reference set,83.58,16.98,5.94,66.88,No,
CELECOXIB,ANXIETY,Psychiatric,1019,970.2,1.05,1.05,1.06,-0.033,Ordinary,Not in reference set,81.35,17.96,5.00,67.12,No,
ALBUTEROL,DEPRESSION,Psychiatric,2238,2181.1,1.03,1.03,1.03,-0.033,Ordinary,Not in reference set,83.96,17.83,5.05,68.05,No,
CLOZAPINE,STEVENS-JOHNSON SYNDROME,Skin,339,306.2,1.11,1.11,1.12,-0.033,Ordinary,Not in reference set,79.06,20.06,5.01,68.14,No,
FUROSEMIDE,BACK PAIN,Musculoskeletal,1340,1287.8,1.04,1.04,1.05,-0.033,Ordinary,Not in reference set,82.46,16.27,5.52,68.43,No,
LEVOTHYROXINE,ARTHRALGIA,Musculoskeletal,2477,2420.6,1.02,1.03,1.03,-0.033,Ordinary,Not in reference set,82.92,17.32,5.21,66.53,No,
CLOPIDOGREL,VOMITING,Gastrointestinal,1838,1783.0,1.03,1.03,1.04,-0.033,Ordinary,Not in reference set,82.97,18.88,5.77,67.30,No,
WARFARIN,VOMITING,Gastrointestinal,2083,2027.4,1.03,1.03,1.03,-0.033,Ordinary,Not in reference set,82.57,17.86,5.33,68.03,No,
TRAMADOL,DIZZINESS,Nervous system,1838,1783.3,1.03,1.03,1.04,-0.033,Ordinary,Not in reference set,83.13,15.72,6.42,67.95,No,
APIXABAN,DYSPNOEA,Respiratory,1395,1342.9,1.04,1.04,1.04,-0.033,Ordinary,Not in reference set,84.23,18.42,6.16,66.52,No,
LEVOTHYROXINE,VOMITING,Gastrointestinal,2811,2756.0,1.02,1.02,1.02,-0.034,Ordinary,Not in reference set,83.85,19.14,5.69,66.31,No,
IBUPROFEN,DIARRHOEA,Gastrointestinal,2301,2245.6,1.02,1.03,1.03,-0.034,Ordinary,Not in reference set,81.44,18.43,5.08,66.75,No,
IBUPROFEN,MYALGIA,Musculoskeletal,1793,1739.3,1.03,1.03,1.04,-0.034,Ordinary,Not in reference set,83.55,16.23,5.63,66.65,No,
METFORMIN,HYPONATRAEMIA,Metabolic,1270,1219.8,1.04,1.05,1.05,-0.034,Ordinary,Not in reference set,82.68,16.06,6.22,66.38,No,
SITAGLIPTIN,WEIGHT DECREASED,Investigations,695,652.6,1.06,1.07,1.07,-0.035,Ordinary,Not in reference set,81.15,14.68,6.91,67.34,No,
APIXABAN,NAUSEA,Gastrointestinal,1947,1893.6,1.03,1.03,1.03,-0.035,Ordinary,Not in reference set,83.00,16.90,4.67,66.20,No,
VALPROATE,NAUSEA,Gastrointestinal,1663,1610.6,1.03,1.03,1.04,-0.035,Ordinary,Not in reference set,83.46,17.98,5.53,67.11,No,
AMLODIPINE,RESPIRATORY DEPRESSION,Respiratory,978,931.2,1.05,1.06,1.06,-0.035,Ordinary,Not in reference set,82.62,18.40,4.19,64.21,No,
LEVOTHYROXINE,AGRANULOCYTOSIS,Blood,960,913.6,1.05,1.06,1.06,-0.035,Ordinary,Not in reference set,81.98,18.23,5.10,65.83,No,
HYDROXYCHLOROQUINE,NAUSEA,Gastrointestinal,1645,1593.3,1.03,1.03,1.04,-0.035,Ordinary,Not in reference set,82.67,17.14,4.62,64.74,No,
ALBUTEROL,WEIGHT DECREASED,Investigations,1087,1039.2,1.05,1.05,1.05,-0.035,Ordinary,Not in reference set,81.78,16.65,6.35,67.80,No,
LEVOFLOXACIN,FATIGUE,General,2051,1998.5,1.03,1.03,1.03,-0.036,Ordinary,Not in reference set,83.28,18.04,5.85,65.97,No,
ADALIMUMAB,HEADACHE,Nervous system,1477,1426.3,1.04,1.04,1.04,-0.036,Ordinary,Not in reference set,82.53,18.21,5.35,66.15,No,
GABAPENTIN,TREMOR,Nervous system,1081,1033.5,1.05,1.05,1.05,-0.036,Ordinary,Not in reference set,82.98,17.85,5.64,68.09,No,
OMEPRAZOLE,TACHYCARDIA,Cardiac,1497,1446.4,1.03,1.04,1.04,-0.036,Ordinary,Not in reference set,83.43,16.97,5.54,69.00,No,
APIXABAN,PRURITUS,Skin,1371,1321.3,1.04,1.04,1.04,-0.036,Ordinary,Not in reference set,84.90,15.90,4.52,69.66,No,
ONDANSETRON,LACTIC ACIDOSIS,Metabolic,784,740.7,1.06,1.06,1.07,-0.036,Ordinary,Not in reference set,83.16,17.09,4.21,65.82,No,
ALBUTEROL,DIARRHOEA,Gastrointestinal,2072,2020.7,1.03,1.03,1.03,-0.036,Ordinary,Not in reference set,82.72,17.08,5.45,67.47,No,
DULOXETINE,DIZZINESS,Nervous system,1598,1547.7,1.03,1.03,1.04,-0.037,Ordinary,Not in reference set,84.48,16.96,5.26,65.08,No,
INSULIN GLARGINE,PRURITUS,Skin,1372,1322.9,1.04,1.04,1.04,-0.037,Ordinary,Not in reference set,83.09,17.20,5.47,67.35,No,
ATORVASTATIN,RASH,Skin,2536,2485.6,1.02,1.02,1.02,-0.037,Ordinary,Not in reference set,83.28,17.90,6.39,65.77,No,
FEBUXOSTAT,MEMORY IMPAIRMENT,Nervous system,439,403.7,1.09,1.09,1.09,-0.037,Ordinary,Not in reference set,85.19,16.17,6.15,65.38,No,
OMEPRAZOLE,COUGH,Respiratory,1740,1689.7,1.03,1.03,1.03,-0.037,Ordinary,Not in reference set,84.25,17.53,5.69,67.13,No,
TAMSULOSIN,NAUSEA,Gastrointestinal,1631,1581.0,1.03,1.03,1.04,-0.037,Ordinary,Not in reference set,83.45,15.45,5.82,67.38,No,
GABAPENTIN,PNEUMONIA,Infection,1282,1234.1,1.04,1.04,1.04,-0.037,Ordinary,Not in reference set,84.48,18.49,4.68,68.10,No,
ONDANSETRON,HYPONATRAEMIA,Metabolic,1029,983.4,1.05,1.05,1.05,-0.038,Ordinary,Not in reference set,83.77,15.55,4.47,64.53,No,
GABAPENTIN,HYPOTENSION,Vascular,1357,1309.1,1.04,1.04,1.04,-0.038,Ordinary,Not in reference set,83.12,17.69,6.04,68.53,No,
WARFARIN,ANAEMIA,Blood,1327,1279.2,1.04,1.04,1.04,-0.038,Ordinary,Not in reference set,82.06,16.96,6.25,65.94,No,
ROSUVASTATIN,DEHYDRATION,Metabolic,1061,1015.2,1.05,1.05,1.05,-0.038,Ordinary,Not in reference set,83.03,17.34,4.43,66.92,No,
LEVOFLOXACIN,MYOCARDIAL INFARCTION,Cardiac,1220,1173.2,1.04,1.04,1.05,-0.038,Ordinary,Not in reference set,81.15,17.38,5.98,66.23,No,
ESOMEPRAZOLE,AGGRESSION,Psychiatric,496,459.5,1.08,1.09,1.09,-0.038,Ordinary,Not in reference set,82.06,20.36,4.23,65.73,No,
VALPROATE,HALLUCINATION,Psychiatric,371,338.2,1.10,1.10,1.11,-0.038,Ordinary,Not in reference set,83.29,17.52,5.93,67.65,No,
AMIODARONE,NEUTROPENIA,Blood,521,484.0,1.08,1.08,1.08,-0.039,Ordinary,Not in reference set,82.92,19.58,5.95,69.10,No,
CANAGLIFLOZIN,DEPRESSION,Psychiatric,1404,1356.6,1.03,1.04,1.04,-0.039,Ordinary,Not in reference set,81.34,17.88,6.27,69.09,No,
CANAGLIFLOZIN,ARTHRALGIA,Musculoskeletal,1164,1118.0,1.04,1.04,1.05,-0.039,Ordinary,Not in reference set,84.02,17.61,6.36,67.44,No,
LEVOFLOXACIN,CONSTIPATION,Gastrointestinal,1386,1339.0,1.04,1.04,1.04,-0.039,Ordinary,Not in reference set,84.20,17.68,6.06,66.23,No,
AZITHROMYCIN,SEIZURE,Nervous system,727,686.1,1.06,1.06,1.07,-0.039,Ordinary,Not in reference set,85.97,15.82,4.68,64.92,No,
WARFARIN,CONSTIPATION,Gastrointestinal,1565,1517.6,1.03,1.03,1.04,-0.039,Ordinary,Not in reference set,84.35,17.19,5.11,67.86,No,
PANTOPRAZOLE,SUICIDAL IDEATION,Psychiatric,1419,1372.0,1.03,1.04,1.04,-0.039,Ordinary,Not in reference set,81.75,16.00,5.36,68.22,No,
ATORVASTATIN,FATIGUE,General,2855,2810.9,1.02,1.02,1.02,-0.039,Ordinary,Not in reference set,83.43,18.39,4.90,67.29,No,
CIPROFLOXACIN,ANGIOEDEMA,Skin,732,691.2,1.06,1.06,1.07,-0.039,Ordinary,Not in reference set,83.74,18.58,4.23,67.49,No,
CELECOXIB,FATIGUE,General,1492,1445.2,1.03,1.03,1.04,-0.039,Ordinary,Not in reference set,84.38,16.96,5.70,68.50,No,
ADALIMUMAB,ABDOMINAL PAIN,Gastrointestinal,1168,1122.7,1.04,1.04,1.05,-0.040,Ordinary,Not in reference set,84.16,18.66,6.59,69.01,No,
TAMSULOSIN,ALOPECIA,Skin,680,640.3,1.06,1.07,1.07,-0.040,Ordinary,Not in reference set,82.65,15.15,6.18,66.32,No,
FEBUXOSTAT,AMPUTATION,Procedural,277,248.1,1.12,1.12,1.12,-0.040,Ordinary,Not in reference set,80.14,15.52,5.05,66.06,No,
ONDANSETRON,RASH,Skin,2054,2007.7,1.02,1.03,1.03,-0.040,Ordinary,Not in reference set,83.50,17.72,5.21,68.31,No,
GABAPENTIN,LACTIC ACIDOSIS,Metabolic,778,736.9,1.06,1.06,1.06,-0.040,Ordinary,Not in reference set,83.29,16.45,6.04,66.20,No,
CLOPIDOGREL,DIZZINESS,Nervous system,1821,1775.1,1.03,1.03,1.03,-0.041,Ordinary,Not in reference set,82.76,17.57,5.05,68.15,No,
CLOZAPINE,PARAESTHESIA,Nervous system,708,668.1,1.06,1.06,1.07,-0.041,Ordinary,Not in reference set,82.06,17.80,5.08,68.79,No,
PREDNISONE,URTICARIA,Skin,1328,1282.8,1.04,1.04,1.04,-0.041,Ordinary,Not in reference set,82.15,18.00,6.17,67.92,No,
CANAGLIFLOZIN,CONSTIPATION,Gastrointestinal,996,952.9,1.05,1.05,1.05,-0.041,Ordinary,Not in reference set,84.24,19.88,4.92,65.76,No,
CELECOXIB,DEHYDRATION,Metabolic,688,648.5,1.06,1.06,1.07,-0.041,Ordinary,Not in reference set,84.88,14.68,4.51,67.30,No,
IBUPROFEN,AGGRESSION,Psychiatric,622,583.7,1.07,1.07,1.07,-0.041,Ordinary,Not in reference set,81.99,16.08,7.56,68.17,No,
METFORMIN,PANCYTOPENIA,Blood,1173,1128.7,1.04,1.04,1.05,-0.041,Ordinary,Not in reference set,84.31,18.76,5.97,65.98,No,
HYDROXYCHLOROQUINE,TREMOR,Nervous system,701,661.4,1.06,1.06,1.07,-0.041,Ordinary,Not in reference set,83.31,18.83,4.99,67.19,No,
SERTRALINE,ANGIOEDEMA,Skin,821,779.8,1.05,1.06,1.06,-0.041,Ordinary,Not in reference set,82.22,15.83,5.72,66.87,No,
PANTOPRAZOLE,NAUSEA,Gastrointestinal,2258,2214.2,1.02,1.02,1.02,-0.041,Ordinary,Not in reference set,84.81,16.43,4.78,66.43,No,
PREDNISONE,MYALGIA,Musculoskeletal,1598,1552.8,1.03,1.03,1.03,-0.041,Ordinary,Not in reference set,84.23,17.52,6.51,67.08,No,
ADALIMUMAB,MYOCARDIAL INFARCTION,Cardiac,889,847.2,1.05,1.05,1.05,-0.041,Ordinary,Not in reference set,81.78,16.65,6.52,65.80,No,
LEVOTHYROXINE,PRURITUS,Skin,2411,2368.0,1.02,1.02,1.02,-0.041,Ordinary,Not in reference set,82.91,15.80,5.06,67.57,No,
INSULIN GLARGINE,GASTROINTESTINAL HAEMORRHAGE,Gastrointestinal,1205,1160.9,1.04,1.04,1.04,-0.041,Ordinary,Not in reference set,80.91,16.60,6.31,67.39,No,
PREDNISONE,PULMONARY FIBROSIS,Respiratory,645,606.5,1.06,1.07,1.07,-0.041,Ordinary,Not in reference set,84.65,18.29,7.13,66.82,No,
GABAPENTIN,COUGH,Respiratory,1548,1503.4,1.03,1.03,1.03,-0.042,Ordinary,Not in reference set,82.36,16.28,4.91,68.73,No,
CELECOXIB,DEPRESSION,Psychiatric,1423,1378.5,1.03,1.03,1.04,-0.042,Ordinary,Not in reference set,84.12,16.73,5.48,65.21,No,
CLOZAPINE,DRUG INEFFECTIVE,General,1339,1294.7,1.03,1.04,1.04,-0.042,Ordinary,Not in reference set,82.60,17.48,5.00,66.69,No,
AZITHROMYCIN,HEADACHE,Nervous system,2022,1978.7,1.02,1.02,1.03,-0.042,Ordinary,Not in reference set,83.93,16.57,6.23,66.02,No,
VARENICLINE,MYOCARDIAL INFARCTION,Cardiac,716,676.8,1.06,1.06,1.06,-0.042,Ordinary,Not in reference set,80.73,17.74,5.17,65.50,No,
CIPROFLOXACIN,NAUSEA,Gastrointestinal,2250,2208.0,1.02,1.02,1.02,-0.042,Ordinary,Not in reference set,84.04,18.53,6.18,66.00,No,
METFORMIN,OFF LABEL USE,General,1636,1592.1,1.03,1.03,1.03,-0.042,Ordinary,Not in reference set,82.40,16.99,6.23,68.28,No,
ONDANSETRON,HYPERKALAEMIA,Metabolic,823,782.5,1.05,1.06,1.06,-0.042,Ordinary,Not in reference set,84.93,15.43,5.71,66.10,No,
GABAPENTIN,DYSPNOEA,Respiratory,1809,1765.6,1.02,1.03,1.03,-0.043,Ordinary,Not in reference set,84.63,16.53,4.53,67.16,No,
VALPROATE,MYOCARDIAL INFARCTION,Cardiac,899,857.9,1.05,1.05,1.05,-0.043,Ordinary,Not in reference set,84.20,18.02,6.34,66.85,No,
PREDNISONE,DIZZINESS,Nervous system,2064,2021.6,1.02,1.02,1.02,-0.043,Ordinary,Not in reference set,83.24,16.52,5.77,66.09,No,
DULOXETINE,DRUG INEFFECTIVE,General,1589,1545.6,1.03,1.03,1.03,-0.043,Ordinary,Not in reference set,82.38,17.18,5.29,67.28,No,
INSULIN GLARGINE,TORSADE DE POINTES,Cardiac,404,371.4,1.09,1.09,1.10,-0.043,Ordinary,Not in reference set,82.43,18.56,6.44,70.30,No,
PANTOPRAZOLE,ABDOMINAL PAIN,Gastrointestinal,1606,1563.0,1.03,1.03,1.03,-0.043,Ordinary,Not in reference set,82.63,16.19,5.85,66.75,No,
FUROSEMIDE,CARDIAC ARREST,Cardiac,566,529.7,1.07,1.08,1.08,-0.043,Ordinary,Not in reference set,84.28,18.90,6.36,67.14,No,
OMEPRAZOLE,DYSPNOEA,Respiratory,2026,1984.4,1.02,1.02,1.02,-0.043,Ordinary,Not in reference set,84.75,15.65,6.17,67.97,No,
FUROSEMIDE,DYSPNOEA,Respiratory,1827,1784.7,1.02,1.03,1.03,-0.043,Ordinary,Not in reference set,83.47,18.50,5.36,67.54,No,
LISINOPRIL,ANGIOEDEMA,Skin,1013,971.5,1.04,1.05,1.05,-0.043,Ordinary,Not in reference set,84.70,18.76,5.43,68.90,No,
MONTELUKAST,DRUG INEFFECTIVE,General,2331,2291.8,1.02,1.02,1.02,-0.044,Ordinary,Not in reference set,83.61,17.80,5.23,67.48,No,
WARFARIN,NEUTROPENIA,Blood,800,760.6,1.05,1.06,1.06,-0.044,Ordinary,Not in reference set,82.88,16.63,4.38,66.13,No,
LEVOFLOXACIN,DEPRESSION,Psychiatric,1947,1906.3,1.02,1.02,1.02,-0.044,Ordinary,Not in reference set,82.85,17.00,6.68,66.46,No,
LISINOPRIL,PNEUMONIA,Infection,1580,1538.3,1.03,1.03,1.03,-0.045,Ordinary,Not in reference set,81.71,16.90,5.76,66.84,No,
IBUPROFEN,DYSPNOEA,Respiratory,2026,1986.1,1.02,1.02,1.02,-0.045,Ordinary,Not in reference set,83.32,16.04,5.13,67.77,No,
IBUPROFEN,COUGH,Respiratory,1732,1691.1,1.02,1.03,1.03,-0.045,Ordinary,Not in reference set,83.31,17.55,6.06,66.22,No,
AMIODARONE,MYALGIA,Musculoskeletal,1027,986.5,1.04,1.04,1.05,-0.045,Ordinary,Not in reference set,83.35,14.31,5.94,68.35,No,
LEVOTHYROXINE,COUGH,Respiratory,2088,2049.2,1.02,1.02,1.02,-0.045,Ordinary,Not in reference set,83.48,16.09,5.75,66.91,No,
PREDNISONE,DIARRHOEA,Gastrointestinal,2044,2004.9,1.02,1.02,1.02,-0.045,Ordinary,Not in reference set,83.71,16.63,5.63,67.81,No,
METFORMIN,DEPRESSION,Psychiatric,2720,2686.3,1.01,1.01,1.02,-0.045,Ordinary,Not in reference set,82.35,18.38,5.66,67.24,No,
MONTELUKAST,OFF LABEL USE,General,1497,1456.0,1.03,1.03,1.03,-0.045,Ordinary,Not in reference set,83.30,16.57,6.08,67.60,No,
METFORMIN,ALOPECIA,Skin,1298,1257.0,1.03,1.04,1.04,-0.045,Ordinary,Not in reference set,82.59,18.10,6.24,67.10,No,
PANTOPRAZOLE,MYALGIA,Musculoskeletal,1416,1375.1,1.03,1.03,1.03,-0.045,Ordinary,Not in reference set,83.97,17.16,5.01,68.64,No,
SITAGLIPTIN,MUSCULAR WEAKNESS,Musculoskeletal,684,646.7,1.06,1.06,1.06,-0.045,Ordinary,Not in reference set,82.75,16.81,5.26,66.52,No,
VARENICLINE,CONFUSIONAL STATE,Psychiatric,554,518.7,1.07,1.07,1.07,-0.045,Ordinary,Not in reference set,83.75,17.15,5.05,69.68,No,
IBUPROFEN,DRUG INEFFECTIVE,General,2298,2261.1,1.02,1.02,1.02,-0.046,Ordinary,Not in reference set,82.90,16.67,6.01,67.28,No,
HYDROXYCHLOROQUINE,DIZZINESS,Nervous system,1329,1288.2,1.03,1.03,1.04,-0.046,Ordinary,Not in reference set,83.67,17.91,5.19,65.16,No,
VALPROATE,HYPONATRAEMIA,Metabolic,670,633.0,1.06,1.06,1.06,-0.046,Ordinary,Not in reference set,82.54,16.12,6.57,65.67,No,
ALLOPURINOL,OFF LABEL USE,General,864,825.0,1.05,1.05,1.05,-0.046,Ordinary,Not in reference set,84.49,19.10,4.98,68.06,No,
GABAPENTIN,DIZZINESS,Nervous system,2051,2012.9,1.02,1.02,1.02,-0.046,Ordinary,Not in reference set,82.89,15.94,5.75,65.77,No,
DULOXETINE,CONFUSIONAL STATE,Psychiatric,820,781.4,1.05,1.05,1.05,-0.046,Ordinary,Not in reference set,83.54,16.83,5.37,68.05,No,
ROSUVASTATIN,ANGIOEDEMA,Skin,819,780.5,1.05,1.05,1.06,-0.046,Ordinary,Not in reference set,83.76,19.78,6.35,66.42,No,
FEBUXOSTAT,DIARRHOEA,Gastrointestinal,1077,1037.0,1.04,1.04,1.04,-0.046,Ordinary,Not in reference set,82.36,16.81,5.76,67.50,No,
LEVOFLOXACIN,MEMORY IMPAIRMENT,Nervous system,725,687.5,1.05,1.06,1.06,-0.046,Ordinary,Not in reference set,84.69,15.59,5.38,65.24,No,
ADALIMUMAB,ALOPECIA,Skin,681,644.1,1.06,1.06,1.06,-0.046,Ordinary,Not in reference set,82.67,18.06,4.99,71.37,No,
METFORMIN,VOMITING,Gastrointestinal,2554,2520.6,1.01,1.01,1.02,-0.046,Ordinary,Not in reference set,83.63,16.80,5.64,66.91,No,
OMEPRAZOLE,FOETAL MALFORMATION,Congenital,740,702.4,1.05,1.06,1.06,-0.046,Ordinary,Not in reference set,84.05,15.95,6.35,67.43,No,
APIXABAN,AGGRESSION,Psychiatric,427,394.7,1.08,1.09,1.09,-0.046,Ordinary,Not in reference set,84.31,15.46,5.39,67.68,No,
LEVOFLOXACIN,BACK PAIN,Musculoskeletal,1167,1127.1,1.04,1.04,1.04,-0.046,Ordinary,Not in reference set,83.55,16.37,5.31,66.84,No,
LISINOPRIL,COUGH,Respiratory,1912,1874.0,1.02,1.02,1.02,-0.047,Ordinary,Not in reference set,83.68,17.52,4.65,67.73,No,
CELECOXIB,NAUSEA,Gastrointestinal,1632,1592.7,1.02,1.03,1.03,-0.047,Ordinary,Not in reference set,83.09,16.85,6.13,66.12,No,
ADALIMUMAB,DEPRESSION,Psychiatric,1416,1376.5,1.03,1.03,1.03,-0.047,Ordinary,Not in reference set,81.78,17.87,6.00,67.09,No,
METHOTREXATE,ARTHRALGIA,Musculoskeletal,1395,1355.6,1.03,1.03,1.03,-0.047,Ordinary,Not in reference set,82.58,17.78,5.88,66.81,No,
PREDNISONE,AGRANULOCYTOSIS,Blood,710,673.1,1.05,1.06,1.06,-0.047,Ordinary,Not in reference set,82.11,17.04,5.21,67.89,No,
LEVOFLOXACIN,GASTROINTESTINAL HAEMORRHAGE,Gastrointestinal,1388,1348.7,1.03,1.03,1.03,-0.047,Ordinary,Not in reference set,85.37,19.31,4.76,66.21,No,
LISINOPRIL,VOMITING,Gastrointestinal,2552,2520.3,1.01,1.01,1.02,-0.047,Ordinary,Not in reference set,84.13,17.95,5.25,67.20,No,
ADALIMUMAB,CONGENITAL ANOMALY,Congenital,183,159.6,1.15,1.16,1.16,-0.047,Ordinary,Not in reference set,84.70,19.13,4.92,69.40,No,
LEVOFLOXACIN,OFF LABEL USE,General,1169,1129.8,1.03,1.04,1.04,-0.047,Ordinary,Not in reference set,84.17,17.62,5.13,66.38,No,
CELECOXIB,PHOTOSENSITIVITY REACTION,Skin,362,331.6,1.09,1.10,1.10,-0.047,Ordinary,Not in reference set,80.66,15.75,6.63,63.81,No,
PREDNISONE,NAUSEA,Gastrointestinal,2532,2500.4,1.01,1.01,1.02,-0.048,Ordinary,Not in reference set,82.70,16.94,4.70,67.65,No,
LISINOPRIL,MYOCARDIAL INFARCTION,Cardiac,1691,1653.1,1.02,1.03,1.03,-0.048,Ordinary,Not in reference set,82.32,17.74,6.09,64.87,No,
OMEPRAZOLE,PNEUMONIA,Infection,1426,1387.1,1.03,1.03,1.03,-0.048,Ordinary,Not in reference set,81.98,16.06,5.68,66.76,No,
METFORMIN,WEIGHT DECREASED,Investigations,1319,1279.9,1.03,1.03,1.04,-0.048,Ordinary,Not in reference set,82.34,16.60,4.85,65.58,No,
LEVOTHYROXINE,FOETAL MALFORMATION,Congenital,890,851.9,1.04,1.05,1.05,-0.048,Ordinary,Not in reference set,82.92,17.42,6.97,67.19,No,
ISOTRETINOIN,HYPERTENSION,Vascular,678,641.7,1.06,1.06,1.06,-0.048,Ordinary,Not in reference set,85.25,18.58,5.46,68.58,No,
LISINOPRIL,NAUSEA,Gastrointestinal,3128,3103.4,1.01,1.01,1.01,-0.048,Ordinary,Not in reference set,83.60,16.94,6.14,66.05,No,
AZITHROMYCIN,MYOCARDITIS,Cardiac,434,401.9,1.08,1.09,1.09,-0.048,Ordinary,Not in reference set,81.34,15.90,5.53,70.97,No,
METFORMIN,CONSTIPATION,Gastrointestinal,1923,1886.8,1.02,1.02,1.02,-0.048,Ordinary,Not in reference set,84.30,17.21,5.15,67.39,No,
AZITHROMYCIN,DIARRHOEA,Gastrointestinal,1806,1769.1,1.02,1.02,1.02,-0.048,Ordinary,Not in reference set,83.78,18.00,5.26,67.28,No,
CLOPIDOGREL,MYALGIA,Musculoskeletal,1402,1363.5,1.03,1.03,1.03,-0.048,Ordinary,Not in reference set,84.45,17.83,5.63,66.26,No,
OMEPRAZOLE,CONFUSIONAL STATE,Psychiatric,1181,1142.3,1.03,1.04,1.04,-0.048,Ordinary,Not in reference set,82.73,17.78,5.42,69.35,No,
TAMSULOSIN,COUGH,Respiratory,993,954.7,1.04,1.04,1.04,-0.048,Ordinary,Not in reference set,84.69,17.82,6.34,68.18,No,
HYDROXYCHLOROQUINE,ANAEMIA,Blood,854,816.4,1.05,1.05,1.05,-0.048,Ordinary,Not in reference set,82.20,18.97,6.44,64.52,No,
VARENICLINE,TACHYCARDIA,Cardiac,693,656.8,1.06,1.06,1.06,-0.048,Ordinary,Not in reference set,83.55,17.03,5.19,69.12,No,
SERTRALINE,TACHYCARDIA,Cardiac,1326,1287.6,1.03,1.03,1.03,-0.048,Ordinary,Not in reference set,82.96,16.89,5.20,67.57,No,
METFORMIN,SOMNOLENCE,Nervous system,1665,1627.9,1.02,1.03,1.03,-0.048,Ordinary,Not in reference set,84.62,18.74,5.47,66.79,No,
IBUPROFEN,MALAISE,General,1463,1425.1,1.03,1.03,1.03,-0.048,Ordinary,Not in reference set,83.73,16.95,5.95,68.15,No,
SITAGLIPTIN,RASH,Skin,1308,1269.7,1.03,1.03,1.03,-0.048,Ordinary,Not in reference set,82.65,16.51,5.12,67.97,No,
METFORMIN,RHABDOMYOLYSIS,Musculoskeletal,1213,1174.6,1.03,1.04,1.04,-0.048,Ordinary,Not in reference set,84.01,17.07,6.18,67.44,No,
PREDNISONE,PRURITUS,Skin,1781,1744.7,1.02,1.02,1.02,-0.049,Ordinary,Not in reference set,83.94,18.30,5.45,67.10,No,
OMEPRAZOLE,ATRIAL FIBRILLATION,Cardiac,1156,1117.7,1.03,1.04,1.04,-0.049,Ordinary,Not in reference set,83.48,16.35,5.02,67.56,No,
ATORVASTATIN,NAUSEA,Gastrointestinal,3120,3098.0,1.01,1.01,1.01,-0.049,Ordinary,Not in reference set,83.30,16.76,5.13,66.06,No,
PANTOPRAZOLE,DIARRHOEA,Gastrointestinal,1811,1775.4,1.02,1.02,1.02,-0.049,Ordinary,Not in reference set,81.83,17.45,5.30,65.71,No,
LEVOTHYROXINE,TACHYCARDIA,Cardiac,1790,1754.2,1.02,1.02,1.02,-0.049,Ordinary,Not in reference set,81.90,16.48,5.14,65.03,No,
ATORVASTATIN,BACK PAIN,Musculoskeletal,1622,1585.3,1.02,1.03,1.03,-0.049,Ordinary,Not in reference set,83.29,17.26,5.55,64.43,No,
FUROSEMIDE,RHABDOMYOLYSIS,Musculoskeletal,990,952.4,1.04,1.04,1.04,-0.049,Ordinary,Not in reference set,84.75,17.07,4.65,67.07,No,
ISOTRETINOIN,INSOMNIA,Psychiatric,942,904.7,1.04,1.04,1.05,-0.049,Ordinary,Not in reference set,81.00,15.82,5.10,68.37,No,
LEVOTHYROXINE,ANGIOEDEMA,Skin,1100,1062.4,1.04,1.04,1.04,-0.049,Ordinary,Not in reference set,83.82,18.00,5.27,67.18,No,
LISINOPRIL,HYPERKALAEMIA,Metabolic,1008,970.5,1.04,1.04,1.04,-0.049,Ordinary,Not in reference set,82.24,18.25,6.55,67.96,No,
ROSUVASTATIN,TENDON RUPTURE,Musculoskeletal,1174,1136.4,1.03,1.04,1.04,-0.049,Ordinary,Not in reference set,83.90,17.55,4.26,65.16,No,
SERTRALINE,MYOCARDIAL INFARCTION,Cardiac,1364,1326.8,1.03,1.03,1.03,-0.050,Ordinary,Not in reference set,82.84,17.52,5.57,65.18,No,
ROSUVASTATIN,TACHYCARDIA,Cardiac,1326,1288.7,1.03,1.03,1.03,-0.050,Ordinary,Not in reference set,83.63,17.57,6.18,67.12,No,
WARFARIN,WEIGHT DECREASED,Investigations,1067,1029.5,1.04,1.04,1.04,-0.050,Ordinary,Not in reference set,81.16,14.71,5.53,67.39,No,
ONDANSETRON,PULMONARY FIBROSIS,Respiratory,642,607.0,1.06,1.06,1.06,-0.050,Ordinary,Not in reference set,83.49,15.89,6.85,67.76,No,
HYDROXYCHLOROQUINE,RESPIRATORY DEPRESSION,Respiratory,516,482.8,1.07,1.07,1.07,-0.050,Ordinary,Not in reference set,84.88,16.09,4.07,65.31,No,
IBUPROFEN,ABDOMINAL PAIN,Gastrointestinal,2010,1977.0,1.02,1.02,1.02,-0.050,Ordinary,Not in reference set,81.44,17.01,5.07,67.91,No,
ADALIMUMAB,HYPONATRAEMIA,Metabolic,660,625.0,1.06,1.06,1.06,-0.050,Ordinary,Not in reference set,83.48,18.48,5.30,67.27,No,
ONDANSETRON,ARTHRALGIA,Musculoskeletal,1819,1784.8,1.02,1.02,1.02,-0.050,Ordinary,Not in reference set,84.06,17.21,5.61,67.07,No,
SITAGLIPTIN,NAUSEA,Gastrointestinal,1618,1582.5,1.02,1.02,1.03,-0.050,Ordinary,Not in reference set,81.77,16.75,6.06,68.54,No,
ROSUVASTATIN,TREMOR,Nervous system,1072,1034.9,1.04,1.04,1.04,-0.050,Ordinary,Not in reference set,82.37,15.21,5.13,64.18,No,
SERTRALINE,DIZZINESS,Nervous system,2046,2013.9,1.02,1.02,1.02,-0.050,Ordinary,Not in reference set,82.89,17.60,5.28,66.32,No,
ROSUVASTATIN,PYREXIA,General,1572,1536.4,1.02,1.03,1.03,-0.050,Ordinary,Not in reference set,83.91,17.43,6.04,65.46,No,
TAMSULOSIN,DIZZINESS,Nervous system,1315,1278.3,1.03,1.03,1.03,-0.050,Ordinary,Not in reference set,83.88,18.56,5.17,66.62,No,
CLOZAPINE,ABDOMINAL PAIN,Gastrointestinal,1169,1132.0,1.03,1.03,1.04,-0.050,Ordinary,Not in reference set,82.29,16.94,6.24,65.70,No,
MONTELUKAST,PNEUMONIA,Infection,1443,1407.1,1.03,1.03,1.03,-0.051,Ordinary,Not in reference set,82.33,16.70,5.54,67.43,No,
AMLODIPINE,ALOPECIA,Skin,1281,1244.5,1.03,1.03,1.03,-0.051,Ordinary,Not in reference set,84.86,15.30,6.09,67.99,No,
ALBUTEROL,STEVENS-JOHNSON SYNDROME,Skin,514,481.2,1.07,1.07,1.08,-0.051,Ordinary,Not in reference set,85.41,18.48,5.06,67.90,No,
OMEPRAZOLE,VOMITING,Gastrointestinal,2301,2272.5,1.01,1.01,1.01,-0.051,Ordinary,Not in reference set,83.57,15.99,5.69,67.10,No,
SERTRALINE,VOMITING,Gastrointestinal,2054,2022.9,1.02,1.02,1.02,-0.051,Ordinary,Not in reference set,82.52,17.04,5.50,66.65,No,
OMEPRAZOLE,INSOMNIA,Psychiatric,2045,2013.7,1.02,1.02,1.02,-0.051,Ordinary,Not in reference set,81.47,15.70,5.48,66.45,No,
VALPROATE,VOMITING,Gastrointestinal,1344,1308.0,1.03,1.03,1.03,-0.051,Ordinary,Not in reference set,82.51,17.34,5.43,66.00,No,
CIPROFLOXACIN,PNEUMONIA,Infection,1131,1094.5,1.03,1.04,1.04,-0.051,Ordinary,Not in reference set,82.76,18.30,6.01,69.58,No,
MONTELUKAST,HYPERKALAEMIA,Metabolic,924,887.7,1.04,1.05,1.05,-0.051,Ordinary,Not in reference set,82.68,19.59,4.87,66.67,No,
CELECOXIB,OFF LABEL USE,General,853,817.0,1.04,1.05,1.05,-0.051,Ordinary,Not in reference set,84.99,18.17,4.45,69.17,No,
AZITHROMYCIN,DIABETIC KETOACIDOSIS,Metabolic,821,785.1,1.05,1.05,1.05,-0.051,Ordinary,Not in reference set,83.31,16.32,4.02,66.38,No,
MONTELUKAST,ABDOMINAL PAIN,Gastrointestinal,2035,2003.8,1.02,1.02,1.02,-0.051,Ordinary,Not in reference set,82.85,16.90,5.75,66.49,No,
ESOMEPRAZOLE,DEHYDRATION,Metabolic,934,897.7,1.04,1.04,1.05,-0.051,Ordinary,Not in reference set,83.40,19.38,3.96,65.31,No,
WARFARIN,MEMORY IMPAIRMENT,Nervous system,815,779.2,1.05,1.05,1.05,-0.051,Ordinary,Not in reference set,82.33,14.23,4.42,67.61,No,
PREDNISONE,HEADACHE,Nervous system,2271,2242.5,1.01,1.01,1.02,-0.051,Ordinary,Not in reference set,83.00,17.26,5.99,66.27,No,
CLOPIDOGREL,DIABETIC KETOACIDOSIS,Metabolic,817,781.3,1.05,1.05,1.05,-0.051,Ordinary,Not in reference set,83.35,17.50,5.26,69.40,No,
METHOTREXATE,CLOSTRIDIUM DIFFICILE COLITIS,Gastrointestinal,476,444.0,1.07,1.08,1.08,-0.051,Ordinary,Not in reference set,86.76,16.81,9.03,69.54,No,
IBUPROFEN,NAUSEA,Gastrointestinal,2822,2800.6,1.01,1.01,1.01,-0.051,Ordinary,Not in reference set,82.88,16.97,5.67,68.39,No,
VALPROATE,HYPERTENSION,Vascular,858,822.1,1.04,1.05,1.05,-0.051,Ordinary,Not in reference set,83.22,18.76,7.23,68.65,No,
PANTOPRAZOLE,PANCYTOPENIA,Blood,841,805.2,1.04,1.05,1.05,-0.051,Ordinary,Not in reference set,83.23,19.14,5.83,64.92,No,
ROSUVASTATIN,DYSPNOEA,Respiratory,1801,1768.1,1.02,1.02,1.02,-0.051,Ordinary,Not in reference set,83.73,16.99,4.16,65.30,No,
GABAPENTIN,DIABETIC KETOACIDOSIS,Metabolic,922,885.9,1.04,1.04,1.05,-0.051,Ordinary,Not in reference set,82.43,17.68,6.94,65.94,No,
LEVOTHYROXINE,PULMONARY FIBROSIS,Respiratory,859,823.2,1.04,1.05,1.05,-0.051,Ordinary,Not in reference set,83.12,17.93,5.47,66.71,No,
CANAGLIFLOZIN,TACHYCARDIA,Cardiac,846,810.2,1.04,1.05,1.05,-0.051,Ordinary,Not in reference set,84.99,15.72,5.67,66.19,No,
HYDROXYCHLOROQUINE,HAEMORRHAGE,Vascular,715,680.1,1.05,1.05,1.06,-0.051,Ordinary,Not in reference set,83.22,16.92,5.31,65.03,No,
ESOMEPRAZOLE,TENDON RUPTURE,Musculoskeletal,1041,1005.0,1.04,1.04,1.04,-0.052,Ordinary,Not in reference set,83.96,17.68,6.44,66.76,No,
PANTOPRAZOLE,HAEMORRHAGE,Vascular,981,945.1,1.04,1.04,1.04,-0.052,Ordinary,Not in reference set,81.14,17.74,6.73,70.23,No,
ONDANSETRON,MYALGIA,Musculoskeletal,1588,1554.0,1.02,1.02,1.03,-0.052,Ordinary,Not in reference set,84.19,16.12,5.35,65.49,No,
METHOTREXATE,HYPERTENSION,Vascular,1006,970.1,1.04,1.04,1.04,-0.052,Ordinary,Not in reference set,82.90,16.90,5.17,68.29,No,
HYDROXYCHLOROQUINE,COUGH,Respiratory,998,962.1,1.04,1.04,1.04,-0.052,Ordinary,Not in reference set,83.97,16.43,5.71,66.23,No,
MONTELUKAST,HALLUCINATION,Psychiatric,630,596.1,1.06,1.06,1.06,-0.052,Ordinary,Not in reference set,83.97,17.78,6.03,67.46,No,
METHOTREXATE,SUICIDAL IDEATION,Psychiatric,1213,1177.7,1.03,1.03,1.03,-0.052,Ordinary,Not in reference set,82.77,18.05,5.85,65.79,No,
ONDANSETRON,ATRIAL FIBRILLATION,Cardiac,1035,999.5,1.04,1.04,1.04,-0.052,Ordinary,Not in reference set,84.54,17.20,3.96,67.54,No,
LEVOFLOXACIN,THROMBOCYTOPENIA,Blood,704,669.6,1.05,1.06,1.06,-0.052,Ordinary,Not in reference set,84.66,17.61,4.26,67.19,No,
ROSUVASTATIN,DRUG INEFFECTIVE,General,2042,2012.9,1.01,1.02,1.02,-0.052,Ordinary,Not in reference set,83.06,17.83,5.44,67.83,No,
LEVOFLOXACIN,VOMITING,Gastrointestinal,1820,1788.7,1.02,1.02,1.02,-0.052,Ordinary,Not in reference set,83.02,18.35,5.05,66.04,No,
GABAPENTIN,TENDON RUPTURE,Musculoskeletal,1170,1134.8,1.03,1.03,1.04,-0.053,Ordinary,Not in reference set,83.93,16.84,5.90,66.84,No,
TRAMADOL,ELECTROCARDIOGRAM QT PROLONGED,Cardiac,1089,1053.7,1.03,1.04,1.04,-0.053,Ordinary,Not in reference set,83.56,15.89,5.14,62.90,No,
TAMSULOSIN,ELECTROCARDIOGRAM QT PROLONGED,Cardiac,790,755.3,1.05,1.05,1.05,-0.053,Ordinary,Not in reference set,83.16,15.44,6.71,67.22,No,
MONTELUKAST,THROMBOCYTOPENIA,Blood,898,863.0,1.04,1.05,1.05,-0.053,Ordinary,Not in reference set,81.96,18.49,5.79,65.81,No,
SERTRALINE,BACK PAIN,Musculoskeletal,1309,1274.6,1.03,1.03,1.03,-0.053,Ordinary,Not in reference set,82.96,16.96,6.49,63.94,No,
ATORVASTATIN,LACTIC ACIDOSIS,Metabolic,952,917.0,1.04,1.04,1.04,-0.053,Ordinary,Not in reference set,83.19,17.96,5.99,67.23,No,
GABAPENTIN,ACUTE KIDNEY INJURY,Renal,1146,1111.2,1.03,1.03,1.04,-0.053,Ordinary,Not in reference set,83.77,16.06,5.93,69.20,No,
VARENICLINE,PARAESTHESIA,Nervous system,562,529.4,1.06,1.06,1.07,-0.053,Ordinary,Not in reference set,83.81,15.12,4.80,68.15,No,
MONTELUKAST,FATIGUE,General,2596,2575.6,1.01,1.01,1.01,-0.053,Ordinary,Not in reference set,82.94,17.68,5.47,65.95,No,
FEBUXOSTAT,PANCYTOPENIA,Blood,502,470.3,1.07,1.07,1.07,-0.053,Ordinary,Not in reference set,85.46,17.13,5.18,63.15,No,
VALPROATE,MALAISE,General,854,819.5,1.04,1.04,1.05,-0.054,Ordinary,Not in reference set,83.96,15.81,4.80,67.68,No,
OMEPRAZOLE,MYALGIA,Musculoskeletal,1768,1737.8,1.02,1.02,1.02,-0.054,Ordinary,Not in reference set,81.90,17.36,6.17,67.42,No,
OMEPRAZOLE,SUICIDAL IDEATION,Psychiatric,1764,1734.0,1.02,1.02,1.02,-0.054,Ordinary,Not in reference set,82.99,15.82,6.12,67.29,No,
ADALIMUMAB,VOMITING,Gastrointestinal,1325,1291.6,1.03,1.03,1.03,-0.054,Ordinary,Not in reference set,82.42,18.72,6.34,68.00,No,
AZITHROMYCIN,ANXIETY,Psychiatric,1377,1343.9,1.02,1.03,1.03,-0.054,Ordinary,Not in reference set,83.37,15.61,5.16,66.96,No,
AMIODARONE,ANXIETY,Psychiatric,1002,967.6,1.04,1.04,1.04,-0.054,Ordinary,Not in reference set,82.63,15.47,5.39,66.47,No,
AMIODARONE,TENDON RUPTURE,Musculoskeletal,758,724.1,1.05,1.05,1.05,-0.054,Ordinary,Not in reference set,82.85,17.28,7.12,64.25,No,
ESOMEPRAZOLE,PNEUMONIA,Infection,1127,1092.9,1.03,1.03,1.04,-0.054,Ordinary,Not in reference set,82.96,19.17,6.30,67.79,No,
VARENICLINE,AORTIC ANEURYSM,Vascular,289,262.2,1.10,1.11,1.11,-0.054,Ordinary,Not in reference set,80.97,13.49,6.23,70.59,No,
LEVOFLOXACIN,SOMNOLENCE,Nervous system,1189,1155.2,1.03,1.03,1.03,-0.054,Ordinary,Not in reference set,81.75,16.48,5.80,67.54,No,
FUROSEMIDE,ARTHRALGIA,Musculoskeletal,1824,1795.0,1.02,1.02,1.02,-0.054,Ordinary,Not in reference set,83.99,17.05,5.87,66.83,No,
ROSUVASTATIN,OFF LABEL USE,General,1312,1278.9,1.03,1.03,1.03,-0.054,Ordinary,Not in reference set,83.69,18.06,5.18,66.08,No,
TAMSULOSIN,DEHYDRATION,Metabolic,677,643.8,1.05,1.05,1.06,-0.054,Ordinary,Not in reference set,83.75,16.40,4.43,65.44,No,
LEVOFLOXACIN,HYPERTENSION,Vascular,1158,1124.3,1.03,1.03,1.03,-0.054,Ordinary,Not in reference set,81.17,18.48,6.56,67.79,No,
TRAMADOL,ANGIOEDEMA,Skin,724,690.5,1.05,1.05,1.05,-0.054,Ordinary,Not in reference set,81.91,15.06,5.94,66.44,No,
FUROSEMIDE,CONSTIPATION,Gastrointestinal,1561,1529.8,1.02,1.02,1.02,-0.055,Ordinary,Not in reference set,84.30,17.30,6.09,70.08,No,
CELECOXIB,ABDOMINAL PAIN,Gastrointestinal,1158,1124.3,1.03,1.03,1.03,-0.055,Ordinary,Not in reference set,82.73,16.75,5.01,69.60,No,
TAMSULOSIN,CONSTIPATION,Gastrointestinal,995,961.1,1.04,1.04,1.04,-0.055,Ordinary,Not in reference set,85.03,18.59,5.23,66.93,No,
ALLOPURINOL,PNEUMONIA,Infection,831,797.2,1.04,1.04,1.05,-0.055,Ordinary,Not in reference set,83.39,18.65,6.14,66.19,No,
TAMSULOSIN,SOMNOLENCE,Nervous system,863,829.2,1.04,1.04,1.05,-0.055,Ordinary,Not in reference set,82.97,18.66,5.91,64.43,No,
ONDANSETRON,BACK PAIN,Musculoskeletal,1313,1280.5,1.03,1.03,1.03,-0.055,Ordinary,Not in reference set,83.24,17.90,5.71,67.02,No,
SERTRALINE,AGGRESSION,Psychiatric,551,519.2,1.06,1.07,1.07,-0.055,Ordinary,Not in reference set,82.40,16.33,6.72,70.24,No,
SITAGLIPTIN,HEPATIC FAILURE,Hepatobiliary,356,327.5,1.09,1.09,1.09,-0.055,Ordinary,Not in reference set,78.09,18.54,3.65,63.20,No,
METFORMIN,DIZZINESS,Nervous system,2528,2509.4,1.01,1.01,1.01,-0.055,Ordinary,Not in reference set,82.36,15.98,5.46,65.94,No,
TAMSULOSIN,RASH,Skin,1301,1268.5,1.03,1.03,1.03,-0.055,Ordinary,Not in reference set,83.70,18.06,4.69,67.10,No,
DULOXETINE,WEIGHT DECREASED,Investigations,823,789.4,1.04,1.05,1.05,-0.055,Ordinary,Not in reference set,83.84,13.85,6.08,67.68,No,
TAMSULOSIN,TENDON RUPTURE,Musculoskeletal,754,720.6,1.05,1.05,1.05,-0.055,Ordinary,Not in reference set,84.35,17.64,4.91,65.38,No,
LEVOTHYROXINE,RASH,Skin,2738,2722.8,1.01,1.01,1.01,-0.055,Ordinary,Not in reference set,82.83,16.98,5.04,66.36,No,
ALBUTEROL,RASH,Skin,2047,2022.0,1.01,1.01,1.01,-0.055,Ordinary,Not in reference set,83.83,19.44,5.91,67.71,No,
CLOZAPINE,INSOMNIA,Psychiatric,1187,1154.0,1.03,1.03,1.03,-0.055,Ordinary,Not in reference set,81.55,16.51,4.72,66.81,No,
AMIODARONE,MUSCULAR WEAKNESS,Musculoskeletal,682,649.1,1.05,1.05,1.06,-0.055,Ordinary,Not in reference set,80.79,16.72,7.04,65.98,No,
CLOZAPINE,PRURITUS,Skin,1152,1119.0,1.03,1.03,1.03,-0.055,Ordinary,Not in reference set,83.16,16.32,5.64,68.40,No,
PANTOPRAZOLE,ELECTROCARDIOGRAM QT PROLONGED,Cardiac,1091,1057.8,1.03,1.03,1.04,-0.055,Ordinary,Not in reference set,82.86,17.97,3.94,68.38,No,
FUROSEMIDE,WEIGHT DECREASED,Investigations,1071,1037.8,1.03,1.04,1.04,-0.055,Ordinary,Not in reference set,85.71,18.02,6.26,70.03,No,
ROSUVASTATIN,HYPERKALAEMIA,Metabolic,813,779.7,1.04,1.05,1.05,-0.055,Ordinary,Not in reference set,83.76,16.73,4.43,65.81,No,
GABAPENTIN,INSOMNIA,Psychiatric,1819,1791.6,1.02,1.02,1.02,-0.056,Ordinary,Not in reference set,84.17,18.53,5.06,66.08,No,
WARFARIN,PRURITUS,Skin,1770,1742.0,1.02,1.02,1.02,-0.056,Ordinary,Not in reference set,83.05,18.14,5.82,68.42,No,
TRAMADOL,WEIGHT DECREASED,Investigations,943,909.6,1.04,1.04,1.04,-0.056,Ordinary,Not in reference set,82.08,16.22,5.73,64.37,No,
AMIODARONE,ALOPECIA,Skin,676,643.3,1.05,1.05,1.06,-0.056,Ordinary,Not in reference set,83.73,18.20,6.36,65.53,No,
APIXABAN,INSOMNIA,Psychiatric,1394,1362.7,1.02,1.02,1.03,-0.056,Ordinary,Not in reference set,83.43,17.22,6.03,66.71,No,
INSULIN GLARGINE,HYPERTENSION,Vascular,1001,967.7,1.03,1.04,1.04,-0.056,Ordinary,Not in reference set,83.02,17.58,5.89,68.23,No,
ONDANSETRON,DYSPNOEA,Respiratory,1802,1774.6,1.02,1.02,1.02,-0.056,Ordinary,Not in reference set,83.41,16.37,5.66,68.20,No,
ESOMEPRAZOLE,ARTHRALGIA,Musculoskeletal,1602,1572.6,1.02,1.02,1.02,-0.056,Ordinary,Not in reference set,82.40,15.36,5.12,67.29,No,
PANTOPRAZOLE,GASTROINTESTINAL HAEMORRHAGE,Gastrointestinal,1387,1355.8,1.02,1.02,1.03,-0.056,Ordinary,Not in reference set,81.90,17.52,5.70,68.93,No,
OMEPRAZOLE,CONSTIPATION,Gastrointestinal,1729,1701.1,1.02,1.02,1.02,-0.056,Ordinary,Not in reference set,84.62,16.43,5.03,69.46,No,
ADALIMUMAB,INSOMNIA,Psychiatric,1177,1144.5,1.03,1.03,1.03,-0.056,Ordinary,Not in reference set,83.94,16.14,6.03,67.03,No,
FUROSEMIDE,HYPONATRAEMIA,Metabolic,1022,989.0,1.03,1.04,1.04,-0.056,Ordinary,Not in reference set,83.27,16.83,5.48,66.44,No,
MONTELUKAST,HYPONATRAEMIA,Metabolic,1148,1115.6,1.03,1.03,1.03,-0.056,Ordinary,Not in reference set,83.62,16.55,6.53,68.21,No,
ONDANSETRON,DRUG INEFFECTIVE,General,2044,2020.3,1.01,1.01,1.01,-0.056,Ordinary,Not in reference set,82.93,17.03,5.97,67.47,No,
VALPROATE,ARTHRALGIA,Musculoskeletal,1181,1148.8,1.03,1.03,1.03,-0.056,Ordinary,Not in reference set,84.59,17.78,5.08,66.98,No,
AZITHROMYCIN,MALAISE,General,1155,1122.7,1.03,1.03,1.03,-0.056,Ordinary,Not in reference set,84.42,20.17,4.76,67.53,No,
ALBUTEROL,AGRANULOCYTOSIS,Blood,711,678.4,1.05,1.05,1.05,-0.056,Ordinary,Not in reference set,84.25,18.71,5.20,66.95,No,
ESOMEPRAZOLE,LACTIC ACIDOSIS,Metabolic,685,652.6,1.05,1.05,1.06,-0.056,Ordinary,Not in reference set,81.75,18.10,5.99,67.74,No,
AMLODIPINE,HYPOTENSION,Vascular,1644,1615.8,1.02,1.02,1.02,-0.056,Ordinary,Not in reference set,82.66,16.30,5.47,68.61,No,
OMEPRAZOLE,BRADYCARDIA,Cardiac,613,581.2,1.05,1.06,1.06,-0.057,Ordinary,Not in reference set,81.73,17.46,4.57,67.21,No,
PANTOPRAZOLE,AGGRESSION,Psychiatric,492,461.5,1.07,1.07,1.07,-0.057,Ordinary,Not in reference set,81.71,18.09,6.10,66.46,No,
ATORVASTATIN,DRUG INEFFECTIVE,General,2517,2501.2,1.01,1.01,1.01,-0.057,Ordinary,Not in reference set,83.55,16.13,5.68,65.83,No,
AZITHROMYCIN,INSOMNIA,Psychiatric,1616,1587.8,1.02,1.02,1.02,-0.057,Ordinary,Not in reference set,82.67,16.96,5.01,66.96,No,
ESOMEPRAZOLE,DYSPNOEA,Respiratory,1592,1563.5,1.02,1.02,1.02,-0.057,Ordinary,Not in reference set,82.91,17.46,5.09,68.59,No,
AZITHROMYCIN,FATIGUE,General,2025,2001.9,1.01,1.01,1.01,-0.057,Ordinary,Not in reference set,81.98,18.62,6.42,67.06,No,
METFORMIN,GASTROINTESTINAL HAEMORRHAGE,Gastrointestinal,1925,1900.6,1.01,1.01,1.02,-0.057,Ordinary,Not in reference set,83.27,17.66,6.13,67.06,No,
ROSUVASTATIN,ALOPECIA,Skin,1042,1009.7,1.03,1.04,1.04,-0.057,Ordinary,Not in reference set,82.82,17.95,5.18,67.27,No,
SITAGLIPTIN,SUICIDAL IDEATION,Psychiatric,1013,980.6,1.03,1.03,1.04,-0.057,Ordinary,Not in reference set,80.75,15.70,4.64,66.73,No,
SITAGLIPTIN,CONFUSIONAL STATE,Psychiatric,678,646.0,1.05,1.05,1.05,-0.057,Ordinary,Not in reference set,82.74,17.11,5.75,64.90,No,
IBUPROFEN,ELECTROCARDIOGRAM QT PROLONGED,Cardiac,1368,1337.9,1.02,1.02,1.03,-0.057,Ordinary,Not in reference set,82.31,15.72,4.46,67.25,No,
ALBUTEROL,DEHYDRATION,Metabolic,1058,1026.1,1.03,1.03,1.04,-0.057,Ordinary,Not in reference set,83.74,17.86,5.10,66.35,No,
CELECOXIB,ATRIAL FIBRILLATION,Cardiac,668,636.2,1.05,1.05,1.05,-0.057,Ordinary,Not in reference set,82.49,18.41,5.09,70.81,No,
IBUPROFEN,CARDIAC ARREST,Cardiac,621,589.5,1.05,1.06,1.06,-0.057,Ordinary,Not in reference set,82.29,15.62,7.09,64.73,No,
TRAMADOL,RASH,Skin,1795,1769.7,1.01,1.02,1.02,-0.058,Ordinary,Not in reference set,83.84,16.71,5.74,66.24,No,
LEVOTHYROXINE,PYREXIA,General,2112,2091.3,1.01,1.01,1.01,-0.058,Ordinary,Not in reference set,82.05,18.42,5.16,66.67,No,
LEVOTHYROXINE,GASTROINTESTINAL HAEMORRHAGE,Gastrointestinal,2099,2078.0,1.01,1.01,1.01,-0.058,Ordinary,Not in reference set,82.90,17.06,5.76,66.46,No,
ALLOPURINOL,PARAESTHESIA,Nervous system,702,670.1,1.05,1.05,1.05,-0.058,Ordinary,Not in reference set,84.19,16.38,3.99,68.09,No,
VARENICLINE,HEPATITIS,Hepatobiliary,319,292.0,1.09,1.10,1.10,-0.058,Ordinary,Not in reference set,86.21,21.63,5.64,64.89,Yes,2019Q1
SITAGLIPTIN,DEPRESSION,Psychiatric,1399,1369.7,1.02,1.02,1.02,-0.058,Ordinary,Not in reference set,82.42,18.08,6.36,66.12,No,
ATORVASTATIN,AGRANULOCYTOSIS,Blood,866,834.0,1.04,1.04,1.04,-0.058,Ordinary,Not in reference set,82.79,19.05,5.77,66.74,No,
VARENICLINE,GASTROINTESTINAL HAEMORRHAGE,Gastrointestinal,810,778.1,1.04,1.04,1.05,-0.058,Ordinary,Not in reference set,83.58,17.78,5.06,67.41,No,
LEVOFLOXACIN,DYSPNOEA,Respiratory,1589,1562.0,1.02,1.02,1.02,-0.058,Ordinary,Not in reference set,83.83,18.82,6.48,67.34,No,
AMLODIPINE,DEHYDRATION,Metabolic,1281,1251.3,1.02,1.03,1.03,-0.058,Ordinary,Not in reference set,82.44,17.33,5.23,68.70,No,
CLOZAPINE,RASH,Skin,1316,1286.6,1.02,1.02,1.03,-0.058,Ordinary,Not in reference set,84.73,16.26,6.99,65.81,No,
AMIODARONE,RASH,Skin,1304,1274.5,1.02,1.02,1.03,-0.058,Ordinary,Not in reference set,84.05,16.79,5.21,68.56,No,
METHOTREXATE,OFF LABEL USE,General,1006,974.9,1.03,1.03,1.04,-0.059,Ordinary,Not in reference set,84.59,15.31,6.26,66.40,No,
OMEPRAZOLE,ABDOMINAL PAIN,Gastrointestinal,1996,1975.3,1.01,1.01,1.01,-0.059,Ordinary,Not in reference set,82.11,15.08,4.71,65.88,No,
ATORVASTATIN,PNEUMONIA,Infection,1562,1535.6,1.02,1.02,1.02,-0.059,Ordinary,Not in reference set,82.20,17.35,6.91,68.82,No,
CIPROFLOXACIN,RHABDOMYOLYSIS,Musculoskeletal,867,835.6,1.04,1.04,1.04,-0.059,Ordinary,Not in reference set,82.24,17.88,6.46,67.59,No,
CANAGLIFLOZIN,HYPONATRAEMIA,Metabolic,647,616.0,1.05,1.05,1.06,-0.059,Ordinary,Not in reference set,83.00,16.69,5.87,66.77,No,
ONDANSETRON,NAUSEA,Gastrointestinal,2514,2502.4,1.00,1.01,1.01,-0.059,Ordinary,Not in reference set,82.46,17.34,5.89,67.90,No,
ALBUTEROL,ANAEMIA,Blood,1320,1291.3,1.02,1.02,1.03,-0.059,Ordinary,Not in reference set,83.26,16.14,5.53,66.74,No,
AMLODIPINE,HAEMORRHAGE,Vascular,1340,1311.6,1.02,1.02,1.03,-0.059,Ordinary,Not in reference set,82.99,16.49,5.75,67.84,No,
OMEPRAZOLE,HEPATITIS,Hepatobiliary,674,643.1,1.05,1.05,1.05,-0.059,Ordinary,Not in reference set,84.42,17.21,6.08,64.24,No,
ISOTRETINOIN,DEHYDRATION,Metabolic,542,511.9,1.06,1.06,1.06,-0.059,Ordinary,Not in reference set,81.92,16.79,3.32,65.31,No,
AZITHROMYCIN,RASH,Skin,1793,1770.2,1.01,1.01,1.01,-0.060,Ordinary,Not in reference set,82.77,15.39,5.24,65.53,No,
INSULIN GLARGINE,DEHYDRATION,Metabolic,803,771.9,1.04,1.04,1.04,-0.060,Ordinary,Not in reference set,83.19,17.81,4.98,63.89,No,
METHOTREXATE,LACTIC ACIDOSIS,Metabolic,593,562.6,1.05,1.06,1.06,-0.060,Ordinary,Not in reference set,81.96,16.36,5.90,64.59,No,
AZITHROMYCIN,VOMITING,Gastrointestinal,1814,1791.8,1.01,1.01,1.01,-0.060,Ordinary,Not in reference set,83.19,18.96,5.29,65.93,No,
VARENICLINE,PYREXIA,General,814,783.0,1.04,1.04,1.04,-0.060,Ordinary,Not in reference set,86.24,16.09,7.49,67.20,No,
WARFARIN,HEADACHE,Nervous system,2254,2238.9,1.01,1.01,1.01,-0.060,Ordinary,Not in reference set,82.96,14.82,4.88,66.86,No,
AMLODIPINE,DIZZINESS,Nervous system,2495,2484.5,1.00,1.00,1.01,-0.060,Ordinary,Not in reference set,83.61,16.95,6.05,65.61,No,
MONTELUKAST,ARTHRALGIA,Musculoskeletal,2043,2024.7,1.01,1.01,1.01,-0.060,Ordinary,Not in reference set,83.50,18.21,5.63,66.81,No,
GABAPENTIN,CONSTIPATION,Gastrointestinal,1539,1513.5,1.02,1.02,1.02,-0.060,Ordinary,Not in reference set,84.60,17.02,5.39,68.03,No,
AMIODARONE,GASTROINTESTINAL HAEMORRHAGE,Gastrointestinal,1003,972.7,1.03,1.03,1.03,-0.060,Ordinary,Not in reference set,81.95,17.65,5.68,66.80,No,
DULOXETINE,ANAEMIA,Blood,1011,980.9,1.03,1.03,1.03,-0.060,Ordinary,Not in reference set,82.00,17.01,5.93,64.59,No,
SITAGLIPTIN,MALAISE,General,836,805.3,1.04,1.04,1.04,-0.060,Ordinary,Not in reference set,81.70,15.55,5.98,68.78,No,
SITAGLIPTIN,DEHYDRATION,Metabolic,675,644.4,1.05,1.05,1.05,-0.060,Ordinary,Not in reference set,82.07,17.63,5.33,68.30,No,
AMLODIPINE,BACK PAIN,Musculoskeletal,1597,1572.5,1.02,1.02,1.02,-0.060,Ordinary,Not in reference set,82.03,17.66,5.26,66.69,No,
ADALIMUMAB,HYPERKALAEMIA,Metabolic,527,497.3,1.06,1.06,1.06,-0.060,Ordinary,Not in reference set,83.49,17.65,6.83,66.98,No,
PREDNISONE,TACHYCARDIA,Cardiac,1320,1292.5,1.02,1.02,1.02,-0.061,Ordinary,Not in reference set,82.88,15.15,5.45,65.91,No,
LISINOPRIL,BRADYCARDIA,Cardiac,675,644.5,1.05,1.05,1.05,-0.061,Ordinary,Not in reference set,85.33,16.59,6.37,64.74,No,
CLOPIDOGREL,DRUG INEFFECTIVE,General,1794,1772.6,1.01,1.01,1.01,-0.061,Ordinary,Not in reference set,83.39,18.78,5.13,66.39,No,
WARFARIN,BACK PAIN,Musculoskeletal,1305,1277.5,1.02,1.02,1.02,-0.061,Ordinary,Not in reference set,83.75,16.70,5.59,69.73,No,
ONDANSETRON,RHABDOMYOLYSIS,Musculoskeletal,977,947.0,1.03,1.03,1.04,-0.061,Ordinary,Not in reference set,82.80,15.97,4.30,68.27,No,
TRAMADOL,CLOSTRIDIUM DIFFICILE COLITIS,Gastrointestinal,545,515.3,1.06,1.06,1.06,-0.061,Ordinary,Not in reference set,82.20,17.98,4.59,64.22,No,
TRAMADOL,DRUG INEFFECTIVE,General,1802,1780.8,1.01,1.01,1.01,-0.061,Ordinary,Not in reference set,83.07,18.15,5.83,66.48,No,
FUROSEMIDE,HYPERTENSION,Vascular,1312,1284.6,1.02,1.02,1.02,-0.061,Ordinary,Not in reference set,83.38,17.99,6.10,67.23,No,
ROSUVASTATIN,INSOMNIA,Psychiatric,1815,1794.2,1.01,1.01,1.01,-0.061,Ordinary,Not in reference set,83.36,17.96,6.06,67.05,No,
METHOTREXATE,DIZZINESS,Nervous system,1561,1536.6,1.02,1.02,1.02,-0.061,Ordinary,Not in reference set,83.41,17.42,4.93,66.75,No,
CLOPIDOGREL,GASTROINTESTINAL HAEMORRHAGE,Gastrointestinal,1371,1344.4,1.02,1.02,1.02,-0.061,Ordinary,Not in reference set,82.13,15.97,6.13,66.01,No,
VALPROATE,LACTIC ACIDOSIS,Metabolic,506,476.7,1.06,1.07,1.07,-0.061,Ordinary,Not in reference set,80.43,18.77,7.11,69.17,No,
ATORVASTATIN,HYPERTENSION,Vascular,1605,1581.3,1.01,1.02,1.02,-0.061,Ordinary,Not in reference set,81.62,17.38,6.04,69.35,No,
OMEPRAZOLE,DRUG INEFFECTIVE,General,2272,2259.2,1.01,1.01,1.01,-0.061,Ordinary,Not in reference set,83.05,17.03,5.72,67.61,No,
APIXABAN,MEMORY IMPAIRMENT,Nervous system,621,591.0,1.05,1.05,1.06,-0.061,Ordinary,Not in reference set,83.25,15.94,4.99,71.18,No,
ESOMEPRAZOLE,INSOMNIA,Psychiatric,1610,1586.6,1.01,1.02,1.02,-0.061,Ordinary,Not in reference set,83.35,17.45,6.02,66.40,No,
PREDNISONE,MUSCULAR WEAKNESS,Musculoskeletal,1051,1021.8,1.03,1.03,1.03,-0.061,Ordinary,Not in reference set,83.25,17.79,6.09,66.89,No,
LEVOTHYROXINE,ANAEMIA,Blood,1760,1738.9,1.01,1.01,1.01,-0.061,Ordinary,Not in reference set,83.13,15.97,5.06,66.31,No,
ISOTRETINOIN,AMPUTATION,Procedural,266,241.2,1.10,1.11,1.11,-0.061,Ordinary,Not in reference set,80.83,21.80,6.02,64.66,No,
OMEPRAZOLE,ACUTE KIDNEY INJURY,Renal,1276,1248.9,1.02,1.02,1.02,-0.062,Ordinary,Not in reference set,83.93,18.34,6.27,70.61,No,
GABAPENTIN,THROMBOCYTOPENIA,Blood,787,756.9,1.04,1.04,1.04,-0.062,Ordinary,Not in reference set,82.21,17.28,4.19,67.22,No,
SERTRALINE,DIARRHOEA,Gastrointestinal,2014,1997.3,1.01,1.01,1.01,-0.062,Ordinary,Not in reference set,82.92,16.88,5.51,64.80,No,
AMLODIPINE,PYREXIA,General,1912,1893.7,1.01,1.01,1.01,-0.062,Ordinary,Not in reference set,84.21,16.63,5.75,65.90,No,
CIPROFLOXACIN,VOMITING,Gastrointestinal,1813,1793.1,1.01,1.01,1.01,-0.062,Ordinary,Not in reference set,85.27,18.20,5.52,66.85,No,
AZITHROMYCIN,HYPOGLYCAEMIA,Metabolic,985,955.6,1.03,1.03,1.03,-0.062,Ordinary,Not in reference set,82.64,16.65,6.70,66.09,No,
CIPROFLOXACIN,HEADACHE,Nervous system,1997,1980.2,1.01,1.01,1.01,-0.062,Ordinary,Not in reference set,82.22,16.83,6.31,69.80,No,
HYDROXYCHLOROQUINE,WEIGHT DECREASED,Investigations,687,657.0,1.05,1.05,1.05,-0.062,Ordinary,Not in reference set,82.82,17.90,5.53,64.19,No,
ALBUTEROL,DYSPNOEA,Respiratory,1807,1787.2,1.01,1.01,1.01,-0.062,Ordinary,Not in reference set,85.33,18.04,5.42,67.90,No,
TRAMADOL,TREMOR,Nervous system,945,915.6,1.03,1.03,1.04,-0.062,Ordinary,Not in reference set,82.43,17.46,4.66,67.51,No,
DULOXETINE,SEIZURE,Nervous system,625,595.3,1.05,1.05,1.06,-0.062,Ordinary,Not in reference set,85.60,17.44,4.80,64.48,No,
HYDROXYCHLOROQUINE,OFF LABEL USE,General,847,817.3,1.04,1.04,1.04,-0.062,Ordinary,Not in reference set,84.65,14.99,5.19,66.23,No,
CLOPIDOGREL,SEROTONIN SYNDROME,Nervous system,536,506.8,1.06,1.06,1.06,-0.062,Ordinary,Not in reference set,82.65,18.10,4.66,65.11,No,
WARFARIN,DIZZINESS,Nervous system,2034,2018.4,1.01,1.01,1.01,-0.062,Ordinary,Not in reference set,83.97,16.27,5.90,65.00,No,
LISINOPRIL,NIGHTMARE,Psychiatric,1282,1255.6,1.02,1.02,1.02,-0.062,Ordinary,Not in reference set,82.06,16.85,4.37,65.60,No,
ALLOPURINOL,NEUTROPENIA,Blood,519,490.0,1.06,1.06,1.06,-0.062,Ordinary,Not in reference set,81.70,15.03,6.17,66.86,No,
METHOTREXATE,CARDIAC ARREST,Cardiac,428,400.0,1.07,1.08,1.08,-0.062,Ordinary,Not in reference set,83.64,17.06,5.37,69.16,No,
ONDANSETRON,CLOSTRIDIUM DIFFICILE COLITIS,Gastrointestinal,614,584.6,1.05,1.06,1.06,-0.062,Ordinary,Not in reference set,86.48,18.40,4.56,70.85,No,
OMEPRAZOLE,RASH,Skin,2256,2245.2,1.00,1.01,1.01,-0.063,Ordinary,Not in reference set,84.31,16.93,5.27,65.65,No,
ESOMEPRAZOLE,GASTROINTESTINAL HAEMORRHAGE,Gastrointestinal,1375,1350.1,1.02,1.02,1.02,-0.063,Ordinary,Not in reference set,82.76,16.80,6.04,67.20,No,
PANTOPRAZOLE,CONSTIPATION,Gastrointestinal,1371,1346.0,1.02,1.02,1.02,-0.063,Ordinary,Not in reference set,85.12,17.21,5.18,68.27,No,
CELECOXIB,PYREXIA,General,1010,981.5,1.03,1.03,1.03,-0.063,Ordinary,Not in reference set,82.18,16.34,5.54,68.12,No,
LISINOPRIL,HEADACHE,Nervous system,2783,2783.3,1.00,1.00,1.00,-0.063,Ordinary,Not in reference set,82.46,16.49,5.50,66.73,No,
GABAPENTIN,HYPOGLYCAEMIA,Metabolic,1106,1078.3,1.03,1.03,1.03,-0.063,Ordinary,Not in reference set,81.56,15.64,5.70,68.35,No,
LEVOTHYROXINE,OFF LABEL USE,General,1760,1740.7,1.01,1.01,1.01,-0.063,Ordinary,Not in reference set,83.30,18.07,5.97,63.98,No,
METFORMIN,INSOMNIA,Psychiatric,2244,2233.6,1.00,1.01,1.01,-0.063,Ordinary,Not in reference set,82.26,16.89,5.70,66.18,No,
GABAPENTIN,DIARRHOEA,Gastrointestinal,2011,1996.3,1.01,1.01,1.01,-0.063,Ordinary,Not in reference set,83.44,19.14,4.77,65.39,No,
LISINOPRIL,ARTHRALGIA,Musculoskeletal,2224,2213.6,1.00,1.01,1.01,-0.063,Ordinary,Not in reference set,82.01,16.28,6.25,66.28,No,
PANTOPRAZOLE,DIABETIC KETOACIDOSIS,Metabolic,817,787.9,1.04,1.04,1.04,-0.063,Ordinary,Not in reference set,83.11,22.15,4.53,67.81,No,
METHOTREXATE,RESPIRATORY DEPRESSION,Respiratory,605,575.9,1.05,1.05,1.06,-0.063,Ordinary,Not in reference set,84.13,17.52,5.95,66.94,No,
OMEPRAZOLE,HYPOTENSION,Vascular,1494,1471.3,1.02,1.02,1.02,-0.063,Ordinary,Not in reference set,82.53,17.07,5.49,68.01,No,
INSULIN GLARGINE,TREMOR,Nervous system,816,787.0,1.04,1.04,1.04,-0.063,Ordinary,Not in reference set,81.62,17.65,5.64,65.93,No,
METFORMIN,PULMONARY FIBROSIS,Respiratory,782,752.9,1.04,1.04,1.04,-0.063,Ordinary,Not in reference set,81.71,17.77,5.50,68.16,No,
AZITHROMYCIN,THROMBOCYTOPENIA,Blood,700,670.8,1.04,1.05,1.05,-0.063,Ordinary,Not in reference set,81.86,15.14,6.71,67.00,No,
ISOTRETINOIN,SUICIDAL IDEATION,Psychiatric,808,779.0,1.04,1.04,1.04,-0.063,Ordinary,Not in reference set,81.44,19.06,5.20,64.60,No,
ALLOPURINOL,CONGENITAL ANOMALY,Congenital,183,161.4,1.13,1.14,1.14,-0.063,Ordinary,Not in reference set,85.79,20.77,6.01,67.21,No,
PREDNISONE,VOMITING,Gastrointestinal,2044,2030.6,1.01,1.01,1.01,-0.064,Ordinary,Not in reference set,83.22,17.91,5.43,67.51,No,
LISINOPRIL,HYPERTENSION,Vascular,1605,1584.1,1.01,1.01,1.02,-0.064,Ordinary,Not in reference set,84.42,18.38,5.73,67.23,No,
SERTRALINE,INSOMNIA,Psychiatric,1810,1792.6,1.01,1.01,1.01,-0.064,Ordinary,Not in reference set,83.04,17.13,5.80,66.52,No,
METHOTREXATE,FATIGUE,General,1743,1724.4,1.01,1.01,1.01,-0.064,Ordinary,Not in reference set,82.96,17.04,5.74,67.58,No,
LEVOFLOXACIN,RASH,Skin,1785,1767.2,1.01,1.01,1.01,-0.064,Ordinary,Not in reference set,83.08,17.37,6.05,67.68,No,
AMLODIPINE,OFF LABEL USE,General,1597,1576.2,1.01,1.01,1.02,-0.064,Ordinary,Not in reference set,85.35,16.66,4.88,66.19,No,
ESOMEPRAZOLE,ANXIETY,Psychiatric,1367,1342.9,1.02,1.02,1.02,-0.064,Ordinary,Not in reference set,80.18,16.75,5.49,68.54,No,
ALBUTEROL,TENDON RUPTURE,Musculoskeletal,1175,1148.7,1.02,1.03,1.03,-0.064,Ordinary,Not in reference set,82.72,15.83,5.28,68.43,No,
METFORMIN,TORSADE DE POINTES,Cardiac,637,608.0,1.05,1.05,1.05,-0.064,Ordinary,Not in reference set,80.69,16.01,5.34,66.72,No,
GABAPENTIN,VOMITING,Gastrointestinal,2035,2021.8,1.01,1.01,1.01,-0.064,Ordinary,Not in reference set,82.01,17.10,5.65,66.63,No,
LEVOTHYROXINE,HAEMORRHAGE,Vascular,1471,1448.5,1.02,1.02,1.02,-0.064,Ordinary,Not in reference set,81.24,15.91,5.10,63.63,No,
PANTOPRAZOLE,OFF LABEL USE,General,1162,1135.7,1.02,1.03,1.03,-0.064,Ordinary,Not in reference set,83.73,17.13,5.34,67.21,No,
TAMSULOSIN,SEIZURE,Nervous system,520,491.6,1.06,1.06,1.06,-0.064,Ordinary,Not in reference set,83.65,19.62,3.85,63.65,No,
CLOPIDOGREL,PANCYTOPENIA,Blood,827,798.4,1.04,1.04,1.04,-0.064,Ordinary,Not in reference set,83.31,16.20,4.59,66.63,No,
VARENICLINE,ANAEMIA,Blood,680,651.1,1.04,1.05,1.05,-0.064,Ordinary,Not in reference set,83.97,16.03,4.71,68.38,No,
LEVOFLOXACIN,HEADACHE,Nervous system,1989,1975.4,1.01,1.01,1.01,-0.064,Ordinary,Not in reference set,82.76,17.24,5.23,65.91,No,
ALBUTEROL,GASTROINTESTINAL HAEMORRHAGE,Gastrointestinal,1564,1543.2,1.01,1.01,1.02,-0.064,Ordinary,Not in reference set,81.91,16.88,5.82,65.92,No,
ALLOPURINOL,DEPRESSION,Psychiatric,1415,1392.0,1.02,1.02,1.02,-0.064,Ordinary,Not in reference set,83.25,17.24,6.57,67.07,No,
INSULIN GLARGINE,ABDOMINAL PAIN,Gastrointestinal,1362,1338.3,1.02,1.02,1.02,-0.064,Ordinary,Not in reference set,83.63,16.96,6.83,67.11,No,
CLOPIDOGREL,DEHYDRATION,Metabolic,922,894.0,1.03,1.03,1.04,-0.064,Ordinary,Not in reference set,82.00,14.21,5.31,69.52,No,
SERTRALINE,NAUSEA,Gastrointestinal,2494,2490.9,1.00,1.00,1.00,-0.064,Ordinary,Not in reference set,83.20,17.32,5.49,67.52,No,
VARENICLINE,NAUSEA,Gastrointestinal,1295,1270.6,1.02,1.02,1.02,-0.064,Ordinary,Not in reference set,84.48,18.53,6.95,66.72,No,
OMEPRAZOLE,PYREXIA,General,1742,1724.4,1.01,1.01,1.01,-0.064,Ordinary,Not in reference set,82.84,19.06,4.88,65.96,No,
ATORVASTATIN,HAEMORRHAGE,Vascular,1346,1322.3,1.02,1.02,1.02,-0.064,Ordinary,Not in reference set,83.88,17.53,4.83,68.50,No,
METHOTREXATE,NAUSEA,Gastrointestinal,1915,1900.6,1.01,1.01,1.01,-0.065,Ordinary,Not in reference set,84.44,18.85,5.80,67.15,No,
ADALIMUMAB,NAUSEA,Gastrointestinal,1610,1590.4,1.01,1.01,1.01,-0.065,Ordinary,Not in reference set,83.29,16.77,5.53,66.65,No,
VARENICLINE,ARTHRALGIA,Musculoskeletal,934,906.3,1.03,1.03,1.03,-0.065,Ordinary,Not in reference set,85.01,17.02,5.78,68.20,No,
FUROSEMIDE,RESPIRATORY DEPRESSION,Respiratory,791,762.6,1.04,1.04,1.04,-0.065,Ordinary,Not in reference set,82.55,17.45,4.68,66.25,No,
METFORMIN,MYALGIA,Musculoskeletal,1941,1927.6,1.01,1.01,1.01,-0.065,Ordinary,Not in reference set,83.05,18.13,5.98,66.67,No,
ATORVASTATIN,GASTROINTESTINAL HAEMORRHAGE,Gastrointestinal,1911,1897.0,1.01,1.01,1.01,-0.065,Ordinary,Not in reference set,83.25,17.74,5.55,67.82,No,
ONDANSETRON,PYREXIA,General,1562,1542.0,1.01,1.01,1.01,-0.065,Ordinary,Not in reference set,83.61,18.50,5.89,66.52,No,
METFORMIN,TREMOR,Nervous system,1312,1288.4,1.02,1.02,1.02,-0.065,Ordinary,Not in reference set,82.62,17.99,5.87,67.45,No,
AMLODIPINE,PARAESTHESIA,Nervous system,1304,1280.3,1.02,1.02,1.02,-0.065,Ordinary,Not in reference set,84.05,18.33,6.06,69.17,No,
TRAMADOL,HEPATITIS,Hepatobiliary,535,506.9,1.06,1.06,1.06,-0.065,Ordinary,Not in reference set,83.36,20.19,4.30,62.99,No,
IBUPROFEN,HEADACHE,Nervous system,2513,2511.7,1.00,1.00,1.00,-0.065,Ordinary,Not in reference set,83.17,17.35,5.13,66.34,No,
IBUPROFEN,DEPRESSION,Psychiatric,2427,2423.9,1.00,1.00,1.00,-0.065,Ordinary,Not in reference set,81.87,16.65,5.60,65.27,No,
METHOTREXATE,MYALGIA,Musculoskeletal,1205,1180.3,1.02,1.02,1.02,-0.065,Ordinary,Not in reference set,84.48,15.68,7.22,67.22,No,
VALPROATE,PYREXIA,General,1019,992.5,1.03,1.03,1.03,-0.065,Ordinary,Not in reference set,83.02,17.08,5.20,68.30,No,
LEVOFLOXACIN,ABDOMINAL PAIN,Gastrointestinal,1574,1554.8,1.01,1.01,1.01,-0.066,Ordinary,Not in reference set,82.53,17.53,6.67,65.18,No,
VARENICLINE,OFF LABEL USE,General,680,651.8,1.04,1.05,1.05,-0.066,Ordinary,Not in reference set,81.76,16.47,6.62,66.76,No,
LEVOTHYROXINE,URTICARIA,Skin,1757,1741.1,1.01,1.01,1.01,-0.066,Ordinary,Not in reference set,83.55,17.70,4.89,65.45,No,
AMIODARONE,MALAISE,General,836,808.3,1.03,1.04,1.04,-0.066,Ordinary,Not in reference set,82.89,18.90,5.74,65.91,No,
ROSUVASTATIN,MEMORY IMPAIRMENT,Nervous system,806,778.2,1.04,1.04,1.04,-0.066,Ordinary,Not in reference set,84.49,15.38,4.96,68.11,No,
DULOXETINE,MUSCULAR WEAKNESS,Musculoskeletal,810,782.3,1.04,1.04,1.04,-0.066,Ordinary,Not in reference set,82.22,17.16,4.94,66.67,No,
IBUPROFEN,FOETAL MALFORMATION,Congenital,731,703.0,1.04,1.04,1.05,-0.066,Ordinary,Not in reference set,86.18,16.55,6.70,71.14,No,
SITAGLIPTIN,ALOPECIA,Skin,669,640.9,1.04,1.05,1.05,-0.066,Ordinary,Not in reference set,82.66,17.49,5.08,69.36,No,
LEVOTHYROXINE,DEPRESSION,Psychiatric,2927,2937.2,1.00,1.00,1.00,-0.066,Ordinary,Not in reference set,82.88,17.08,5.43,66.45,No,
LISINOPRIL,DIZZINESS,Nervous system,2509,2509.1,1.00,1.00,1.00,-0.066,Ordinary,Not in reference set,84.26,18.09,5.74,68.00,No,
PREDNISONE,DRUG INEFFECTIVE,General,2029,2018.8,1.01,1.01,1.01,-0.066,Ordinary,Not in reference set,83.59,19.17,6.31,68.01,No,
ONDANSETRON,HYPOGLYCAEMIA,Metabolic,1109,1083.8,1.02,1.03,1.03,-0.066,Ordinary,Not in reference set,82.15,17.67,5.68,67.81,No,
LEVOFLOXACIN,TREMOR,Nervous system,941,914.3,1.03,1.03,1.03,-0.066,Ordinary,Not in reference set,83.21,20.62,4.99,66.63,No,
MONTELUKAST,PHOTOSENSITIVITY REACTION,Skin,619,591.1,1.05,1.05,1.05,-0.066,Ordinary,Not in reference set,84.33,14.54,4.36,64.78,No,
AMLODIPINE,NAUSEA,Gastrointestinal,3059,3073.0,1.00,0.99,0.99,-0.066,Ordinary,Not in reference set,83.07,18.27,4.97,67.21,No,
LEVOTHYROXINE,INSOMNIA,Psychiatric,2443,2442.2,1.00,1.00,1.00,-0.066,Ordinary,Not in reference set,82.44,15.76,5.24,66.27,No,
CIPROFLOXACIN,DIARRHOEA,Gastrointestinal,1785,1770.4,1.01,1.01,1.01,-0.066,Ordinary,Not in reference set,81.18,16.81,5.71,65.43,No,
AMLODIPINE,VOMITING,Gastrointestinal,2495,2495.5,1.00,1.00,1.00,-0.066,Ordinary,Not in reference set,83.41,18.08,5.41,66.61,No,
CIPROFLOXACIN,SOMNOLENCE,Nervous system,1182,1158.0,1.02,1.02,1.02,-0.066,Ordinary,Not in reference set,83.16,18.87,5.33,69.29,No,
HYDROXYCHLOROQUINE,SEIZURE,Nervous system,523,495.4,1.06,1.06,1.06,-0.066,Ordinary,Not in reference set,83.17,20.08,5.35,67.69,No,
PANTOPRAZOLE,ARTHRALGIA,Musculoskeletal,1597,1579.3,1.01,1.01,1.01,-0.067,Ordinary,Not in reference set,83.84,18.91,5.70,70.51,No,
ADALIMUMAB,BACK PAIN,Musculoskeletal,841,813.8,1.03,1.04,1.04,-0.067,Ordinary,Not in reference set,83.12,18.67,6.78,65.28,No,
AMIODARONE,HYPERTENSION,Vascular,838,810.8,1.03,1.04,1.04,-0.067,Ordinary,Not in reference set,82.46,17.06,5.01,70.17,No,
LISINOPRIL,MYOCARDITIS,Cardiac,593,565.3,1.05,1.06,1.06,-0.067,Ordinary,Not in reference set,84.65,16.36,4.89,68.80,No,
AMLODIPINE,NIGHTMARE,Psychiatric,1266,1243.3,1.02,1.02,1.02,-0.067,Ordinary,Not in reference set,83.49,16.75,6.16,65.09,No,
ISOTRETINOIN,ABDOMINAL PAIN,Gastrointestinal,914,887.4,1.03,1.03,1.03,-0.067,Ordinary,Not in reference set,82.28,18.60,4.38,67.07,No,
ROSUVASTATIN,DEPRESSION,Psychiatric,2164,2157.8,1.00,1.00,1.00,-0.067,Ordinary,Not in reference set,83.41,17.61,4.44,68.53,No,
TAMSULOSIN,HEADACHE,Nervous system,1438,1417.9,1.01,1.02,1.02,-0.067,Ordinary,Not in reference set,83.10,16.34,6.26,65.65,No,
AMIODARONE,INSOMNIA,Psychiatric,1167,1143.1,1.02,1.02,1.02,-0.067,Ordinary,Not in reference set,83.03,16.88,5.83,67.35,No,
MONTELUKAST,COUGH,Respiratory,1729,1714.1,1.01,1.01,1.01,-0.067,Ordinary,Not in reference set,83.86,16.08,5.15,66.51,No,
AZITHROMYCIN,GASTROINTESTINAL HAEMORRHAGE,Gastrointestinal,1372,1351.0,1.02,1.02,1.02,-0.067,Ordinary,Not in reference set,81.71,16.40,6.49,67.27,No,
ALBUTEROL,NAUSEA,Gastrointestinal,2518,2520.1,1.00,1.00,1.00,-0.067,Ordinary,Not in reference set,84.11,16.76,5.44,68.27,No,
OMEPRAZOLE,DIZZINESS,Nervous system,2266,2262.4,1.00,1.00,1.00,-0.067,Ordinary,Not in reference set,83.67,15.67,5.25,66.86,No,
MONTELUKAST,WEIGHT DECREASED,Investigations,1194,1170.6,1.02,1.02,1.02,-0.067,Ordinary,Not in reference set,82.83,18.17,5.03,65.41,No,
PANTOPRAZOLE,ALOPECIA,Skin,923,896.7,1.03,1.03,1.03,-0.067,Ordinary,Not in reference set,81.26,16.14,4.98,66.85,No,
ATORVASTATIN,ABDOMINAL PAIN,Gastrointestinal,2192,2186.9,1.00,1.00,1.00,-0.067,Ordinary,Not in reference set,81.71,18.02,5.66,66.56,No,
TAMSULOSIN,ABDOMINAL PAIN,Gastrointestinal,1140,1116.0,1.02,1.02,1.02,-0.067,Ordinary,Not in reference set,81.67,19.04,5.79,69.47,No,
METFORMIN,NAUSEA,Gastrointestinal,3087,3103.8,0.99,0.99,0.99,-0.067,Ordinary,Not in reference set,83.64,18.08,5.18,67.80,No,
PREDNISONE,HYPONATRAEMIA,Metabolic,1008,982.6,1.03,1.03,1.03,-0.067,Ordinary,Not in reference set,83.13,16.27,6.15,65.97,No,
CLOPIDOGREL,DEPRESSION,Psychiatric,1911,1900.2,1.01,1.01,1.01,-0.067,Ordinary,Not in reference set,82.78,16.27,5.91,66.25,No,
CLOZAPINE,NAUSEA,Gastrointestinal,1620,1603.6,1.01,1.01,1.01,-0.067,Ordinary,Not in reference set,83.02,18.02,5.49,64.44,No,
ALLOPURINOL,MYALGIA,Musculoskeletal,1024,998.8,1.03,1.03,1.03,-0.067,Ordinary,Not in reference set,81.15,16.21,6.05,67.48,No,
IBUPROFEN,MYOCARDIAL INFARCTION,Cardiac,1510,1491.8,1.01,1.01,1.01,-0.067,Ordinary,Not in reference set,81.99,17.15,4.77,66.29,No,
ISOTRETINOIN,CARDIAC ARREST,Cardiac,289,264.6,1.09,1.10,1.10,-0.067,Ordinary,Not in reference set,83.74,13.84,5.54,68.86,No,
DULOXETINE,SUICIDAL IDEATION,Psychiatric,1209,1186.2,1.02,1.02,1.02,-0.068,Ordinary,Not in reference set,83.87,18.78,6.04,67.82,No,
WARFARIN,AMPUTATION,Procedural,506,478.9,1.06,1.06,1.06,-0.068,Ordinary,Not in reference set,82.41,17.98,3.36,69.96,No,
CANAGLIFLOZIN,GASTROINTESTINAL HAEMORRHAGE,Gastrointestinal,985,959.8,1.03,1.03,1.03,-0.068,Ordinary,Not in reference set,83.65,17.16,5.48,68.43,No,
METFORMIN,CLOSTRIDIUM DIFFICILE COLITIS,Gastrointestinal,752,725.1,1.04,1.04,1.04,-0.068,Ordinary,Not in reference set,83.24,17.42,6.12,64.49,No,
ALBUTEROL,ANXIETY,Psychiatric,1552,1535.0,1.01,1.01,1.01,-0.068,Ordinary,Not in reference set,81.51,17.46,6.31,66.24,No,
PANTOPRAZOLE,FOETAL MALFORMATION,Congenital,583,555.8,1.05,1.05,1.05,-0.068,Ordinary,Not in reference set,84.39,18.70,5.32,66.38,No,
AMIODARONE,HYPOGLYCAEMIA,Metabolic,715,688.0,1.04,1.04,1.04,-0.068,Ordinary,Not in reference set,82.24,15.66,4.90,66.29,No,
AMLODIPINE,ABDOMINAL PAIN,Gastrointestinal,2173,2169.2,1.00,1.00,1.00,-0.068,Ordinary,Not in reference set,84.35,17.12,6.07,68.84,No,
WARFARIN,AORTIC ANEURYSM,Vascular,542,515.1,1.05,1.06,1.06,-0.068,Ordinary,Not in reference set,82.84,16.79,6.83,70.11,No,
LISINOPRIL,PRURITUS,Skin,2169,2165.5,1.00,1.00,1.00,-0.069,Ordinary,Not in reference set,84.56,18.58,6.41,66.16,No,
ADALIMUMAB,SUICIDAL IDEATION,Psychiatric,1010,985.5,1.02,1.03,1.03,-0.069,Ordinary,Not in reference set,81.68,18.61,6.34,66.83,No,
FEBUXOSTAT,HAEMORRHAGE,Vascular,579,552.0,1.05,1.05,1.05,-0.069,Ordinary,Not in reference set,82.21,15.54,5.87,65.63,No,
TRAMADOL,DEPRESSION,Psychiatric,1918,1909.0,1.00,1.01,1.01,-0.069,Ordinary,Not in reference set,82.12,16.63,4.69,66.06,No,
HYDROXYCHLOROQUINE,HALLUCINATION,Psychiatric,360,334.6,1.08,1.08,1.08,-0.069,Ordinary,Not in reference set,81.94,13.61,3.89,63.06,No,
METHOTREXATE,BACK PAIN,Musculoskeletal,997,972.5,1.03,1.03,1.03,-0.069,Ordinary,Not in reference set,83.95,16.85,5.02,67.30,No,
FUROSEMIDE,OFF LABEL USE,General,1311,1290.9,1.02,1.02,1.02,-0.069,Ordinary,Not in reference set,83.22,18.61,6.64,67.89,No,
AMLODIPINE,ARTHRALGIA,Musculoskeletal,2194,2191.8,1.00,1.00,1.00,-0.069,Ordinary,Not in reference set,82.91,16.59,5.70,66.64,No,
PREDNISONE,DEPRESSION,Psychiatric,2167,2164.1,1.00,1.00,1.00,-0.069,Ordinary,Not in reference set,83.20,18.32,5.63,67.79,No,
GABAPENTIN,TACHYCARDIA,Cardiac,1307,1286.9,1.02,1.02,1.02,-0.069,Ordinary,Not in reference set,82.17,16.68,5.74,66.95,No,
CLOPIDOGREL,HEADACHE,Nervous system,1976,1969.0,1.00,1.00,1.00,-0.069,Ordinary,Not in reference set,83.30,17.16,5.67,67.26,No,
HYDROXYCHLOROQUINE,HYPERTENSION,Vascular,839,813.3,1.03,1.03,1.03,-0.069,Ordinary,Not in reference set,83.08,19.90,5.01,69.61,No,
DULOXETINE,NEUTROPENIA,Blood,610,583.3,1.05,1.05,1.05,-0.069,Ordinary,Not in reference set,83.77,13.93,6.39,66.72,No,
ONDANSETRON,PNEUMONIA,Infection,1261,1240.4,1.02,1.02,1.02,-0.069,Ordinary,Not in reference set,83.51,14.35,5.87,66.53,No,
ADALIMUMAB,GASTROINTESTINAL HAEMORRHAGE,Gastrointestinal,998,973.9,1.02,1.03,1.03,-0.069,Ordinary,Not in reference set,82.06,16.93,5.31,65.73,No,
FUROSEMIDE,FATIGUE,General,2283,2283.4,1.00,1.00,1.00,-0.069,Ordinary,Not in reference set,83.00,16.78,4.99,65.97,No,
PANTOPRAZOLE,DEPRESSION,Psychiatric,1924,1916.3,1.00,1.00,1.00,-0.070,Ordinary,Not in reference set,83.26,17.46,5.46,66.94,No,
AZITHROMYCIN,CONSTIPATION,Gastrointestinal,1360,1341.3,1.01,1.02,1.02,-0.070,Ordinary,Not in reference set,82.94,16.40,5.88,69.85,No,
METHOTREXATE,CONSTIPATION,Gastrointestinal,1177,1155.4,1.02,1.02,1.02,-0.070,Ordinary,Not in reference set,84.28,19.46,5.69,67.54,No,
WARFARIN,ARTHRALGIA,Musculoskeletal,1791,1780.7,1.01,1.01,1.01,-0.070,Ordinary,Not in reference set,83.81,17.53,6.64,66.44,No,
GABAPENTIN,MYOCARDIAL INFARCTION,Cardiac,1345,1326.1,1.01,1.02,1.02,-0.070,Ordinary,Not in reference set,83.87,19.26,4.09,66.02,No,
AMLODIPINE,ANGIOEDEMA,Skin,986,962.0,1.02,1.03,1.03,-0.070,Ordinary,Not in reference set,81.85,16.43,7.00,65.31,No,
MONTELUKAST,CONSTIPATION,Gastrointestinal,1737,1725.6,1.01,1.01,1.01,-0.070,Ordinary,Not in reference set,82.21,16.70,5.47,68.16,No,
CANAGLIFLOZIN,DIZZINESS,Nervous system,1287,1267.3,1.02,1.02,1.02,-0.070,Ordinary,Not in reference set,83.45,16.63,6.45,65.66,No,
ALLOPURINOL,HEPATIC FAILURE,Hepatobiliary,358,332.9,1.08,1.08,1.08,-0.070,Ordinary,Not in reference set,79.89,18.44,5.87,67.88,No,
ROSUVASTATIN,NAUSEA,Gastrointestinal,2487,2493.2,1.00,1.00,1.00,-0.070,Ordinary,Not in reference set,82.75,18.05,5.03,66.71,No,
AMLODIPINE,MEMORY IMPAIRMENT,Nervous system,983,959.1,1.02,1.03,1.03,-0.070,Ordinary,Not in reference set,82.71,17.60,6.21,67.04,No,
TRAMADOL,NIGHTMARE,Psychiatric,917,892.4,1.03,1.03,1.03,-0.070,Ordinary,Not in reference set,82.33,16.79,7.09,67.83,No,
METFORMIN,HYPOTENSION,Vascular,1645,1632.0,1.01,1.01,1.01,-0.070,Ordinary,Not in reference set,82.67,17.02,5.96,67.29,No,
ATORVASTATIN,SOMNOLENCE,Nervous system,1638,1624.8,1.01,1.01,1.01,-0.070,Ordinary,Not in reference set,81.75,17.03,5.25,65.63,No,
SERTRALINE,OFF LABEL USE,General,1297,1277.7,1.02,1.02,1.02,-0.070,Ordinary,Not in reference set,82.81,17.19,6.94,67.15,No,
GABAPENTIN,TORSADE DE POINTES,Cardiac,514,487.7,1.05,1.06,1.06,-0.070,Ordinary,Not in reference set,83.46,16.73,4.86,66.54,No,
AMLODIPINE,CONSTIPATION,Gastrointestinal,1876,1868.1,1.00,1.00,1.01,-0.070,Ordinary,Not in reference set,83.96,17.22,6.13,68.82,No,
METHOTREXATE,PYREXIA,General,1192,1171.2,1.02,1.02,1.02,-0.070,Ordinary,Not in reference set,85.07,18.37,5.62,68.71,No,
AZITHROMYCIN,ANAEMIA,Blood,1152,1130.6,1.02,1.02,1.02,-0.070,Ordinary,Not in reference set,83.94,18.06,6.25,66.32,No,
AMLODIPINE,STEVENS-JOHNSON SYNDROME,Skin,613,586.7,1.04,1.05,1.05,-0.070,Ordinary,Not in reference set,80.26,15.66,5.38,66.39,No,
FUROSEMIDE,PNEUMONIA,Infection,1267,1247.4,1.02,1.02,1.02,-0.070,Ordinary,Not in reference set,82.95,18.71,6.08,67.96,No,
OMEPRAZOLE,NAUSEA,Gastrointestinal,2783,2798.3,0.99,0.99,0.99,-0.071,Ordinary,Not in reference set,83.29,17.10,5.53,65.94,No,
SERTRALINE,HEADACHE,Nervous system,2233,2234.0,1.00,1.00,1.00,-0.071,Ordinary,Not in reference set,82.40,16.66,6.58,65.38,No,
FUROSEMIDE,TREMOR,Nervous system,1067,1044.7,1.02,1.02,1.02,-0.071,Ordinary,Not in reference set,82.10,15.56,5.25,66.92,No,
AMLODIPINE,ATRIAL FIBRILLATION,Cardiac,1247,1227.4,1.02,1.02,1.02,-0.071,Ordinary,Not in reference set,80.67,16.68,5.29,67.60,No,
HYDROXYCHLOROQUINE,HEADACHE,Nervous system,1445,1428.9,1.01,1.01,1.01,-0.071,Ordinary,Not in reference set,82.77,17.16,5.47,66.64,No,
LISINOPRIL,ACUTE KIDNEY INJURY,Renal,1402,1385.1,1.01,1.01,1.01,-0.071,Ordinary,Not in reference set,83.88,19.12,5.78,68.33,No,
TRAMADOL,PRURITUS,Skin,1553,1539.1,1.01,1.01,1.01,-0.071,Ordinary,Not in reference set,83.07,16.81,6.37,65.74,No,
LISINOPRIL,PULMONARY FIBROSIS,Respiratory,778,752.8,1.03,1.04,1.04,-0.071,Ordinary,Not in reference set,83.55,18.38,7.33,68.38,No,
FUROSEMIDE,MYOCARDIAL INFARCTION,Cardiac,1358,1340.5,1.01,1.01,1.01,-0.071,Ordinary,Not in reference set,82.99,16.57,4.20,67.01,No,
METHOTREXATE,ABDOMINAL PAIN,Gastrointestinal,1359,1341.6,1.01,1.01,1.01,-0.071,Ordinary,Not in reference set,84.11,18.03,5.15,66.23,No,
AMLODIPINE,GASTROINTESTINAL HAEMORRHAGE,Gastrointestinal,1888,1881.7,1.00,1.00,1.00,-0.071,Ordinary,Not in reference set,82.68,16.90,5.93,66.31,No,
SITAGLIPTIN,SEIZURE,Nervous system,518,492.1,1.05,1.06,1.06,-0.071,Ordinary,Not in reference set,82.63,15.25,5.98,67.37,No,
SITAGLIPTIN,DRUG INEFFECTIVE,General,1296,1277.7,1.01,1.02,1.02,-0.071,Ordinary,Not in reference set,82.64,18.36,5.02,65.35,No,
TAMSULOSIN,ACUTE KIDNEY INJURY,Renal,731,705.6,1.04,1.04,1.04,-0.071,Ordinary,Not in reference set,82.76,18.60,5.34,66.21,No,
VALPROATE,ATRIAL FIBRILLATION,Cardiac,669,643.3,1.04,1.04,1.04,-0.071,Ordinary,Not in reference set,84.01,17.04,4.78,69.66,No,
METFORMIN,PYREXIA,General,1918,1912.7,1.00,1.00,1.00,-0.071,Ordinary,Not in reference set,83.89,17.41,5.47,66.94,No,
PANTOPRAZOLE,ANAEMIA,Blood,1155,1134.6,1.02,1.02,1.02,-0.071,Ordinary,Not in reference set,83.20,16.28,4.33,67.88,No,
VALPROATE,FATIGUE,General,1476,1461.3,1.01,1.01,1.01,-0.072,Ordinary,Not in reference set,83.88,15.51,6.10,69.44,No,
LEVOTHYROXINE,DEHYDRATION,Metabolic,1398,1381.8,1.01,1.01,1.01,-0.072,Ordinary,Not in reference set,82.62,18.67,6.65,67.10,No,
ATORVASTATIN,DYSPNOEA,Respiratory,2195,2197.0,1.00,1.00,1.00,-0.072,Ordinary,Not in reference set,84.19,16.31,6.01,67.97,No,
METFORMIN,ANXIETY,Psychiatric,1896,1890.6,1.00,1.00,1.00,-0.072,Ordinary,Not in reference set,81.80,17.51,5.80,67.99,No,
IBUPROFEN,AMPUTATION,Procedural,563,537.2,1.05,1.05,1.05,-0.072,Ordinary,Not in reference set,84.19,17.58,5.33,69.80,No,
FUROSEMIDE,SEIZURE,Nervous system,807,782.5,1.03,1.03,1.04,-0.072,Ordinary,Not in reference set,82.03,14.62,4.83,69.64,No,
DULOXETINE,DEHYDRATION,Metabolic,804,779.5,1.03,1.03,1.03,-0.072,Ordinary,Not in reference set,83.21,18.41,5.72,66.04,No,
ATORVASTATIN,HEADACHE,Nervous system,2761,2778.4,0.99,0.99,0.99,-0.072,Ordinary,Not in reference set,83.48,17.96,5.83,65.41,No,
IBUPROFEN,SUICIDAL IDEATION,Psychiatric,1744,1735.4,1.00,1.01,1.01,-0.072,Ordinary,Not in reference set,83.89,16.86,5.68,66.46,No,
MONTELUKAST,BACK PAIN,Musculoskeletal,1467,1452.5,1.01,1.01,1.01,-0.072,Ordinary,Not in reference set,83.44,18.61,4.64,65.58,No,
TAMSULOSIN,MYOCARDIAL INFARCTION,Cardiac,866,842.1,1.03,1.03,1.03,-0.072,Ordinary,Not in reference set,83.26,19.28,4.73,69.75,No,
AMIODARONE,HEPATITIS,Hepatobiliary,390,365.0,1.07,1.07,1.07,-0.072,Ordinary,Not in reference set,88.21,20.26,4.87,68.72,No,
IBUPROFEN,CONFUSIONAL STATE,Psychiatric,1163,1143.2,1.02,1.02,1.02,-0.072,Ordinary,Not in reference set,84.18,17.97,5.16,67.93,No,
FUROSEMIDE,DIZZINESS,Nervous system,2036,2034.7,1.00,1.00,1.00,-0.072,Ordinary,Not in reference set,83.60,18.12,5.26,66.36,No,
ALBUTEROL,DRUG INEFFECTIVE,General,2036,2034.7,1.00,1.00,1.00,-0.072,Ordinary,Not in reference set,84.68,17.73,5.80,67.53,No,
HYDROXYCHLOROQUINE,DIARRHOEA,Gastrointestinal,1295,1277.6,1.01,1.01,1.02,-0.072,Ordinary,Not in reference set,82.16,18.84,5.71,67.64,No,
FEBUXOSTAT,HYPOTENSION,Vascular,705,680.0,1.04,1.04,1.04,-0.072,Ordinary,Not in reference set,85.53,18.01,6.38,68.51,No,
TRAMADOL,FATIGUE,General,2003,2001.3,1.00,1.00,1.00,-0.073,Ordinary,Not in reference set,83.37,17.67,5.84,64.70,No,
SERTRALINE,COUGH,Respiratory,1517,1504.1,1.01,1.01,1.01,-0.073,Ordinary,Not in reference set,84.25,16.22,5.21,66.78,No,
CLOPIDOGREL,COUGH,Respiratory,1342,1325.7,1.01,1.01,1.01,-0.073,Ordinary,Not in reference set,83.38,14.98,4.92,68.78,No,
ATORVASTATIN,TREMOR,Nervous system,1303,1286.0,1.01,1.01,1.02,-0.073,Ordinary,Not in reference set,83.42,16.88,6.29,66.23,No,
SITAGLIPTIN,FATIGUE,General,1450,1435.9,1.01,1.01,1.01,-0.073,Ordinary,Not in reference set,80.62,16.83,5.52,64.97,No,
LISINOPRIL,SEROTONIN SYNDROME,Nervous system,741,716.4,1.03,1.04,1.04,-0.073,Ordinary,Not in reference set,84.21,19.30,6.07,67.48,No,
METHOTREXATE,INSOMNIA,Psychiatric,1383,1367.7,1.01,1.01,1.01,-0.073,Ordinary,Not in reference set,84.31,16.99,6.15,66.81,No,
CELECOXIB,DYSPNOEA,Respiratory,1149,1129.5,1.02,1.02,1.02,-0.073,Ordinary,Not in reference set,84.86,18.71,4.96,67.28,No,
SITAGLIPTIN,PYREXIA,General,997,975.2,1.02,1.02,1.02,-0.073,Ordinary,Not in reference set,82.55,18.56,5.42,66.80,No,
METFORMIN,RASH,Skin,2479,2490.3,1.00,0.99,0.99,-0.073,Ordinary,Not in reference set,84.43,18.03,5.49,66.92,No,
SITAGLIPTIN,INSOMNIA,Psychiatric,1158,1138.8,1.02,1.02,1.02,-0.073,Ordinary,Not in reference set,82.47,16.15,6.82,66.67,No,
AMLODIPINE,HEADACHE,Nervous system,2737,2755.9,0.99,0.99,0.99,-0.073,Ordinary,Not in reference set,83.56,17.14,5.44,67.30,No,
CIPROFLOXACIN,RASH,Skin,1778,1771.5,1.00,1.00,1.00,-0.073,Ordinary,Not in reference set,82.85,15.24,5.51,67.44,No,
TRAMADOL,ANXIETY,Psychiatric,1359,1343.5,1.01,1.01,1.01,-0.073,Ordinary,Not in reference set,79.47,15.75,4.19,67.62,No,
ISOTRETINOIN,PRURITUS,Skin,900,877.2,1.03,1.03,1.03,-0.073,Ordinary,Not in reference set,82.56,16.89,5.89,66.56,No,
MONTELUKAST,FOETAL MALFORMATION,Congenital,737,712.6,1.03,1.04,1.04,-0.073,Ordinary,Not in reference set,84.26,17.77,6.38,69.47,No,
SITAGLIPTIN,SEROTONIN SYNDROME,Nervous system,390,365.3,1.07,1.07,1.07,-0.073,Ordinary,Not in reference set,81.79,17.44,5.64,68.97,No,
ONDANSETRON,ANXIETY,Psychiatric,1536,1524.2,1.01,1.01,1.01,-0.073,Ordinary,Not in reference set,83.07,16.47,5.60,63.67,No,
HYDROXYCHLOROQUINE,ABDOMINAL PAIN,Gastrointestinal,1144,1124.7,1.02,1.02,1.02,-0.073,Ordinary,Not in reference set,83.65,17.66,4.90,65.91,No,
ONDANSETRON,DIARRHOEA,Gastrointestinal,2007,2006.5,1.00,1.00,1.00,-0.073,Ordinary,Not in reference set,82.46,16.69,5.08,67.31,No,
ADALIMUMAB,PANCREATITIS,Gastrointestinal,508,482.8,1.05,1.06,1.06,-0.073,Ordinary,Not in reference set,81.89,19.29,5.71,66.14,No,
DULOXETINE,NAUSEA,Gastrointestinal,1917,1914.3,1.00,1.00,1.00,-0.073,Ordinary,Not in reference set,82.84,16.95,5.53,66.61,No,
PANTOPRAZOLE,MUSCULAR WEAKNESS,Musculoskeletal,927,904.8,1.02,1.03,1.03,-0.074,Ordinary,Not in reference set,80.91,17.69,6.26,66.34,No,
CIPROFLOXACIN,MYOCARDITIS,Cardiac,427,402.2,1.06,1.07,1.07,-0.074,Ordinary,Not in reference set,82.20,18.03,4.92,64.64,No,
AMIODARONE,DIARRHOEA,Gastrointestinal,1290,1273.7,1.01,1.01,1.01,-0.074,Ordinary,Not in reference set,82.17,18.84,5.50,66.51,No,
AMLODIPINE,SEIZURE,Nervous system,977,955.5,1.02,1.03,1.03,-0.074,Ordinary,Not in reference set,84.24,17.60,6.45,70.62,No,
TAMSULOSIN,ANGIOEDEMA,Skin,520,494.9,1.05,1.05,1.06,-0.074,Ordinary,Not in reference set,78.46,19.04,4.81,65.38,No,
ESOMEPRAZOLE,HEADACHE,Nervous system,1978,1977.3,1.00,1.00,1.00,-0.074,Ordinary,Not in reference set,82.86,16.99,5.66,68.15,No,
INSULIN GLARGINE,FATIGUE,General,1727,1720.1,1.00,1.00,1.00,-0.074,Ordinary,Not in reference set,83.56,17.60,4.11,65.95,No,
METFORMIN,PARAESTHESIA,Nervous system,1309,1293.2,1.01,1.01,1.01,-0.074,Ordinary,Not in reference set,82.96,17.34,4.66,66.23,No,
ONDANSETRON,MUSCULAR WEAKNESS,Musculoskeletal,1043,1022.6,1.02,1.02,1.02,-0.074,Ordinary,Not in reference set,83.89,16.20,5.08,68.65,No,
ATORVASTATIN,ANGIOEDEMA,Skin,991,969.8,1.02,1.02,1.03,-0.074,Ordinary,Not in reference set,84.96,18.26,6.05,67.00,No,
PANTOPRAZOLE,TREMOR,Nervous system,941,919.1,1.02,1.03,1.03,-0.074,Ordinary,Not in reference set,82.68,15.83,5.74,67.16,No,
WARFARIN,DEHYDRATION,Metabolic,1037,1016.5,1.02,1.02,1.02,-0.074,Ordinary,Not in reference set,84.47,16.01,4.44,67.21,No,
VALPROATE,TENDON RUPTURE,Musculoskeletal,758,734.1,1.03,1.03,1.04,-0.074,Ordinary,Not in reference set,80.87,17.28,6.20,67.94,No,
METHOTREXATE,VOMITING,Gastrointestinal,1554,1543.4,1.01,1.01,1.01,-0.074,Ordinary,Not in reference set,83.78,16.54,5.73,67.44,No,
ROSUVASTATIN,MYOCARDIAL INFARCTION,Cardiac,1343,1328.0,1.01,1.01,1.01,-0.074,Ordinary,Not in reference set,85.26,19.21,5.29,68.28,No,
AZITHROMYCIN,MYOCARDIAL INFARCTION,Cardiac,1193,1175.2,1.02,1.02,1.02,-0.074,Ordinary,Not in reference set,82.23,16.43,5.45,66.14,No,
CIPROFLOXACIN,DEHYDRATION,Metabolic,921,899.0,1.02,1.03,1.03,-0.074,Ordinary,Not in reference set,83.39,16.40,5.54,67.10,No,
ALBUTEROL,VOMITING,Gastrointestinal,2045,2046.6,1.00,1.00,1.00,-0.074,Ordinary,Not in reference set,83.77,17.70,5.23,69.05,No,
GABAPENTIN,URTICARIA,Skin,1293,1277.3,1.01,1.01,1.01,-0.074,Ordinary,Not in reference set,82.21,17.94,5.65,66.05,No,
AZITHROMYCIN,HYPERKALAEMIA,Metabolic,714,690.0,1.03,1.04,1.04,-0.074,Ordinary,Not in reference set,85.43,18.07,6.02,65.27,No,
MONTELUKAST,INSOMNIA,Psychiatric,2041,2042.8,1.00,1.00,1.00,-0.074,Ordinary,Not in reference set,83.59,16.66,4.90,66.39,No,
GABAPENTIN,RASH,Skin,1997,1997.5,1.00,1.00,1.00,-0.074,Ordinary,Not in reference set,82.52,17.58,5.51,67.60,No,
AZITHROMYCIN,SUICIDAL IDEATION,Psychiatric,1381,1367.2,1.01,1.01,1.01,-0.074,Ordinary,Not in reference set,84.50,18.25,6.73,64.81,No,
CIPROFLOXACIN,URTICARIA,Skin,1151,1132.8,1.02,1.02,1.02,-0.074,Ordinary,Not in reference set,83.32,17.20,5.21,66.90,No,
TRAMADOL,CONFUSIONAL STATE,Psychiatric,922,900.4,1.02,1.03,1.03,-0.075,Ordinary,Not in reference set,84.82,16.92,6.62,65.62,No,
TRAMADOL,PHOTOSENSITIVITY REACTION,Skin,484,459.3,1.05,1.06,1.06,-0.075,Ordinary,Not in reference set,82.64,15.70,5.99,67.36,No,
AMLODIPINE,SOMNOLENCE,Nervous system,1620,1611.7,1.01,1.01,1.01,-0.075,Ordinary,Not in reference set,84.69,18.27,4.57,68.33,No,
TRAMADOL,PYREXIA,General,1373,1359.2,1.01,1.01,1.01,-0.075,Ordinary,Not in reference set,82.01,18.65,5.97,66.13,No,
CIPROFLOXACIN,FATIGUE,General,2002,2003.4,1.00,1.00,1.00,-0.075,Ordinary,Not in reference set,82.12,17.28,5.34,67.13,No,
CANAGLIFLOZIN,HAEMORRHAGE,Vascular,693,669.0,1.04,1.04,1.04,-0.075,Ordinary,Not in reference set,81.67,15.87,6.20,64.65,No,
PREDNISONE,INSOMNIA,Psychiatric,1803,1799.4,1.00,1.00,1.00,-0.075,Ordinary,Not in reference set,82.81,18.30,4.94,68.83,No,
AMIODARONE,DEPRESSION,Psychiatric,1388,1374.8,1.01,1.01,1.01,-0.075,Ordinary,Not in reference set,82.49,17.58,5.33,65.20,No,
PANTOPRAZOLE,COUGH,Respiratory,1351,1337.0,1.01,1.01,1.01,-0.075,Ordinary,Not in reference set,82.61,17.25,6.51,67.21,No,
LEVOTHYROXINE,MYOCARDIAL INFARCTION,Cardiac,1811,1807.7,1.00,1.00,1.00,-0.075,Ordinary,Not in reference set,82.11,17.23,4.97,65.93,No,
INSULIN GLARGINE,URTICARIA,Skin,993,972.6,1.02,1.02,1.02,-0.075,Ordinary,Not in reference set,83.28,18.73,4.33,66.97,No,
AZITHROMYCIN,LACTIC ACIDOSIS,Metabolic,677,653.1,1.04,1.04,1.04,-0.075,Ordinary,Not in reference set,84.64,17.28,4.87,62.78,No,
LISINOPRIL,ABDOMINAL PAIN,Gastrointestinal,2184,2190.7,1.00,1.00,1.00,-0.075,Ordinary,Not in reference set,81.96,16.07,5.68,65.84,No,
AMLODIPINE,DRUG INEFFECTIVE,General,2466,2481.0,0.99,0.99,0.99,-0.075,Ordinary,Not in reference set,83.50,16.55,6.12,66.95,No,
METFORMIN,DYSPNOEA,Respiratory,2194,2201.1,1.00,1.00,1.00,-0.075,Ordinary,Not in reference set,84.32,16.96,5.24,67.73,No,
CLOZAPINE,TACHYCARDIA,Cardiac,851,828.9,1.03,1.03,1.03,-0.075,Ordinary,Not in reference set,83.78,17.04,5.88,69.45,No,
IBUPROFEN,INSOMNIA,Psychiatric,2013,2015.4,1.00,1.00,1.00,-0.075,Ordinary,Not in reference set,81.97,17.09,5.81,67.36,No,
FUROSEMIDE,HYPOTENSION,Vascular,1337,1323.2,1.01,1.01,1.01,-0.075,Ordinary,Not in reference set,83.10,18.70,5.61,67.54,No,
WARFARIN,ELECTROCARDIOGRAM QT PROLONGED,Cardiac,1209,1192.7,1.01,1.02,1.02,-0.075,Ordinary,Not in reference set,82.38,16.46,5.71,65.34,No,
INSULIN GLARGINE,COUGH,Respiratory,1162,1144.8,1.02,1.02,1.02,-0.075,Ordinary,Not in reference set,84.25,18.24,6.11,66.87,No,
CIPROFLOXACIN,PANCREATITIS,Gastrointestinal,694,670.3,1.04,1.04,1.04,-0.075,Ordinary,Not in reference set,82.56,17.15,3.46,66.86,No,
IBUPROFEN,CLOSTRIDIUM DIFFICILE COLITIS,Gastrointestinal,678,654.2,1.04,1.04,1.04,-0.075,Ordinary,Not in reference set,85.40,16.52,6.93,69.17,No,
INSULIN GLARGINE,DIZZINESS,Nervous system,1542,1532.8,1.01,1.01,1.01,-0.075,Ordinary,Not in reference set,81.78,19.33,6.55,66.80,No,
ROSUVASTATIN,GASTROINTESTINAL HAEMORRHAGE,Gastrointestinal,1536,1526.7,1.01,1.01,1.01,-0.075,Ordinary,Not in reference set,83.33,18.10,5.14,65.49,No,
WARFARIN,HYPERTENSION,Vascular,1289,1274.3,1.01,1.01,1.01,-0.075,Ordinary,Not in reference set,81.77,15.67,5.12,68.19,No,
WARFARIN,HYPONATRAEMIA,Metabolic,1001,981.1,1.02,1.02,1.02,-0.075,Ordinary,Not in reference set,82.12,18.68,4.90,68.03,No,
LISINOPRIL,ANAEMIA,Blood,1598,1590.2,1.00,1.01,1.01,-0.076,Ordinary,Not in reference set,83.35,17.83,6.20,67.96,No,
APIXABAN,DRUG INEFFECTIVE,General,1538,1528.8,1.01,1.01,1.01,-0.076,Ordinary,Not in reference set,82.44,16.51,5.98,66.71,No,
PREDNISONE,BACK PAIN,Musculoskeletal,1294,1279.5,1.01,1.01,1.01,-0.076,Ordinary,Not in reference set,82.07,16.69,5.95,65.92,No,
VARENICLINE,DIARRHOEA,Gastrointestinal,1038,1018.8,1.02,1.02,1.02,-0.076,Ordinary,Not in reference set,82.85,15.70,5.88,64.45,No,
PANTOPRAZOLE,DIZZINESS,Nervous system,1793,1790.1,1.00,1.00,1.00,-0.076,Ordinary,Not in reference set,85.28,17.01,5.58,67.09,No,
PREDNISONE,SUICIDAL IDEATION,Psychiatric,1558,1549.4,1.01,1.01,1.01,-0.076,Ordinary,Not in reference set,83.06,16.75,6.10,67.97,No,
ADALIMUMAB,TACHYCARDIA,Cardiac,844,822.1,1.03,1.03,1.03,-0.076,Ordinary,Not in reference set,84.95,17.77,4.62,68.60,No,
LEVOFLOXACIN,ARTHRALGIA,Musculoskeletal,1579,1571.0,1.01,1.01,1.01,-0.076,Ordinary,Not in reference set,82.65,16.85,4.94,67.76,No,
LISINOPRIL,HAEMORRHAGE,Vascular,1338,1324.6,1.01,1.01,1.01,-0.076,Ordinary,Not in reference set,82.14,15.70,5.31,67.26,No,
MONTELUKAST,MEMORY IMPAIRMENT,Nervous system,907,886.0,1.02,1.03,1.03,-0.076,Ordinary,Not in reference set,83.68,15.44,6.62,67.25,No,
AMIODARONE,FATIGUE,General,1452,1441.3,1.01,1.01,1.01,-0.076,Ordinary,Not in reference set,82.64,17.22,7.51,66.12,No,
APIXABAN,HYPOGLYCAEMIA,Metabolic,842,820.2,1.03,1.03,1.03,-0.076,Ordinary,Not in reference set,82.90,20.07,6.18,65.91,No,
TAMSULOSIN,BRADYCARDIA,Cardiac,352,328.4,1.07,1.08,1.08,-0.076,Ordinary,Not in reference set,82.39,15.06,6.25,65.63,No,
ATORVASTATIN,NEUTROPENIA,Blood,964,943.9,1.02,1.02,1.02,-0.076,Ordinary,Not in reference set,84.54,15.98,4.98,65.87,No,
TRAMADOL,HYPONATRAEMIA,Metabolic,888,866.8,1.02,1.03,1.03,-0.076,Ordinary,Not in reference set,83.33,15.54,5.74,65.77,No,
CELECOXIB,HYPOTENSION,Vascular,859,837.5,1.03,1.03,1.03,-0.076,Ordinary,Not in reference set,84.17,18.63,5.24,66.59,No,
METHOTREXATE,ANXIETY,Psychiatric,1174,1157.6,1.01,1.02,1.02,-0.076,Ordinary,Not in reference set,84.58,17.72,6.13,66.95,No,
PREDNISONE,CLOSTRIDIUM DIFFICILE COLITIS,Gastrointestinal,608,584.1,1.04,1.04,1.05,-0.076,Ordinary,Not in reference set,84.54,16.45,5.26,67.60,No,
APIXABAN,ARTHRALGIA,Musculoskeletal,1363,1350.6,1.01,1.01,1.01,-0.076,Ordinary,Not in reference set,83.49,16.21,6.09,63.68,No,
AMLODIPINE,HYPERTENSION,Vascular,1576,1568.6,1.00,1.01,1.01,-0.076,Ordinary,Not in reference set,83.69,17.13,5.14,68.08,No,
SERTRALINE,TENDON RUPTURE,Musculoskeletal,1152,1135.4,1.01,1.02,1.02,-0.076,Ordinary,Not in reference set,83.07,18.23,4.86,68.66,No,
ADALIMUMAB,MALAISE,General,831,809.3,1.03,1.03,1.03,-0.076,Ordinary,Not in reference set,83.03,18.29,5.42,65.82,No,
CLOZAPINE,CONGENITAL ANOMALY,Congenital,181,160.9,1.12,1.13,1.13,-0.076,Ordinary,Not in reference set,77.35,13.81,3.31,69.06,No,
LEVOFLOXACIN,ANXIETY,Psychiatric,1354,1341.6,1.01,1.01,1.01,-0.076,Ordinary,Not in reference set,83.09,17.36,6.13,67.36,No,
METFORMIN,CONFUSIONAL STATE,Psychiatric,1281,1267.0,1.01,1.01,1.01,-0.076,Ordinary,Not in reference set,82.83,16.94,4.92,69.48,No,
DULOXETINE,ANXIETY,Psychiatric,1182,1166.0,1.01,1.01,1.02,-0.076,Ordinary,Not in reference set,82.83,17.85,5.58,67.26,No,
DULOXETINE,HALLUCINATION,Psychiatric,426,402.0,1.06,1.06,1.07,-0.076,Ordinary,Not in reference set,85.68,14.08,4.69,62.68,No,
DULOXETINE,OFF LABEL USE,General,1001,981.9,1.02,1.02,1.02,-0.077,Ordinary,Not in reference set,82.32,17.08,4.80,65.13,No,
APIXABAN,TENDON RUPTURE,Musculoskeletal,884,863.1,1.02,1.03,1.03,-0.077,Ordinary,Not in reference set,84.16,18.89,4.52,67.08,No,
PANTOPRAZOLE,ANGIOEDEMA,Skin,716,693.1,1.03,1.04,1.04,-0.077,Ordinary,Not in reference set,83.94,17.74,7.12,66.62,No,
METFORMIN,ARTHRALGIA,Musculoskeletal,2204,2213.9,1.00,1.00,0.99,-0.077,Ordinary,Not in reference set,81.90,17.47,5.22,66.88,No,
AMIODARONE,NAUSEA,Gastrointestinal,1595,1588.5,1.00,1.00,1.00,-0.077,Ordinary,Not in reference set,82.19,17.55,5.89,67.02,No,
OMEPRAZOLE,PANCYTOPENIA,Blood,1036,1017.6,1.02,1.02,1.02,-0.077,Ordinary,Not in reference set,84.65,16.22,4.63,65.64,No,
METHOTREXATE,ANAEMIA,Blood,993,973.9,1.02,1.02,1.02,-0.077,Ordinary,Not in reference set,82.38,18.23,6.55,64.35,No,
INSULIN GLARGINE,RHABDOMYOLYSIS,Musculoskeletal,740,717.4,1.03,1.03,1.03,-0.077,Ordinary,Not in reference set,83.11,18.51,5.14,67.03,No,
FEBUXOSTAT,SUICIDAL IDEATION,Psychiatric,823,801.4,1.03,1.03,1.03,-0.077,Ordinary,Not in reference set,83.72,15.80,5.10,63.67,No,
ALLOPURINOL,DEHYDRATION,Metabolic,678,654.9,1.04,1.04,1.04,-0.077,Ordinary,Not in reference set,82.74,17.55,5.60,67.85,No,
CLOPIDOGREL,BRADYCARDIA,Cardiac,480,456.0,1.05,1.06,1.06,-0.077,Ordinary,Not in reference set,85.63,15.42,5.21,68.13,No,
IBUPROFEN,RASH,Skin,2236,2247.0,1.00,0.99,0.99,-0.077,Ordinary,Not in reference set,83.86,17.62,5.23,68.29,No,
VALPROATE,DIZZINESS,Nervous system,1315,1302.2,1.01,1.01,1.01,-0.077,Ordinary,Not in reference set,83.80,17.26,5.78,67.60,No,
ISOTRETINOIN,RASH,Skin,1027,1008.6,1.02,1.02,1.02,-0.077,Ordinary,Not in reference set,83.74,16.46,4.58,68.65,No,
HYDROXYCHLOROQUINE,DYSPNOEA,Respiratory,1146,1129.9,1.01,1.02,1.02,-0.077,Ordinary,Not in reference set,82.98,18.85,6.11,69.20,No,
SITAGLIPTIN,GASTROINTESTINAL HAEMORRHAGE,Gastrointestinal,988,969.0,1.02,1.02,1.02,-0.077,Ordinary,Not in reference set,82.09,17.71,5.47,64.88,No,
ESOMEPRAZOLE,AGRANULOCYTOSIS,Blood,617,593.5,1.04,1.04,1.04,-0.077,Ordinary,Not in reference set,82.66,18.31,4.21,64.51,No,
ALBUTEROL,FATIGUE,General,2274,2286.6,0.99,0.99,0.99,-0.077,Ordinary,Not in reference set,84.30,17.02,5.67,68.07,No,
APIXABAN,PNEUMONIA,Infection,958,938.6,1.02,1.02,1.02,-0.077,Ordinary,Not in reference set,83.40,18.58,3.86,65.14,No,
LEVOTHYROXINE,FATIGUE,General,3042,3079.1,0.99,0.99,0.99,-0.077,Ordinary,Not in reference set,82.38,17.59,5.33,66.80,No,
MONTELUKAST,AGGRESSION,Psychiatric,615,591.6,1.04,1.04,1.04,-0.077,Ordinary,Not in reference set,83.58,16.91,5.37,67.48,No,
IBUPROFEN,HAEMORRHAGE,Vascular,1210,1195.4,1.01,1.01,1.01,-0.077,Ordinary,Not in reference set,82.89,18.35,5.87,64.13,No,
AZITHROMYCIN,DEPRESSION,Psychiatric,1907,1909.6,1.00,1.00,1.00,-0.078,Ordinary,Not in reference set,83.32,16.89,5.66,65.71,No,
WARFARIN,INSOMNIA,Psychiatric,1797,1796.5,1.00,1.00,1.00,-0.078,Ordinary,Not in reference set,84.14,16.81,5.12,67.39,No,
CIPROFLOXACIN,MYALGIA,Musculoskeletal,1382,1371.2,1.01,1.01,1.01,-0.078,Ordinary,Not in reference set,82.56,16.50,5.72,67.29,No,
MONTELUKAST,ACUTE KIDNEY INJURY,Renal,1280,1266.9,1.01,1.01,1.01,-0.078,Ordinary,Not in reference set,82.34,17.03,5.70,68.59,No,
METFORMIN,NIGHTMARE,Psychiatric,1269,1255.8,1.01,1.01,1.01,-0.078,Ordinary,Not in reference set,83.77,19.46,4.96,67.61,No,
SITAGLIPTIN,TACHYCARDIA,Cardiac,839,818.0,1.03,1.03,1.03,-0.078,Ordinary,Not in reference set,81.64,15.97,6.32,66.39,No,
LEVOFLOXACIN,ANGIOEDEMA,Skin,712,689.5,1.03,1.04,1.04,-0.078,Ordinary,Not in reference set,85.11,17.70,6.46,66.01,No,
FEBUXOSTAT,DIABETIC KETOACIDOSIS,Metabolic,484,460.2,1.05,1.05,1.06,-0.078,Ordinary,Not in reference set,83.47,18.80,3.93,66.74,No,
LEVOTHYROXINE,HEADACHE,Nervous system,3007,3043.5,0.99,0.99,0.99,-0.078,Ordinary,Not in reference set,82.71,16.73,5.85,68.21,No,
ROSUVASTATIN,DIARRHOEA,Gastrointestinal,1994,1999.1,1.00,1.00,1.00,-0.078,Ordinary,Not in reference set,82.40,16.05,4.71,64.94,No,
MONTELUKAST,GASTROINTESTINAL HAEMORRHAGE,Gastrointestinal,1740,1738.2,1.00,1.00,1.00,-0.078,Ordinary,Not in reference set,82.07,18.45,4.83,66.55,No,
ALBUTEROL,HYPOGLYCAEMIA,Metabolic,1108,1091.5,1.02,1.02,1.02,-0.078,Ordinary,Not in reference set,82.94,18.50,5.96,66.16,No,
APIXABAN,PANCYTOPENIA,Blood,711,688.6,1.03,1.03,1.04,-0.078,Ordinary,Not in reference set,81.15,17.58,6.89,67.79,No,
ATORVASTATIN,DEPRESSION,Psychiatric,2656,2681.3,0.99,0.99,0.99,-0.078,Ordinary,Not in reference set,83.02,18.56,5.35,66.42,No,
CLOZAPINE,MYALGIA,Musculoskeletal,1014,995.9,1.02,1.02,1.02,-0.078,Ordinary,Not in reference set,84.22,18.54,5.23,67.85,No,
AMIODARONE,PHOTOSENSITIVITY REACTION,Skin,354,330.8,1.07,1.07,1.08,-0.078,Ordinary,Not in reference set,83.90,14.41,3.95,68.64,No,
APIXABAN,PULMONARY FIBROSIS,Respiratory,483,459.3,1.05,1.06,1.06,-0.078,Ordinary,Not in reference set,80.54,16.77,9.11,65.01,No,
ROSUVASTATIN,ANAEMIA,Blood,1290,1277.5,1.01,1.01,1.01,-0.078,Ordinary,Not in reference set,83.41,17.60,5.81,67.75,No,
LISINOPRIL,HEPATIC FAILURE,Hepatobiliary,665,642.3,1.04,1.04,1.04,-0.078,Ordinary,Not in reference set,81.35,17.44,6.92,64.06,No,
VALPROATE,CONFUSIONAL STATE,Psychiatric,680,657.5,1.03,1.04,1.04,-0.078,Ordinary,Not in reference set,82.35,17.06,6.03,67.21,No,
PREDNISONE,STEVENS-JOHNSON SYNDROME,Skin,501,477.4,1.05,1.05,1.06,-0.078,Ordinary,Not in reference set,85.03,17.96,5.19,67.07,No,
ATORVASTATIN,VOMITING,Gastrointestinal,2495,2515.8,0.99,0.99,0.99,-0.078,Ordinary,Not in reference set,82.89,19.24,5.65,67.21,No,
ONDANSETRON,ABDOMINAL PAIN,Gastrointestinal,1767,1766.4,1.00,1.00,1.00,-0.078,Ordinary,Not in reference set,83.93,16.13,5.66,67.01,No,
SERTRALINE,MYALGIA,Musculoskeletal,1553,1547.0,1.00,1.00,1.00,-0.078,Ordinary,Not in reference set,85.25,16.93,4.76,68.58,No,
ONDANSETRON,URTICARIA,Skin,1296,1283.8,1.01,1.01,1.01,-0.078,Ordinary,Not in reference set,82.95,16.82,7.41,65.82,No,
METFORMIN,DRUG INEFFECTIVE,General,2485,2505.9,0.99,0.99,0.99,-0.078,Ordinary,Not in reference set,81.89,19.64,6.20,66.48,No,
PANTOPRAZOLE,BACK PAIN,Musculoskeletal,1148,1133.0,1.01,1.01,1.01,-0.079,Ordinary,Not in reference set,82.58,16.81,4.01,66.64,No,
ISOTRETINOIN,VOMITING,Gastrointestinal,1038,1020.9,1.02,1.02,1.02,-0.079,Ordinary,Not in reference set,83.91,17.44,4.53,65.41,No,
ALBUTEROL,DIABETIC KETOACIDOSIS,Metabolic,916,896.8,1.02,1.02,1.02,-0.079,Ordinary,Not in reference set,84.28,18.23,5.57,68.78,No,
APIXABAN,DIABETIC KETOACIDOSIS,Metabolic,696,673.8,1.03,1.04,1.04,-0.079,Ordinary,Not in reference set,82.90,19.40,5.46,68.39,No,
LEVOTHYROXINE,DIARRHOEA,Gastrointestinal,2693,2721.1,0.99,0.99,0.99,-0.079,Ordinary,Not in reference set,83.88,16.23,4.68,65.65,No,
TAMSULOSIN,MALAISE,General,825,804.5,1.03,1.03,1.03,-0.079,Ordinary,Not in reference set,84.12,16.48,4.73,67.88,No,
LEVOTHYROXINE,DRUG INEFFECTIVE,General,2711,2739.9,0.99,0.99,0.99,-0.079,Ordinary,Not in reference set,83.22,17.89,4.76,66.88,No,
IBUPROFEN,DIZZINESS,Nervous system,2250,2264.3,0.99,0.99,0.99,-0.079,Ordinary,Not in reference set,82.49,17.73,6.00,66.76,No,
GABAPENTIN,PYREXIA,General,1540,1534.2,1.00,1.00,1.00,-0.079,Ordinary,Not in reference set,83.12,16.75,5.52,66.49,No,
WARFARIN,TREMOR,Nervous system,1053,1036.3,1.02,1.02,1.02,-0.079,Ordinary,Not in reference set,82.05,17.09,5.60,66.00,No,
PANTOPRAZOLE,HYPOGLYCAEMIA,Metabolic,977,959.0,1.02,1.02,1.02,-0.079,Ordinary,Not in reference set,82.50,17.81,4.91,68.78,No,
LISINOPRIL,OFF LABEL USE,General,1596,1591.9,1.00,1.00,1.00,-0.079,Ordinary,Not in reference set,86.03,19.49,5.76,69.61,No,
TRAMADOL,VOMITING,Gastrointestinal,1790,1791.3,1.00,1.00,1.00,-0.079,Ordinary,Not in reference set,84.19,17.49,5.87,67.60,No,
ONDANSETRON,TENDON RUPTURE,Musculoskeletal,1155,1140.6,1.01,1.01,1.01,-0.079,Ordinary,Not in reference set,81.99,18.44,6.93,66.23,No,
ISOTRETINOIN,NAUSEA,Gastrointestinal,1269,1257.1,1.01,1.01,1.01,-0.079,Ordinary,Not in reference set,84.08,16.00,5.36,66.43,No,
ROSUVASTATIN,ATRIAL FIBRILLATION,Cardiac,1013,995.8,1.02,1.02,1.02,-0.079,Ordinary,Not in reference set,80.95,17.67,5.23,64.17,No,
ROSUVASTATIN,FATIGUE,General,2247,2262.1,0.99,0.99,0.99,-0.079,Ordinary,Not in reference set,82.91,16.38,6.10,67.69,No,
WARFARIN,URTICARIA,Skin,1292,1280.8,1.01,1.01,1.01,-0.079,Ordinary,Not in reference set,83.90,15.87,4.72,67.49,No,
VARENICLINE,RASH,Skin,1036,1019.5,1.02,1.02,1.02,-0.079,Ordinary,Not in reference set,83.40,19.40,6.37,67.57,No,
METHOTREXATE,HEADACHE,Nervous system,1705,1704.5,1.00,1.00,1.00,-0.080,Ordinary,Not in reference set,83.46,16.83,5.16,66.92,No,
SERTRALINE,THROMBOCYTOPENIA,Blood,778,757.3,1.03,1.03,1.03,-0.080,Ordinary,Not in reference set,84.32,20.31,5.53,68.77,No,
ATORVASTATIN,MYOCARDIAL INFARCTION,Cardiac,1652,1650.2,1.00,1.00,1.00,-0.080,Ordinary,Not in reference set,83.96,16.46,4.96,65.80,No,
LEVOFLOXACIN,ELECTROCARDIOGRAM QT PROLONGED,Cardiac,1068,1052.2,1.01,1.02,1.02,-0.080,Ordinary,Not in reference set,83.33,18.16,5.06,65.36,No,
CLOPIDOGREL,PARAESTHESIA,Nervous system,933,914.7,1.02,1.02,1.02,-0.080,Ordinary,Not in reference set,80.71,16.61,6.11,66.56,No,
ADALIMUMAB,TENDON RUPTURE,Musculoskeletal,746,724.9,1.03,1.03,1.03,-0.080,Ordinary,Not in reference set,84.72,18.23,4.83,65.01,No,
PREDNISONE,ANXIETY,Psychiatric,1528,1523.0,1.00,1.00,1.00,-0.080,Ordinary,Not in reference set,82.79,16.69,5.76,67.54,No,
VALPROATE,SOMNOLENCE,Nervous system,864,844.7,1.02,1.02,1.03,-0.080,Ordinary,Not in reference set,85.19,19.68,5.56,67.36,No,
PANTOPRAZOLE,HEADACHE,Nervous system,1978,1985.7,1.00,1.00,1.00,-0.080,Ordinary,Not in reference set,83.01,17.04,5.41,68.25,No,
LEVOTHYROXINE,PNEUMONIA,Infection,1683,1682.2,1.00,1.00,1.00,-0.080,Ordinary,Not in reference set,82.23,16.58,6.18,66.19,No,
AZITHROMYCIN,TREMOR,Nervous system,934,915.9,1.02,1.02,1.02,-0.080,Ordinary,Not in reference set,81.91,17.56,6.64,65.20,No,
PANTOPRAZOLE,ATRIAL FIBRILLATION,Cardiac,903,884.4,1.02,1.02,1.02,-0.080,Ordinary,Not in reference set,83.83,15.06,6.09,67.44,No,
ATORVASTATIN,COUGH,Respiratory,1866,1870.7,1.00,1.00,1.00,-0.080,Ordinary,Not in reference set,84.89,17.47,5.31,68.44,No,
OMEPRAZOLE,PARAESTHESIA,Nervous system,1179,1165.9,1.01,1.01,1.01,-0.080,Ordinary,Not in reference set,81.26,16.62,6.28,66.24,No,
IBUPROFEN,MUSCULAR WEAKNESS,Musculoskeletal,1158,1144.5,1.01,1.01,1.01,-0.080,Ordinary,Not in reference set,82.99,15.54,4.32,68.48,No,
LISINOPRIL,URTICARIA,Skin,1595,1592.2,1.00,1.00,1.00,-0.080,Ordinary,Not in reference set,84.51,17.87,4.20,66.08,No,
WARFARIN,MYOCARDIAL INFARCTION,Cardiac,1339,1329.8,1.01,1.01,1.01,-0.080,Ordinary,Not in reference set,84.47,16.88,6.65,66.32,No,
METHOTREXATE,COUGH,Respiratory,1161,1147.6,1.01,1.01,1.01,-0.080,Ordinary,Not in reference set,84.58,17.14,4.74,64.86,No,
ALLOPURINOL,SUICIDAL IDEATION,Psychiatric,1013,996.6,1.02,1.02,1.02,-0.080,Ordinary,Not in reference set,80.65,17.37,5.92,65.45,No,
FUROSEMIDE,PANCYTOPENIA,Blood,933,915.1,1.02,1.02,1.02,-0.080,Ordinary,Not in reference set,84.24,17.47,4.82,70.10,No,
CIPROFLOXACIN,ANAEMIA,Blood,1145,1131.4,1.01,1.01,1.01,-0.080,Ordinary,Not in reference set,82.27,16.68,5.15,67.51,No,
ALLOPURINOL,COUGH,Respiratory,988,971.2,1.02,1.02,1.02,-0.080,Ordinary,Not in reference set,85.93,16.30,5.67,67.71,No,
CIPROFLOXACIN,DYSPNOEA,Respiratory,1569,1565.8,1.00,1.00,1.00,-0.080,Ordinary,Not in reference set,84.13,17.27,5.80,67.50,No,
TAMSULOSIN,CONFUSIONAL STATE,Psychiatric,667,645.4,1.03,1.04,1.04,-0.080,Ordinary,Not in reference set,83.21,16.49,5.25,66.72,No,
OMEPRAZOLE,ARTHRALGIA,Musculoskeletal,1987,1995.9,1.00,1.00,0.99,-0.081,Ordinary,Not in reference set,82.23,17.46,5.99,67.14,No,
SERTRALINE,RESPIRATORY DEPRESSION,Respiratory,775,754.8,1.03,1.03,1.03,-0.081,Ordinary,Not in reference set,83.48,17.81,6.06,65.03,No,
WARFARIN,PYREXIA,General,1542,1538.4,1.00,1.00,1.00,-0.081,Ordinary,Not in reference set,83.01,16.73,5.77,66.60,No,
ESOMEPRAZOLE,SUICIDAL IDEATION,Psychiatric,1374,1366.2,1.01,1.01,1.01,-0.081,Ordinary,Not in reference set,83.99,17.18,4.59,65.72,No,
ONDANSETRON,TACHYCARDIA,Cardiac,1303,1293.5,1.01,1.01,1.01,-0.081,Ordinary,Not in reference set,83.50,17.19,5.37,68.99,No,
FUROSEMIDE,MEMORY IMPAIRMENT,Nervous system,805,785.5,1.02,1.03,1.03,-0.081,Ordinary,Not in reference set,84.60,17.14,6.34,67.58,No,
HYDROXYCHLOROQUINE,THROMBOCYTOPENIA,Blood,507,484.4,1.05,1.05,1.05,-0.081,Ordinary,Not in reference set,82.25,14.60,5.92,69.03,No,
SERTRALINE,PRURITUS,Skin,1736,1738.1,1.00,1.00,1.00,-0.081,Ordinary,Not in reference set,82.89,17.05,5.30,67.86,No,
MONTELUKAST,AGRANULOCYTOSIS,Blood,784,764.2,1.03,1.03,1.03,-0.081,Ordinary,Not in reference set,83.29,18.11,4.59,65.56,No,
METHOTREXATE,ATRIAL FIBRILLATION,Cardiac,779,759.1,1.03,1.03,1.03,-0.081,Ordinary,Not in reference set,82.03,15.66,5.26,67.27,No,
METFORMIN,HALLUCINATION,Psychiatric,673,651.8,1.03,1.04,1.04,-0.081,Ordinary,Not in reference set,83.51,17.53,5.20,70.28,No,
ISOTRETINOIN,CONSTIPATION,Gastrointestinal,784,764.2,1.03,1.03,1.03,-0.081,Ordinary,Not in reference set,84.31,16.96,5.48,67.86,No,
OMEPRAZOLE,OFF LABEL USE,General,1441,1435.3,1.00,1.00,1.00,-0.081,Ordinary,Not in reference set,84.32,16.86,5.55,66.55,No,
DULOXETINE,HYPOTENSION,Vascular,1022,1006.5,1.02,1.02,1.02,-0.081,Ordinary,Not in reference set,85.23,16.54,4.79,68.10,No,
ROSUVASTATIN,LACTIC ACIDOSIS,Metabolic,758,738.0,1.03,1.03,1.03,-0.081,Ordinary,Not in reference set,82.45,17.55,5.80,67.41,No,
METFORMIN,HEADACHE,Nervous system,2748,2783.6,0.99,0.99,0.98,-0.082,Ordinary,Not in reference set,82.97,17.83,5.20,67.94,No,
MONTELUKAST,HYPERTENSION,Vascular,1454,1449.0,1.00,1.00,1.00,-0.082,Ordinary,Not in reference set,83.43,17.81,5.02,66.51,No,
ESOMEPRAZOLE,CONSTIPATION,Gastrointestinal,1348,1340.3,1.01,1.01,1.01,-0.082,Ordinary,Not in reference set,82.34,18.03,4.97,70.77,No,
ATORVASTATIN,HYPOTENSION,Vascular,1629,1628.9,1.00,1.00,1.00,-0.082,Ordinary,Not in reference set,82.01,18.54,4.60,69.92,No,
ONDANSETRON,HAEMORRHAGE,Vascular,1082,1068.1,1.01,1.01,1.01,-0.082,Ordinary,Not in reference set,82.53,16.08,4.71,67.01,No,
LEVOTHYROXINE,NAUSEA,Gastrointestinal,3336,3393.6,0.98,0.98,0.98,-0.082,Ordinary,Not in reference set,82.55,17.00,5.52,66.94,No,
LEVOTHYROXINE,DIZZINESS,Nervous system,2709,2743.8,0.99,0.99,0.98,-0.082,Ordinary,Not in reference set,83.87,16.24,5.68,66.19,No,
OMEPRAZOLE,ANAEMIA,Blood,1439,1433.9,1.00,1.00,1.00,-0.082,Ordinary,Not in reference set,82.14,18.42,4.79,67.27,No,
WARFARIN,RASH,Skin,1992,2003.0,0.99,0.99,0.99,-0.082,Ordinary,Not in reference set,82.83,17.22,5.07,66.72,No,
CANAGLIFLOZIN,NAUSEA,Gastrointestinal,1569,1567.4,1.00,1.00,1.00,-0.082,Ordinary,Not in reference set,81.96,17.65,6.05,66.92,No,
LISINOPRIL,DEHYDRATION,Metabolic,1273,1263.7,1.01,1.01,1.01,-0.082,Ordinary,Not in reference set,82.48,19.25,6.21,69.13,No,
AMLODIPINE,AMPUTATION,Procedural,611,589.5,1.04,1.04,1.04,-0.082,Ordinary,Not in reference set,82.00,14.73,7.04,67.76,No,
CLOZAPINE,DIZZINESS,Nervous system,1305,1296.5,1.01,1.01,1.01,-0.082,Ordinary,Not in reference set,83.98,17.62,5.98,65.90,No,
MONTELUKAST,DIABETIC KETOACIDOSIS,Metabolic,1025,1010.1,1.01,1.02,1.02,-0.082,Ordinary,Not in reference set,82.05,18.24,5.56,67.12,No,
ATORVASTATIN,INSOMNIA,Psychiatric,2211,2229.4,0.99,0.99,0.99,-0.082,Ordinary,Not in reference set,82.95,18.05,5.61,66.21,No,
OMEPRAZOLE,ANXIETY,Psychiatric,1702,1704.4,1.00,1.00,1.00,-0.082,Ordinary,Not in reference set,81.84,16.51,5.64,67.22,No,
ROSUVASTATIN,HEPATIC FAILURE,Hepatobiliary,538,516.0,1.04,1.05,1.05,-0.082,Ordinary,Not in reference set,80.86,14.13,5.20,64.87,No,
LISINOPRIL,RASH,Skin,2463,2490.0,0.99,0.99,0.99,-0.082,Ordinary,Not in reference set,83.96,17.26,5.52,67.88,No,
VALPROATE,HEADACHE,Nervous system,1449,1444.4,1.00,1.00,1.00,-0.082,Ordinary,Not in reference set,82.82,14.77,5.59,67.77,No,
TRAMADOL,HYPERKALAEMIA,Metabolic,710,689.8,1.03,1.03,1.03,-0.082,Ordinary,Not in reference set,83.10,16.76,5.07,64.51,No,
AMLODIPINE,TACHYCARDIA,Cardiac,1589,1588.4,1.00,1.00,1.00,-0.082,Ordinary,Not in reference set,83.89,17.37,5.41,67.59,No,
APIXABAN,DIZZINESS,Nervous system,1533,1530.9,1.00,1.00,1.00,-0.082,Ordinary,Not in reference set,84.02,16.70,4.70,67.32,No,
TRAMADOL,HYPERTENSION,Vascular,1138,1125.9,1.01,1.01,1.01,-0.082,Ordinary,Not in reference set,82.43,15.47,4.66,68.45,No,
HYDROXYCHLOROQUINE,GASTROINTESTINAL HAEMORRHAGE,Gastrointestinal,991,975.6,1.02,1.02,1.02,-0.082,Ordinary,Not in reference set,83.05,17.86,6.86,64.18,No,
METHOTREXATE,SEROTONIN SYNDROME,Nervous system,461,438.7,1.05,1.05,1.06,-0.082,Ordinary,Not in reference set,83.95,20.39,6.07,63.99,No,
DULOXETINE,FATIGUE,General,1733,1736.9,1.00,1.00,1.00,-0.083,Ordinary,Not in reference set,84.36,17.08,5.08,65.15,No,
CIPROFLOXACIN,PYREXIA,General,1367,1360.6,1.00,1.01,1.01,-0.083,Ordinary,Not in reference set,83.39,16.90,5.05,67.45,No,
APIXABAN,PYREXIA,General,1178,1166.9,1.01,1.01,1.01,-0.083,Ordinary,Not in reference set,83.96,16.30,5.09,65.62,No,
METHOTREXATE,GASTROINTESTINAL HAEMORRHAGE,Gastrointestinal,1175,1163.8,1.01,1.01,1.01,-0.083,Ordinary,Not in reference set,81.11,16.68,6.30,67.91,No,
ROSUVASTATIN,HYPONATRAEMIA,Metabolic,995,979.8,1.02,1.02,1.02,-0.083,Ordinary,Not in reference set,81.21,15.78,5.43,66.73,No,
SITAGLIPTIN,NIGHTMARE,Psychiatric,661,640.3,1.03,1.03,1.04,-0.083,Ordinary,Not in reference set,83.51,18.31,6.05,66.26,No,
METFORMIN,HAEMORRHAGE,Vascular,1332,1324.8,1.01,1.01,1.01,-0.083,Ordinary,Not in reference set,84.08,18.17,5.86,64.41,No,
CIPROFLOXACIN,INSOMNIA,Psychiatric,1589,1588.9,1.00,1.00,1.00,-0.083,Ordinary,Not in reference set,82.57,17.12,6.04,68.41,No,
ATORVASTATIN,TENDON RUPTURE,Musculoskeletal,1417,1412.1,1.00,1.00,1.00,-0.083,Ordinary,Not in reference set,83.84,16.73,5.58,65.00,No,
ALLOPURINOL,BACK PAIN,Musculoskeletal,841,823.0,1.02,1.02,1.02,-0.083,Ordinary,Not in reference set,80.98,15.34,5.23,66.94,No,
METFORMIN,TACHYCARDIA,Cardiac,1604,1604.4,1.00,1.00,1.00,-0.083,Ordinary,Not in reference set,83.54,17.21,4.99,68.45,No,
ALBUTEROL,MYOCARDIAL INFARCTION,Cardiac,1349,1342.4,1.00,1.01,1.01,-0.083,Ordinary,Not in reference set,83.69,18.53,5.41,66.12,No,
MONTELUKAST,DEHYDRATION,Metabolic,1167,1155.8,1.01,1.01,1.01,-0.083,Ordinary,Not in reference set,82.52,18.77,4.54,64.27,No,
CELECOXIB,PNEUMONIA,Infection,808,789.5,1.02,1.02,1.03,-0.083,Ordinary,Not in reference set,84.16,16.46,6.81,67.45,No,
PANTOPRAZOLE,RASH,Skin,1771,1776.5,1.00,1.00,1.00,-0.083,Ordinary,Not in reference set,83.40,16.54,5.14,67.59,No,
INSULIN GLARGINE,HEADACHE,Nervous system,1697,1700.2,1.00,1.00,1.00,-0.083,Ordinary,Not in reference set,82.85,16.44,4.71,67.41,No,
VALPROATE,INSOMNIA,Psychiatric,1170,1159.0,1.01,1.01,1.01,-0.083,Ordinary,Not in reference set,82.39,17.78,6.58,65.47,No,
ATORVASTATIN,DIARRHOEA,Gastrointestinal,2456,2484.1,0.99,0.99,0.99,-0.083,Ordinary,Not in reference set,83.39,18.28,5.33,66.21,No,
FUROSEMIDE,ANXIETY,Psychiatric,1534,1532.9,1.00,1.00,1.00,-0.083,Ordinary,Not in reference set,81.55,15.84,5.35,66.30,No,
ALLOPURINOL,RASH,Skin,1298,1290.4,1.01,1.01,1.01,-0.083,Ordinary,Not in reference set,84.28,16.64,4.85,66.87,No,
TRAMADOL,MALAISE,General,1134,1122.4,1.01,1.01,1.01,-0.083,Ordinary,Not in reference set,83.33,18.34,6.26,65.52,No,
ONDANSETRON,PRURITUS,Skin,1741,1746.1,1.00,1.00,1.00,-0.083,Ordinary,Not in reference set,84.26,15.11,5.51,68.35,No,
TRAMADOL,NEUTROPENIA,Blood,692,672.1,1.03,1.03,1.03,-0.083,Ordinary,Not in reference set,83.67,15.75,5.92,67.34,No,
CANAGLIFLOZIN,SUICIDAL IDEATION,Psychiatric,986,971.3,1.02,1.02,1.02,-0.083,Ordinary,Not in reference set,83.67,16.63,4.97,68.05,No,
ATORVASTATIN,PARAESTHESIA,Nervous system,1298,1290.7,1.01,1.01,1.01,-0.084,Ordinary,Not in reference set,80.97,16.95,5.01,65.56,No,
LISINOPRIL,HYPOGLYCAEMIA,Metabolic,1350,1344.2,1.00,1.00,1.01,-0.084,Ordinary,Not in reference set,84.89,18.15,6.37,66.81,No,
GABAPENTIN,MUSCULAR WEAKNESS,Musculoskeletal,1031,1017.4,1.01,1.01,1.02,-0.084,Ordinary,Not in reference set,83.61,17.26,6.30,66.73,No,
VARENICLINE,HYPOTENSION,Vascular,688,668.1,1.03,1.03,1.03,-0.084,Ordinary,Not in reference set,82.85,18.46,6.98,67.59,No,
ONDANSETRON,HEADACHE,Nervous system,2223,2244.2,0.99,0.99,0.99,-0.084,Ordinary,Not in reference set,82.50,16.10,5.85,68.65,No,
LEVOTHYROXINE,CONFUSIONAL STATE,Psychiatric,1390,1385.3,1.00,1.00,1.00,-0.084,Ordinary,Not in reference set,83.88,16.47,5.11,66.04,No,
ESOMEPRAZOLE,FATIGUE,General,1987,2000.4,0.99,0.99,0.99,-0.084,Ordinary,Not in reference set,83.64,17.82,5.79,69.45,No,
METFORMIN,FATIGUE,General,2775,2816.2,0.99,0.98,0.98,-0.084,Ordinary,Not in reference set,82.85,17.91,5.84,66.09,No,
MONTELUKAST,DYSPNOEA,Respiratory,1999,2013.1,0.99,0.99,0.99,-0.084,Ordinary,Not in reference set,83.04,17.61,5.80,65.63,No,
FEBUXOSTAT,HYPERTENSION,Vascular,680,660.2,1.03,1.03,1.03,-0.084,Ordinary,Not in reference set,82.79,19.26,6.18,68.82,No,
CLOPIDOGREL,HEPATITIS,Hepatobiliary,526,504.5,1.04,1.05,1.05,-0.084,Ordinary,Not in reference set,83.08,18.82,4.18,67.87,No,
IBUPROFEN,PANCREATITIS,Gastrointestinal,867,850.2,1.02,1.02,1.02,-0.084,Ordinary,Not in reference set,81.20,15.57,4.73,68.28,No,
GABAPENTIN,MYALGIA,Musculoskeletal,1546,1546.2,1.00,1.00,1.00,-0.084,Ordinary,Not in reference set,83.70,17.85,4.27,66.30,No,
CELECOXIB,RASH,Skin,1285,1277.9,1.01,1.01,1.01,-0.084,Ordinary,Not in reference set,82.02,16.03,6.30,67.70,No,
ATORVASTATIN,PHOTOSENSITIVITY REACTION,Skin,665,645.1,1.03,1.03,1.04,-0.084,Ordinary,Not in reference set,81.95,17.89,5.56,66.47,No,
CIPROFLOXACIN,ABDOMINAL PAIN,Gastrointestinal,1558,1558.6,1.00,1.00,1.00,-0.084,Ordinary,Not in reference set,83.18,16.82,4.04,65.28,No,
PREDNISONE,NIGHTMARE,Psychiatric,1025,1011.6,1.01,1.01,1.01,-0.084,Ordinary,Not in reference set,81.56,15.32,4.29,67.80,No,
IBUPROFEN,LACTIC ACIDOSIS,Metabolic,846,829.0,1.02,1.02,1.02,-0.084,Ordinary,Not in reference set,84.04,18.20,4.73,68.91,No,
LISINOPRIL,HYPONATRAEMIA,Metabolic,1228,1219.6,1.01,1.01,1.01,-0.084,Ordinary,Not in reference set,84.04,17.26,6.84,67.02,No,
PREDNISONE,WEIGHT DECREASED,Investigations,1044,1031.1,1.01,1.01,1.01,-0.084,Ordinary,Not in reference set,82.28,15.52,5.56,66.28,No,
GABAPENTIN,PANCREATITIS,Gastrointestinal,774,755.8,1.02,1.03,1.03,-0.084,Ordinary,Not in reference set,83.33,16.15,6.46,66.93,No,
ATORVASTATIN,MYALGIA,Musculoskeletal,1912,1923.9,0.99,0.99,0.99,-0.085,Ordinary,Not in reference set,84.78,18.15,5.65,68.04,No,
LEVOTHYROXINE,TREMOR,Nervous system,1412,1408.7,1.00,1.00,1.00,-0.085,Ordinary,Not in reference set,83.57,17.85,6.66,66.01,No,
FUROSEMIDE,RASH,Skin,2004,2019.2,0.99,0.99,0.99,-0.085,Ordinary,Not in reference set,82.14,17.37,6.19,66.92,No,
IBUPROFEN,DIABETIC KETOACIDOSIS,Metabolic,1010,996.6,1.01,1.01,1.02,-0.085,Ordinary,Not in reference set,80.99,17.52,5.25,69.90,No,
METHOTREXATE,DRUG INEFFECTIVE,General,1534,1534.5,1.00,1.00,1.00,-0.085,Ordinary,Not in reference set,84.29,17.14,5.02,67.54,No,
TRAMADOL,SUICIDAL IDEATION,Psychiatric,1371,1366.8,1.00,1.00,1.00,-0.085,Ordinary,Not in reference set,81.55,16.92,4.52,68.56,No,
CIPROFLOXACIN,NEUTROPENIA,Blood,692,672.7,1.03,1.03,1.03,-0.085,Ordinary,Not in reference set,83.38,15.90,4.62,66.76,No,
ALBUTEROL,AORTIC ANEURYSM,Vascular,541,520.0,1.04,1.04,1.05,-0.085,Ordinary,Not in reference set,83.36,18.30,5.36,69.69,No,
GABAPENTIN,HEADACHE,Nervous system,2210,2232.8,0.99,0.99,0.99,-0.085,Ordinary,Not in reference set,83.71,16.24,5.43,67.15,No,
METFORMIN,ANAEMIA,Blood,1588,1590.4,1.00,1.00,1.00,-0.085,Ordinary,Not in reference set,83.50,16.56,5.29,66.31,No,
GABAPENTIN,PULMONARY FIBROSIS,Respiratory,624,603.9,1.03,1.04,1.04,-0.085,Ordinary,Not in reference set,84.62,19.39,5.29,68.11,No,
APIXABAN,ANGIOEDEMA,Skin,613,592.8,1.03,1.04,1.04,-0.085,Ordinary,Not in reference set,82.22,20.07,4.40,68.19,No,
LISINOPRIL,DRUG INEFFECTIVE,General,2473,2505.6,0.99,0.99,0.98,-0.085,Ordinary,Not in reference set,83.74,17.79,5.18,67.69,No,
ALBUTEROL,INSOMNIA,Psychiatric,1804,1813.6,0.99,0.99,0.99,-0.085,Ordinary,Not in reference set,83.81,16.63,5.82,67.02,No,
INSULIN GLARGINE,ANXIETY,Psychiatric,1164,1154.8,1.01,1.01,1.01,-0.085,Ordinary,Not in reference set,83.76,17.87,4.81,66.84,No,
CANAGLIFLOZIN,MUSCULAR WEAKNESS,Musculoskeletal,660,640.5,1.03,1.03,1.03,-0.085,Ordinary,Not in reference set,80.76,15.45,4.85,68.48,No,
OMEPRAZOLE,DEPRESSION,Psychiatric,2392,2421.9,0.99,0.99,0.99,-0.085,Ordinary,Not in reference set,82.86,16.26,5.85,66.30,No,
METFORMIN,TENDON RUPTURE,Musculoskeletal,1417,1414.8,1.00,1.00,1.00,-0.085,Ordinary,Not in reference set,83.63,18.70,4.87,65.21,No,
ALBUTEROL,TACHYCARDIA,Cardiac,1308,1302.7,1.00,1.00,1.00,-0.085,Ordinary,Not in reference set,82.65,17.58,5.58,66.97,No,
PREDNISONE,CONFUSIONAL STATE,Psychiatric,1033,1020.7,1.01,1.01,1.01,-0.085,Ordinary,Not in reference set,84.80,15.88,5.91,66.41,No,
TRAMADOL,AGGRESSION,Psychiatric,481,459.7,1.05,1.05,1.05,-0.085,Ordinary,Not in reference set,82.54,14.35,7.07,66.94,No,
LEVOTHYROXINE,RHABDOMYOLYSIS,Musculoskeletal,1290,1284.3,1.00,1.01,1.01,-0.086,Ordinary,Not in reference set,84.34,16.36,6.05,67.75,No,
ISOTRETINOIN,ALOPECIA,Skin,530,509.1,1.04,1.04,1.04,-0.086,Ordinary,Not in reference set,83.40,17.36,5.28,68.87,No,
METFORMIN,PNEUMONIA,Infection,1537,1538.5,1.00,1.00,1.00,-0.086,Ordinary,Not in reference set,84.78,16.14,5.47,67.73,No,
CLOPIDOGREL,MYOCARDIAL INFARCTION,Cardiac,1178,1169.5,1.01,1.01,1.01,-0.086,Ordinary,Not in reference set,83.62,17.32,5.18,67.83,No,
ALBUTEROL,ATRIAL FIBRILLATION,Cardiac,1019,1006.6,1.01,1.01,1.01,-0.086,Ordinary,Not in reference set,81.45,17.08,4.91,66.44,No,
INSULIN GLARGINE,TACHYCARDIA,Cardiac,993,980.0,1.01,1.01,1.01,-0.086,Ordinary,Not in reference set,83.89,15.31,6.14,67.27,No,
ALBUTEROL,HYPERKALAEMIA,Metabolic,805,788.1,1.02,1.02,1.02,-0.086,Ordinary,Not in reference set,84.22,17.39,4.47,68.57,No,
PANTOPRAZOLE,THROMBOCYTOPENIA,Blood,692,673.1,1.03,1.03,1.03,-0.086,Ordinary,Not in reference set,83.09,15.61,5.78,66.47,No,
IBUPROFEN,HYPERTENSION,Vascular,1431,1429.5,1.00,1.00,1.00,-0.086,Ordinary,Not in reference set,83.86,15.93,5.45,67.02,No,
TAMSULOSIN,INSOMNIA,Psychiatric,1147,1137.7,1.01,1.01,1.01,-0.086,Ordinary,Not in reference set,84.05,17.09,5.32,66.35,No,
AMLODIPINE,CARDIAC ARREST,Cardiac,666,646.8,1.03,1.03,1.03,-0.086,Ordinary,Not in reference set,81.98,17.12,6.31,68.32,No,
GABAPENTIN,ABDOMINAL PAIN,Gastrointestinal,1749,1757.5,1.00,0.99,0.99,-0.086,Ordinary,Not in reference set,81.48,15.15,4.92,69.07,No,
ATORVASTATIN,PANCYTOPENIA,Blood,1136,1126.6,1.01,1.01,1.01,-0.086,Ordinary,Not in reference set,82.92,18.40,5.72,67.25,No,
CIPROFLOXACIN,MALAISE,General,1133,1123.5,1.01,1.01,1.01,-0.086,Ordinary,Not in reference set,82.97,17.48,5.83,64.70,No,
CLOZAPINE,HYPOGLYCAEMIA,Metabolic,713,694.6,1.03,1.03,1.03,-0.086,Ordinary,Not in reference set,83.17,17.95,7.01,68.72,No,
LEVOTHYROXINE,SUICIDAL IDEATION,Psychiatric,2083,2102.9,0.99,0.99,0.99,-0.086,Ordinary,Not in reference set,82.62,17.09,4.66,67.26,No,
AZITHROMYCIN,DRUG INEFFECTIVE,General,1772,1781.3,0.99,0.99,0.99,-0.086,Ordinary,Not in reference set,83.18,17.38,5.53,67.38,No,
ATORVASTATIN,WEIGHT DECREASED,Investigations,1283,1277.5,1.00,1.00,1.00,-0.086,Ordinary,Not in reference set,83.63,17.77,5.38,68.28,No,
CELECOXIB,ACUTE KIDNEY INJURY,Renal,729,710.9,1.03,1.03,1.03,-0.086,Ordinary,Not in reference set,82.85,16.87,3.57,68.04,No,
PREDNISONE,DYSPNOEA,Respiratory,1764,1773.2,0.99,0.99,0.99,-0.086,Ordinary,Not in reference set,83.05,17.57,5.90,66.44,No,
MONTELUKAST,DIARRHOEA,Gastrointestinal,2250,2276.1,0.99,0.99,0.99,-0.086,Ordinary,Not in reference set,81.87,17.11,5.42,67.38,No,
ROSUVASTATIN,ABDOMINAL PAIN,Gastrointestinal,1751,1760.0,0.99,0.99,0.99,-0.086,Ordinary,Not in reference set,83.55,16.56,5.94,69.33,No,
ESOMEPRAZOLE,MYALGIA,Musculoskeletal,1372,1369.2,1.00,1.00,1.00,-0.086,Ordinary,Not in reference set,84.11,17.13,5.69,66.62,No,
AMLODIPINE,TREMOR,Nervous system,1281,1275.6,1.00,1.00,1.00,-0.086,Ordinary,Not in reference set,83.61,18.89,5.54,65.65,No,
IBUPROFEN,ACUTE KIDNEY INJURY,Renal,1256,1250.0,1.00,1.01,1.01,-0.086,Ordinary,Not in reference set,84.00,17.68,3.98,67.75,No,
CANAGLIFLOZIN,ANXIETY,Psychiatric,968,954.7,1.01,1.01,1.02,-0.086,Ordinary,Not in reference set,82.64,17.15,6.30,66.32,No,
FUROSEMIDE,AGGRESSION,Psychiatric,545,524.5,1.04,1.04,1.04,-0.086,Ordinary,Not in reference set,81.83,17.80,5.69,66.24,No,
AMIODARONE,ARTHRALGIA,Musculoskeletal,1142,1133.0,1.01,1.01,1.01,-0.086,Ordinary,Not in reference set,81.09,19.35,5.60,67.51,No,
ADALIMUMAB,DYSPNOEA,Respiratory,1137,1127.9,1.01,1.01,1.01,-0.086,Ordinary,Not in reference set,82.76,17.33,5.45,66.84,No,
ALBUTEROL,HAEMORRHAGE,Vascular,1086,1075.7,1.01,1.01,1.01,-0.086,Ordinary,Not in reference set,82.41,17.40,5.62,66.67,No,
ONDANSETRON,DEPRESSION,Psychiatric,2143,2165.8,0.99,0.99,0.99,-0.087,Ordinary,Not in reference set,82.92,16.99,5.51,67.01,No,
HYDROXYCHLOROQUINE,FATIGUE,General,1446,1445.7,1.00,1.00,1.00,-0.087,Ordinary,Not in reference set,82.09,17.36,5.74,67.70,No,
ATORVASTATIN,CONFUSIONAL STATE,Psychiatric,1270,1264.6,1.00,1.00,1.00,-0.087,Ordinary,Not in reference set,83.78,17.56,5.75,70.39,No,
LEVOFLOXACIN,HYPERKALAEMIA,Metabolic,707,688.8,1.03,1.03,1.03,-0.087,Ordinary,Not in reference set,84.87,18.67,6.79,65.91,No,
AMLODIPINE,ANAEMIA,Blood,1571,1574.6,1.00,1.00,1.00,-0.087,Ordinary,Not in reference set,82.62,18.14,6.62,66.33,No,
INSULIN GLARGINE,PNEUMONIA,Infection,953,939.7,1.01,1.02,1.02,-0.087,Ordinary,Not in reference set,82.16,17.94,5.14,65.69,No,
PREDNISONE,FATIGUE,General,2242,2268.7,0.99,0.99,0.99,-0.087,Ordinary,Not in reference set,83.10,18.78,6.02,67.57,No,
OMEPRAZOLE,PULMONARY FIBROSIS,Respiratory,697,678.8,1.03,1.03,1.03,-0.087,Ordinary,Not in reference set,81.35,14.78,5.74,67.43,No,
MONTELUKAST,TORSADE DE POINTES,Cardiac,576,556.1,1.04,1.04,1.04,-0.087,Ordinary,Not in reference set,84.03,15.63,4.17,67.53,No,
TAMSULOSIN,TOXIC EPIDERMAL NECROLYSIS,Skin,184,165.0,1.12,1.12,1.12,-0.087,Ordinary,Not in reference set,89.13,15.76,3.26,69.02,Yes,2019Q1
ESOMEPRAZOLE,NAUSEA,Gastrointestinal,2180,2204.8,0.99,0.99,0.99,-0.087,Ordinary,Not in reference set,84.13,17.43,4.77,68.21,No,
ESOMEPRAZOLE,DIZZINESS,Nervous system,1772,1782.5,0.99,0.99,0.99,-0.087,Ordinary,Not in reference set,83.41,16.03,5.42,67.55,No,
PREDNISONE,ABDOMINAL PAIN,Gastrointestinal,1755,1765.1,0.99,0.99,0.99,-0.087,Ordinary,Not in reference set,83.99,19.60,5.70,66.89,No,
MONTELUKAST,BRADYCARDIA,Cardiac,609,589.5,1.03,1.04,1.04,-0.087,Ordinary,Not in reference set,84.07,15.44,4.93,68.64,No,
LEVOTHYROXINE,LACTIC ACIDOSIS,Metabolic,1016,1004.5,1.01,1.01,1.01,-0.087,Ordinary,Not in reference set,82.48,18.21,5.22,67.03,No,
CLOPIDOGREL,FOETAL MALFORMATION,Congenital,571,551.1,1.04,1.04,1.04,-0.087,Ordinary,Not in reference set,79.68,18.04,6.13,68.48,No,
ESOMEPRAZOLE,HEPATITIS,Hepatobiliary,527,506.7,1.04,1.04,1.04,-0.087,Ordinary,Not in reference set,82.73,16.89,5.31,68.31,No,
FUROSEMIDE,DEPRESSION,Psychiatric,2154,2178.1,0.99,0.99,0.99,-0.087,Ordinary,Not in reference set,83.33,17.08,5.06,68.76,No,
PREDNISONE,ANGIOEDEMA,Skin,799,782.8,1.02,1.02,1.02,-0.087,Ordinary,Not in reference set,83.48,17.77,5.26,66.96,No,
FUROSEMIDE,VOMITING,Gastrointestinal,2024,2043.7,0.99,0.99,0.99,-0.087,Ordinary,Not in reference set,82.71,16.80,5.24,67.59,No,
AMLODIPINE,URTICARIA,Skin,1572,1576.6,1.00,1.00,1.00,-0.087,Ordinary,Not in reference set,83.40,17.37,6.30,67.11,No,
CIPROFLOXACIN,COUGH,Respiratory,1336,1333.3,1.00,1.00,1.00,-0.087,Ordinary,Not in reference set,83.76,16.39,5.16,68.26,No,
CIPROFLOXACIN,ATRIAL FIBRILLATION,Cardiac,896,881.9,1.02,1.02,1.02,-0.087,Ordinary,Not in reference set,82.70,14.40,6.14,65.96,No,
APIXABAN,HYPONATRAEMIA,Metabolic,761,744.2,1.02,1.02,1.03,-0.087,Ordinary,Not in reference set,84.63,18.40,5.52,67.67,No,
CLOPIDOGREL,DYSPNOEA,Respiratory,1553,1557.0,1.00,1.00,1.00,-0.088,Ordinary,Not in reference set,83.64,16.55,6.12,66.52,No,
METHOTREXATE,DYSPNOEA,Respiratory,1350,1347.8,1.00,1.00,1.00,-0.088,Ordinary,Not in reference set,84.15,16.96,6.81,68.00,No,
IBUPROFEN,PARAESTHESIA,Nervous system,1174,1166.8,1.01,1.01,1.01,-0.088,Ordinary,Not in reference set,82.88,18.65,6.56,67.21,No,
ALBUTEROL,TORSADE DE POINTES,Cardiac,514,493.7,1.04,1.05,1.05,-0.088,Ordinary,Not in reference set,80.35,16.54,6.23,69.07,No,
AMLODIPINE,DIARRHOEA,Gastrointestinal,2429,2464.0,0.99,0.98,0.98,-0.088,Ordinary,Not in reference set,83.70,17.09,6.38,66.32,No,
LEVOTHYROXINE,ABDOMINAL PAIN,Gastrointestinal,2363,2395.6,0.99,0.98,0.98,-0.088,Ordinary,Not in reference set,83.50,16.76,5.46,67.08,No,
MONTELUKAST,ELECTROCARDIOGRAM QT PROLONGED,Cardiac,1358,1356.1,1.00,1.00,1.00,-0.088,Ordinary,Not in reference set,81.74,14.51,6.11,67.30,No,
VALPROATE,PRURITUS,Skin,1132,1123.8,1.01,1.01,1.01,-0.088,Ordinary,Not in reference set,81.80,16.34,5.39,68.55,No,
CANAGLIFLOZIN,DYSPNOEA,Respiratory,1120,1111.6,1.01,1.01,1.01,-0.088,Ordinary,Not in reference set,83.48,16.34,5.98,66.79,No,
ADALIMUMAB,SOMNOLENCE,Nervous system,849,834.1,1.02,1.02,1.02,-0.088,Ordinary,Not in reference set,80.68,17.08,5.65,65.49,No,
CIPROFLOXACIN,RESPIRATORY DEPRESSION,Respiratory,687,669.1,1.03,1.03,1.03,-0.088,Ordinary,Not in reference set,83.11,18.49,5.82,67.54,No,
AMIODARONE,CLOSTRIDIUM DIFFICILE COLITIS,Gastrointestinal,392,371.1,1.06,1.06,1.06,-0.088,Ordinary,Not in reference set,80.87,18.62,6.12,66.07,No,
TRAMADOL,PARAESTHESIA,Nervous system,932,919.0,1.01,1.02,1.02,-0.088,Ordinary,Not in reference set,81.12,17.06,5.69,67.81,No,
CLOZAPINE,TORSADE DE POINTES,Cardiac,335,314.1,1.07,1.07,1.07,-0.088,Ordinary,Not in reference set,81.19,17.01,4.48,65.37,No,
ONDANSETRON,VOMITING,Gastrointestinal,2012,2032.2,0.99,0.99,0.99,-0.088,Ordinary,Not in reference set,83.45,17.15,5.96,67.20,No,
DULOXETINE,COUGH,Respiratory,1163,1155.9,1.01,1.01,1.01,-0.088,Ordinary,Not in reference set,82.89,16.68,6.02,67.24,No,
IBUPROFEN,PULMONARY FIBROSIS,Respiratory,697,679.3,1.03,1.03,1.03,-0.088,Ordinary,Not in reference set,82.35,17.07,4.88,65.14,No,
ATORVASTATIN,CONSTIPATION,Gastrointestinal,1868,1883.3,0.99,0.99,0.99,-0.088,Ordinary,Not in reference set,83.35,17.56,5.78,68.79,No,
ADALIMUMAB,HYPERTENSION,Vascular,827,811.8,1.02,1.02,1.02,-0.088,Ordinary,Not in reference set,83.43,16.81,5.56,66.75,No,
APIXABAN,DEHYDRATION,Metabolic,787,771.0,1.02,1.02,1.02,-0.088,Ordinary,Not in reference set,83.35,19.44,5.21,70.65,No,
CIPROFLOXACIN,AORTIC ANEURYSM,Vascular,476,455.6,1.04,1.05,1.05,-0.088,Ordinary,Not in reference set,81.30,18.07,5.67,66.39,No,
ESOMEPRAZOLE,DEPRESSION,Psychiatric,1892,1908.2,0.99,0.99,0.99,-0.088,Ordinary,Not in reference set,83.51,17.55,5.97,65.54,No,
PREDNISONE,OFF LABEL USE,General,1286,1282.6,1.00,1.00,1.00,-0.088,Ordinary,Not in reference set,83.05,17.42,5.60,67.65,No,
AZITHROMYCIN,HEPATITIS,Hepatobiliary,527,507.0,1.04,1.04,1.04,-0.088,Ordinary,Not in reference set,83.11,18.98,5.12,64.71,No,
AZITHROMYCIN,MYALGIA,Musculoskeletal,1371,1370.2,1.00,1.00,1.00,-0.088,Ordinary,Not in reference set,84.68,17.21,5.47,68.13,No,
ALLOPURINOL,HEADACHE,Nervous system,1441,1442.4,1.00,1.00,1.00,-0.088,Ordinary,Not in reference set,82.17,16.03,4.72,65.79,No,
CLOPIDOGREL,ANXIETY,Psychiatric,1339,1337.3,1.00,1.00,1.00,-0.088,Ordinary,Not in reference set,83.57,17.85,4.71,67.96,No,
METFORMIN,MUSCULAR WEAKNESS,Musculoskeletal,1272,1268.4,1.00,1.00,1.00,-0.088,Ordinary,Not in reference set,83.33,17.06,4.09,66.27,No,
SERTRALINE,DRUG INEFFECTIVE,General,1991,2011.1,0.99,0.99,0.99,-0.089,Ordinary,Not in reference set,83.22,17.38,5.27,67.86,No,
ALBUTEROL,HYPOTENSION,Vascular,1327,1325.1,1.00,1.00,1.00,-0.089,Ordinary,Not in reference set,82.52,17.03,6.18,66.92,No,
ALLOPURINOL,SEROTONIN SYNDROME,Nervous system,392,371.3,1.06,1.06,1.06,-0.089,Ordinary,Not in reference set,81.63,15.56,6.89,66.84,No,
SERTRALINE,FATIGUE,General,2231,2260.1,0.99,0.99,0.98,-0.089,Ordinary,Not in reference set,82.07,17.62,5.38,67.41,No,
LEVOTHYROXINE,ELECTROCARDIOGRAM QT PROLONGED,Cardiac,1614,1621.2,1.00,1.00,0.99,-0.089,Ordinary,Not in reference set,82.84,16.98,4.09,67.10,No,
FUROSEMIDE,ABDOMINAL PAIN,Gastrointestinal,1764,1776.5,0.99,0.99,0.99,-0.089,Ordinary,Not in reference set,83.62,16.50,4.88,66.61,No,
SITAGLIPTIN,ARTHRALGIA,Musculoskeletal,1136,1128.8,1.01,1.01,1.01,-0.089,Ordinary,Not in reference set,82.75,16.46,7.39,65.76,No,
SERTRALINE,MUSCULAR WEAKNESS,Musculoskeletal,1028,1017.9,1.01,1.01,1.01,-0.089,Ordinary,Not in reference set,81.71,16.54,6.32,67.90,No,
OMEPRAZOLE,URTICARIA,Skin,1434,1435.6,1.00,1.00,1.00,-0.089,Ordinary,Not in reference set,83.33,16.39,4.46,66.74,No,
CIPROFLOXACIN,BACK PAIN,Musculoskeletal,1137,1129.8,1.01,1.01,1.01,-0.089,Ordinary,Not in reference set,83.11,17.33,5.10,69.04,No,
SITAGLIPTIN,PRURITUS,Skin,1112,1104.3,1.01,1.01,1.01,-0.089,Ordinary,Not in reference set,82.46,15.38,4.95,66.64,No,
INSULIN GLARGINE,DIABETIC KETOACIDOSIS,Metabolic,692,674.6,1.03,1.03,1.03,-0.089,Ordinary,Not in reference set,85.69,17.77,5.64,66.04,No,
VARENICLINE,TENDON RUPTURE,Musculoskeletal,598,579.2,1.03,1.03,1.04,-0.089,Ordinary,Not in reference set,83.28,19.40,5.69,64.72,No,
MONTELUKAST,PRURITUS,Skin,1961,1980.7,0.99,0.99,0.99,-0.089,Ordinary,Not in reference set,82.87,17.49,5.00,68.74,No,
INSULIN GLARGINE,NAUSEA,Gastrointestinal,1879,1895.8,0.99,0.99,0.99,-0.089,Ordinary,Not in reference set,83.40,17.83,5.48,67.38,No,
ALBUTEROL,ARTHRALGIA,Musculoskeletal,1784,1797.5,0.99,0.99,0.99,-0.089,Ordinary,Not in reference set,82.34,18.55,5.77,67.10,No,
ROSUVASTATIN,PARAESTHESIA,Nervous system,1048,1038.8,1.01,1.01,1.01,-0.089,Ordinary,Not in reference set,82.63,16.32,4.01,64.31,No,
DULOXETINE,TACHYCARDIA,Cardiac,1000,989.5,1.01,1.01,1.01,-0.089,Ordinary,Not in reference set,83.90,15.20,5.70,69.80,No,
PANTOPRAZOLE,HYPOTENSION,Vascular,1170,1164.2,1.00,1.01,1.01,-0.089,Ordinary,Not in reference set,83.50,18.03,5.21,67.69,No,
CLOZAPINE,TREMOR,Nervous system,683,665.7,1.03,1.03,1.03,-0.089,Ordinary,Not in reference set,81.84,17.13,4.54,68.08,No,
TRAMADOL,ABDOMINAL PAIN,Gastrointestinal,1551,1557.0,1.00,1.00,1.00,-0.089,Ordinary,Not in reference set,82.53,16.05,6.13,65.89,No,
WARFARIN,OFF LABEL USE,General,1283,1280.5,1.00,1.00,1.00,-0.089,Ordinary,Not in reference set,84.10,15.74,5.07,67.50,No,
LEVOFLOXACIN,TACHYCARDIA,Cardiac,1145,1138.5,1.01,1.01,1.01,-0.089,Ordinary,Not in reference set,84.10,18.52,6.81,66.99,No,
METHOTREXATE,ALOPECIA,Skin,785,769.7,1.02,1.02,1.02,-0.089,Ordinary,Not in reference set,83.57,16.94,5.35,66.88,No,
INSULIN GLARGINE,CLOSTRIDIUM DIFFICILE COLITIS,Gastrointestinal,463,442.9,1.05,1.05,1.05,-0.089,Ordinary,Not in reference set,83.15,18.36,4.97,65.87,No,
IBUPROFEN,HYPONATRAEMIA,Metabolic,1108,1100.6,1.01,1.01,1.01,-0.090,Ordinary,Not in reference set,83.12,15.70,5.32,69.40,No,
OMEPRAZOLE,PRURITUS,Skin,1933,1952.6,0.99,0.99,0.99,-0.090,Ordinary,Not in reference set,84.74,16.40,5.23,64.36,No,
ALBUTEROL,CONFUSIONAL STATE,Psychiatric,1038,1028.7,1.01,1.01,1.01,-0.090,Ordinary,Not in reference set,83.72,16.38,5.30,67.82,No,
SERTRALINE,RHABDOMYOLYSIS,Musculoskeletal,954,942.7,1.01,1.01,1.01,-0.090,Ordinary,Not in reference set,81.24,17.92,4.72,65.83,No,
MONTELUKAST,ANXIETY,Psychiatric,1717,1729.0,0.99,0.99,0.99,-0.090,Ordinary,Not in reference set,83.52,17.53,5.59,66.98,No,
INSULIN GLARGINE,DIARRHOEA,Gastrointestinal,1515,1520.1,1.00,1.00,1.00,-0.090,Ordinary,Not in reference set,82.71,17.89,5.28,64.82,No,
APIXABAN,URTICARIA,Skin,982,971.5,1.01,1.01,1.01,-0.090,Ordinary,Not in reference set,83.20,17.31,5.50,67.11,No,
FEBUXOSTAT,DYSPNOEA,Respiratory,929,917.2,1.01,1.01,1.01,-0.090,Ordinary,Not in reference set,82.45,16.15,4.95,64.69,No,
FUROSEMIDE,DRUG INEFFECTIVE,General,2009,2031.8,0.99,0.99,0.99,-0.090,Ordinary,Not in reference set,83.37,18.62,5.62,66.90,No,
CANAGLIFLOZIN,HEADACHE,Nervous system,1404,1405.7,1.00,1.00,1.00,-0.090,Ordinary,Not in reference set,82.05,17.38,6.20,67.59,No,
TRAMADOL,MYOCARDITIS,Cardiac,422,401.7,1.05,1.05,1.06,-0.090,Ordinary,Not in reference set,81.75,15.17,4.03,69.19,No,
WARFARIN,DIARRHOEA,Gastrointestinal,1980,2001.8,0.99,0.99,0.99,-0.090,Ordinary,Not in reference set,84.24,18.38,5.05,66.97,No,
AMIODARONE,TACHYCARDIA,Cardiac,835,821.1,1.02,1.02,1.02,-0.090,Ordinary,Not in reference set,83.71,18.80,5.75,65.15,No,
ADALIMUMAB,URTICARIA,Skin,830,815.9,1.02,1.02,1.02,-0.090,Ordinary,Not in reference set,82.65,18.67,5.90,68.80,No,
FUROSEMIDE,HEPATIC FAILURE,Hepatobiliary,540,520.8,1.04,1.04,1.04,-0.090,Ordinary,Not in reference set,83.89,16.48,6.30,70.00,No,
CIPROFLOXACIN,SEROTONIN SYNDROME,Nervous system,529,509.7,1.04,1.04,1.04,-0.090,Ordinary,Not in reference set,82.42,19.09,4.73,66.16,No,
WARFARIN,DEPRESSION,Psychiatric,2133,2160.7,0.99,0.99,0.99,-0.090,Ordinary,Not in reference set,84.44,16.92,6.14,66.43,No,
PANTOPRAZOLE,NIGHTMARE,Psychiatric,908,895.8,1.01,1.01,1.02,-0.090,Ordinary,Not in reference set,81.39,18.28,3.96,65.75,No,
METHOTREXATE,HYPOGLYCAEMIA,Metabolic,837,823.2,1.02,1.02,1.02,-0.090,Ordinary,Not in reference set,85.90,16.37,5.26,66.55,No,
AMLODIPINE,PRURITUS,Skin,2117,2144.2,0.99,0.99,0.99,-0.090,Ordinary,Not in reference set,83.85,16.77,5.53,66.60,No,
PANTOPRAZOLE,SEIZURE,Nervous system,705,688.5,1.02,1.03,1.03,-0.090,Ordinary,Not in reference set,83.97,17.73,4.96,65.96,No,
TRAMADOL,LACTIC ACIDOSIS,Metabolic,670,652.9,1.03,1.03,1.03,-0.090,Ordinary,Not in reference set,84.63,18.06,7.46,68.21,No,
MONTELUKAST,SOMNOLENCE,Nervous system,1484,1488.8,1.00,1.00,1.00,-0.090,Ordinary,Not in reference set,83.36,17.99,5.59,65.36,No,
HYDROXYCHLOROQUINE,TENDON RUPTURE,Musculoskeletal,742,726.3,1.02,1.02,1.02,-0.090,Ordinary,Not in reference set,85.18,18.46,6.87,65.23,No,
CLOZAPINE,ELECTROCARDIOGRAM QT PROLONGED,Cardiac,781,766.1,1.02,1.02,1.02,-0.090,Ordinary,Not in reference set,84.12,17.80,4.87,67.09,No,
DULOXETINE,FOETAL MALFORMATION,Congenital,500,480.5,1.04,1.04,1.04,-0.091,Ordinary,Not in reference set,81.80,17.80,3.60,66.80,No,
IBUPROFEN,WEIGHT DECREASED,Investigations,1160,1154.9,1.00,1.00,1.01,-0.091,Ordinary,Not in reference set,82.67,15.52,6.03,65.52,No,
VARENICLINE,FATIGUE,General,1158,1152.9,1.00,1.00,1.01,-0.091,Ordinary,Not in reference set,82.82,17.62,5.70,69.34,No,
SITAGLIPTIN,COUGH,Respiratory,966,955.6,1.01,1.01,1.01,-0.091,Ordinary,Not in reference set,83.23,16.77,6.00,68.01,No,
PANTOPRAZOLE,FATIGUE,General,1986,2009.0,0.99,0.99,0.99,-0.091,Ordinary,Not in reference set,83.38,17.93,5.09,67.17,No,
AMLODIPINE,MYALGIA,Musculoskeletal,1889,1908.4,0.99,0.99,0.99,-0.091,Ordinary,Not in reference set,83.75,17.10,6.62,67.28,No,
LISINOPRIL,CONSTIPATION,Gastrointestinal,1868,1886.6,0.99,0.99,0.99,-0.091,Ordinary,Not in reference set,83.51,16.70,5.57,66.81,No,
DULOXETINE,INSOMNIA,Psychiatric,1376,1377.6,1.00,1.00,1.00,-0.091,Ordinary,Not in reference set,82.85,16.79,5.09,67.81,No,
CLOZAPINE,VOMITING,Gastrointestinal,1303,1302.3,1.00,1.00,1.00,-0.091,Ordinary,Not in reference set,83.65,17.11,5.30,67.23,No,
ISOTRETINOIN,COUGH,Respiratory,774,759.1,1.02,1.02,1.02,-0.091,Ordinary,Not in reference set,83.72,18.35,6.59,65.76,No,
ONDANSETRON,CONGENITAL ANOMALY,Congenital,271,251.1,1.08,1.09,1.09,-0.091,Ordinary,Not in reference set,81.18,14.39,5.54,66.05,No,
ESOMEPRAZOLE,HYPOTENSION,Vascular,1164,1159.3,1.00,1.00,1.00,-0.091,Ordinary,Not in reference set,83.25,17.27,5.58,66.07,No,
FEBUXOSTAT,VOMITING,Gastrointestinal,1058,1050.3,1.01,1.01,1.01,-0.091,Ordinary,Not in reference set,83.93,17.67,4.54,65.69,No,
CLOPIDOGREL,RHABDOMYOLYSIS,Musculoskeletal,844,830.9,1.02,1.02,1.02,-0.091,Ordinary,Not in reference set,84.24,17.65,5.33,69.67,No,
ALBUTEROL,AGGRESSION,Psychiatric,544,525.2,1.04,1.04,1.04,-0.091,Ordinary,Not in reference set,82.90,15.44,4.41,69.67,No,
ADALIMUMAB,FATIGUE,General,1439,1443.0,1.00,1.00,1.00,-0.091,Ordinary,Not in reference set,83.32,19.11,5.63,65.81,No,
WARFARIN,PARAESTHESIA,Nervous system,1048,1040.1,1.01,1.01,1.01,-0.091,Ordinary,Not in reference set,83.30,16.79,6.11,66.13,No,
AMIODARONE,HEADACHE,Nervous system,1421,1424.6,1.00,1.00,1.00,-0.091,Ordinary,Not in reference set,83.32,16.82,6.62,66.43,No,
OMEPRAZOLE,ELECTROCARDIOGRAM QT PROLONGED,Cardiac,1336,1336.8,1.00,1.00,1.00,-0.091,Ordinary,Not in reference set,83.53,18.04,5.39,65.27,No,
FEBUXOSTAT,URTICARIA,Skin,680,663.5,1.02,1.03,1.03,-0.091,Ordinary,Not in reference set,81.76,16.91,4.71,68.53,No,
AMIODARONE,DIZZINESS,Nervous system,1285,1284.3,1.00,1.00,1.00,-0.091,Ordinary,Not in reference set,84.44,16.50,7.00,67.78,No,
PANTOPRAZOLE,LACTIC ACIDOSIS,Metabolic,672,655.4,1.03,1.03,1.03,-0.091,Ordinary,Not in reference set,83.48,16.52,4.61,69.05,No,
LISINOPRIL,CONFUSIONAL STATE,Psychiatric,1268,1266.9,1.00,1.00,1.00,-0.091,Ordinary,Not in reference set,84.54,17.67,4.73,69.64,No,
CANAGLIFLOZIN,RASH,Skin,1259,1257.6,1.00,1.00,1.00,-0.091,Ordinary,Not in reference set,82.05,17.16,6.35,67.43,No,
LISINOPRIL,SOMNOLENCE,Nervous system,1617,1627.6,0.99,0.99,0.99,-0.092,Ordinary,Not in reference set,83.67,17.56,6.80,69.82,No,
GABAPENTIN,SUICIDAL IDEATION,Psychiatric,1535,1542.8,0.99,0.99,0.99,-0.092,Ordinary,Not in reference set,82.35,15.96,4.69,66.97,No,
MONTELUKAST,CONFUSIONAL STATE,Psychiatric,1163,1158.8,1.00,1.00,1.00,-0.092,Ordinary,Not in reference set,82.98,17.28,6.36,66.64,No,
AMLODIPINE,PNEUMONIA,Infection,1516,1523.2,1.00,0.99,0.99,-0.092,Ordinary,Not in reference set,83.38,17.35,4.16,66.09,No,
CLOPIDOGREL,PULMONARY FIBROSIS,Respiratory,551,532.6,1.03,1.04,1.04,-0.092,Ordinary,Not in reference set,81.49,15.79,5.26,66.61,No,
ESOMEPRAZOLE,ABDOMINAL PAIN,Gastrointestinal,1548,1556.3,0.99,0.99,0.99,-0.092,Ordinary,Not in reference set,83.79,15.50,5.88,67.44,No,
FUROSEMIDE,MALAISE,General,1281,1280.5,1.00,1.00,1.00,-0.092,Ordinary,Not in reference set,82.44,17.72,5.23,65.57,No,
LISINOPRIL,MEMORY IMPAIRMENT,Nervous system,978,968.6,1.01,1.01,1.01,-0.092,Ordinary,Not in reference set,84.56,17.89,5.21,67.18,No,
ALLOPURINOL,ANAEMIA,Blood,837,824.1,1.02,1.02,1.02,-0.092,Ordinary,Not in reference set,81.72,16.37,4.78,65.95,No,
ESOMEPRAZOLE,DIARRHOEA,Gastrointestinal,1752,1767.9,0.99,0.99,0.99,-0.092,Ordinary,Not in reference set,83.05,16.89,5.37,66.04,No,
AZITHROMYCIN,COUGH,Respiratory,1331,1332.3,1.00,1.00,1.00,-0.092,Ordinary,Not in reference set,83.55,15.85,5.94,67.47,No,
VARENICLINE,INSOMNIA,Psychiatric,925,914.4,1.01,1.01,1.01,-0.092,Ordinary,Not in reference set,82.92,16.97,5.73,67.57,No,
METHOTREXATE,PRURITUS,Skin,1325,1326.2,1.00,1.00,1.00,-0.092,Ordinary,Not in reference set,85.66,18.34,4.83,67.55,No,
WARFARIN,PNEUMONIA,Infection,1239,1237.5,1.00,1.00,1.00,-0.092,Ordinary,Not in reference set,83.37,17.59,6.30,65.86,No,
PREDNISONE,ATRIAL FIBRILLATION,Cardiac,1007,998.7,1.01,1.01,1.01,-0.092,Ordinary,Not in reference set,84.01,17.28,5.46,68.42,No,
ATORVASTATIN,HEPATITIS,Hepatobiliary,727,711.9,1.02,1.02,1.02,-0.092,Ordinary,Not in reference set,83.49,17.19,5.78,67.54,No,
ONDANSETRON,CARDIAC ARREST,Cardiac,545,526.7,1.03,1.04,1.04,-0.092,Ordinary,Not in reference set,82.75,15.23,6.79,69.72,No,
ATORVASTATIN,AGGRESSION,Psychiatric,662,645.7,1.03,1.03,1.03,-0.092,Ordinary,Not in reference set,84.89,16.16,7.55,69.94,No,
GABAPENTIN,OFF LABEL USE,General,1277,1277.0,1.00,1.00,1.00,-0.092,Ordinary,Not in reference set,85.43,18.40,4.70,67.58,No,
ESOMEPRAZOLE,DRUG INEFFECTIVE,General,1763,1780.0,0.99,0.99,0.99,-0.093,Ordinary,Not in reference set,82.93,17.92,5.28,67.39,No,
TRAMADOL,DIARRHOEA,Gastrointestinal,1752,1768.6,0.99,0.99,0.99,-0.093,Ordinary,Not in reference set,82.13,15.98,5.71,65.30,No,
ATORVASTATIN,URTICARIA,Skin,1579,1589.4,0.99,0.99,0.99,-0.093,Ordinary,Not in reference set,83.34,17.23,6.65,67.19,No,
LEVOFLOXACIN,SUICIDAL IDEATION,Psychiatric,1362,1364.9,1.00,1.00,1.00,-0.093,Ordinary,Not in reference set,82.31,19.09,6.39,65.64,No,
LISINOPRIL,NEUTROPENIA,Blood,955,945.6,1.01,1.01,1.01,-0.093,Ordinary,Not in reference set,83.56,18.43,5.86,68.17,No,
CIPROFLOXACIN,DIABETIC KETOACIDOSIS,Metabolic,799,785.7,1.02,1.02,1.02,-0.093,Ordinary,Not in reference set,82.23,18.52,5.01,66.21,No,
FUROSEMIDE,TENDONITIS,Musculoskeletal,277,257.4,1.08,1.08,1.08,-0.093,Ordinary,Not in reference set,88.45,20.94,5.78,69.31,No,
TAMSULOSIN,PNEUMONIA,Infection,797,783.7,1.02,1.02,1.02,-0.093,Ordinary,Not in reference set,84.94,18.32,4.64,67.25,No,
METHOTREXATE,WEIGHT DECREASED,Investigations,797,783.7,1.02,1.02,1.02,-0.093,Ordinary,Not in reference set,84.07,17.69,5.27,67.88,No,
ISOTRETINOIN,TREMOR,Nervous system,540,521.8,1.03,1.04,1.04,-0.093,Ordinary,Not in reference set,81.11,16.85,3.89,65.00,No,
ATORVASTATIN,MALAISE,General,1566,1576.4,0.99,0.99,0.99,-0.093,Ordinary,Not in reference set,83.08,17.69,6.19,66.92,No,
ROSUVASTATIN,VOMITING,Gastrointestinal,1998,2024.7,0.99,0.99,0.98,-0.093,Ordinary,Not in reference set,83.88,18.42,5.26,67.62,No,
AZITHROMYCIN,DIZZINESS,Nervous system,1766,1783.8,0.99,0.99,0.99,-0.093,Ordinary,Not in reference set,84.26,16.25,4.98,63.36,No,
FUROSEMIDE,SOMNOLENCE,Nervous system,1318,1319.9,1.00,1.00,1.00,-0.093,Ordinary,Not in reference set,82.17,17.37,6.07,68.36,No,
FUROSEMIDE,COUGH,Respiratory,1511,1519.6,0.99,0.99,0.99,-0.093,Ordinary,Not in reference set,82.93,17.14,5.29,67.90,No,
FEBUXOSTAT,FATIGUE,General,1176,1173.5,1.00,1.00,1.00,-0.093,Ordinary,Not in reference set,81.55,16.92,6.12,65.73,No,
VALPROATE,MEMORY IMPAIRMENT,Nervous system,521,502.7,1.04,1.04,1.04,-0.093,Ordinary,Not in reference set,79.08,18.43,3.84,65.45,No,
MONTELUKAST,ANAEMIA,Blood,1448,1454.5,1.00,1.00,0.99,-0.093,Ordinary,Not in reference set,82.53,18.65,5.46,65.40,No,
TAMSULOSIN,VOMITING,Gastrointestinal,1283,1283.9,1.00,1.00,1.00,-0.093,Ordinary,Not in reference set,81.53,18.86,4.99,67.19,No,
LEVOTHYROXINE,HYPERTENSION,Vascular,1716,1732.3,0.99,0.99,0.99,-0.093,Ordinary,Not in reference set,83.39,17.60,5.77,66.14,No,
ONDANSETRON,GASTROINTESTINAL HAEMORRHAGE,Gastrointestinal,1523,1532.3,0.99,0.99,0.99,-0.093,Ordinary,Not in reference set,82.93,16.74,5.45,67.56,No,
AMIODARONE,HYPOTENSION,Vascular,847,835.2,1.01,1.01,1.02,-0.093,Ordinary,Not in reference set,82.88,16.77,6.02,67.30,No,
FEBUXOSTAT,COUGH,Respiratory,794,781.0,1.02,1.02,1.02,-0.093,Ordinary,Not in reference set,82.24,18.64,5.79,66.50,No,
ADALIMUMAB,PYREXIA,General,988,980.1,1.01,1.01,1.01,-0.093,Ordinary,Not in reference set,82.39,15.69,6.07,64.17,No,
AMIODARONE,CONSTIPATION,Gastrointestinal,974,965.7,1.01,1.01,1.01,-0.093,Ordinary,Not in reference set,81.83,14.99,7.19,68.28,No,
METFORMIN,ABDOMINAL PAIN,Gastrointestinal,2157,2191.0,0.98,0.98,0.98,-0.094,Ordinary,Not in reference set,82.94,17.29,6.17,64.72,No,
AMLODIPINE,CONFUSIONAL STATE,Psychiatric,1254,1254.4,1.00,1.00,1.00,-0.094,Ordinary,Not in reference set,84.05,16.43,5.34,67.46,No,
ALLOPURINOL,INSOMNIA,Psychiatric,1160,1157.4,1.00,1.00,1.00,-0.094,Ordinary,Not in reference set,84.14,14.91,5.60,66.12,No,
ALLOPURINOL,TENDON RUPTURE,Musculoskeletal,747,733.1,1.02,1.02,1.02,-0.094,Ordinary,Not in reference set,83.40,17.00,4.28,65.19,No,
APIXABAN,ANXIETY,Psychiatric,1156,1153.4,1.00,1.00,1.00,-0.094,Ordinary,Not in reference set,83.39,18.43,5.80,66.35,No,
AZITHROMYCIN,OFF LABEL USE,General,1135,1131.7,1.00,1.00,1.00,-0.094,Ordinary,Not in reference set,82.56,15.07,4.93,68.11,No,
TAMSULOSIN,OFF LABEL USE,General,823,811.0,1.01,1.02,1.02,-0.094,Ordinary,Not in reference set,82.99,15.80,4.86,64.52,No,
METHOTREXATE,AMPUTATION,Procedural,384,364.6,1.05,1.06,1.06,-0.094,Ordinary,Not in reference set,80.73,15.10,4.69,70.83,No,
LEVOTHYROXINE,CONGENITAL ANOMALY,Congenital,360,340.5,1.06,1.07,1.07,-0.094,Ordinary,Not in reference set,82.22,16.94,6.94,68.89,No,
SITAGLIPTIN,ANXIETY,Psychiatric,972,963.9,1.01,1.01,1.01,-0.094,Ordinary,Not in reference set,81.38,16.15,6.58,67.28,No,
ALBUTEROL,HEPATITIS,Hepatobiliary,596,579.1,1.03,1.03,1.03,-0.094,Ordinary,Not in reference set,81.04,16.78,4.70,66.95,No,
TRAMADOL,MUSCULAR WEAKNESS,Musculoskeletal,911,901.4,1.01,1.01,1.01,-0.094,Ordinary,Not in reference set,82.11,18.99,4.94,65.09,No,
OMEPRAZOLE,HEADACHE,Nervous system,2462,2509.6,0.98,0.98,0.98,-0.094,Ordinary,Not in reference set,82.37,18.12,5.81,67.47,No,
TRAMADOL,DYSPNOEA,Respiratory,1553,1564.2,0.99,0.99,0.99,-0.094,Ordinary,Not in reference set,80.75,15.84,5.67,66.97,No,
METFORMIN,RESPIRATORY DEPRESSION,Respiratory,949,940.5,1.01,1.01,1.01,-0.094,Ordinary,Not in reference set,81.88,17.49,4.85,67.54,No,
GABAPENTIN,ANGIOEDEMA,Skin,792,779.4,1.02,1.02,1.02,-0.094,Ordinary,Not in reference set,86.49,16.92,6.06,64.90,No,
FEBUXOSTAT,HALLUCINATION,Psychiatric,291,271.6,1.07,1.08,1.08,-0.094,Ordinary,Not in reference set,82.82,17.53,5.50,63.92,No,
FEBUXOSTAT,RESPIRATORY DEPRESSION,Respiratory,411,391.9,1.05,1.05,1.05,-0.094,Ordinary,Not in reference set,82.48,16.30,6.57,63.50,No,
FUROSEMIDE,TOXIC EPIDERMAL NECROLYSIS,Skin,282,262.6,1.07,1.08,1.08,-0.094,Ordinary,Not in reference set,78.37,18.09,6.38,70.21,No,
ESOMEPRAZOLE,RASH,Skin,1750,1769.0,0.99,0.99,0.99,-0.094,Ordinary,Not in reference set,82.57,17.60,5.03,67.94,No,
CIPROFLOXACIN,PRURITUS,Skin,1530,1540.7,0.99,0.99,0.99,-0.094,Ordinary,Not in reference set,84.31,17.25,6.01,69.35,No,
ESOMEPRAZOLE,URTICARIA,Skin,1134,1131.1,1.00,1.00,1.00,-0.094,Ordinary,Not in reference set,84.13,16.40,5.29,67.11,No,
PREDNISONE,RASH,Skin,1978,2006.2,0.99,0.98,0.98,-0.095,Ordinary,Not in reference set,86.10,17.80,5.01,67.49,No,
ESOMEPRAZOLE,BACK PAIN,Musculoskeletal,1131,1128.2,1.00,1.00,1.00,-0.095,Ordinary,Not in reference set,83.38,17.77,4.60,67.64,No,
LEVOTHYROXINE,HYPERKALAEMIA,Metabolic,1066,1061.2,1.00,1.01,1.01,-0.095,Ordinary,Not in reference set,83.86,18.76,6.75,66.23,No,
VARENICLINE,DIZZINESS,Nervous system,1033,1027.3,1.01,1.01,1.01,-0.095,Ordinary,Not in reference set,83.16,14.52,7.07,67.09,No,
VARENICLINE,ELECTROCARDIOGRAM QT PROLONGED,Cardiac,623,607.0,1.03,1.03,1.03,-0.095,Ordinary,Not in reference set,84.27,18.14,6.26,67.74,No,
ATORVASTATIN,ELECTROCARDIOGRAM QT PROLONGED,Cardiac,1471,1480.0,0.99,0.99,0.99,-0.095,Ordinary,Not in reference set,83.41,16.52,4.96,67.10,No,
LEVOTHYROXINE,SEIZURE,Nervous system,1060,1055.2,1.00,1.01,1.01,-0.095,Ordinary,Not in reference set,84.06,18.21,6.42,66.70,No,
SERTRALINE,ABDOMINAL PAIN,Gastrointestinal,1739,1758.4,0.99,0.99,0.99,-0.095,Ordinary,Not in reference set,82.98,16.39,5.18,66.19,No,
LEVOTHYROXINE,HYPOGLYCAEMIA,Metabolic,1461,1469.9,0.99,0.99,0.99,-0.095,Ordinary,Not in reference set,84.80,17.32,5.82,69.27,No,
ALBUTEROL,ELECTROCARDIOGRAM QT PROLONGED,Cardiac,1204,1203.9,1.00,1.00,1.00,-0.095,Ordinary,Not in reference set,82.89,19.10,6.06,68.19,No,
ALBUTEROL,TREMOR,Nervous system,1051,1046.1,1.00,1.01,1.01,-0.095,Ordinary,Not in reference set,82.30,17.32,5.04,66.51,No,
PREDNISONE,MALAISE,General,1270,1272.3,1.00,1.00,1.00,-0.095,Ordinary,Not in reference set,84.33,18.35,5.75,67.87,No,
FUROSEMIDE,HAEMORRHAGE,Vascular,1078,1074.2,1.00,1.00,1.00,-0.095,Ordinary,Not in reference set,82.19,17.07,5.47,66.33,No,
TRAMADOL,SEIZURE,Nervous system,700,685.9,1.02,1.02,1.02,-0.095,Ordinary,Not in reference set,81.71,17.71,5.29,67.14,No,
ALLOPURINOL,AORTIC ANEURYSM,Vascular,351,331.8,1.06,1.06,1.06,-0.095,Ordinary,Not in reference set,83.19,14.53,3.70,62.68,No,
ATORVASTATIN,HYPOGLYCAEMIA,Metabolic,1337,1341.8,1.00,1.00,1.00,-0.096,Ordinary,Not in reference set,84.59,18.10,4.56,66.79,No,
DULOXETINE,MYALGIA,Musculoskeletal,1189,1188.8,1.00,1.00,1.00,-0.096,Ordinary,Not in reference set,80.15,16.48,4.54,68.46,No,
FUROSEMIDE,NEUTROPENIA,Blood,779,766.8,1.02,1.02,1.02,-0.096,Ordinary,Not in reference set,80.49,14.12,4.75,67.91,No,
ATORVASTATIN,ARTHRALGIA,Musculoskeletal,2172,2209.7,0.98,0.98,0.98,-0.096,Ordinary,Not in reference set,82.00,16.90,5.29,66.02,No,
ESOMEPRAZOLE,PYREXIA,General,1353,1358.6,1.00,1.00,1.00,-0.096,Ordinary,Not in reference set,83.37,17.00,5.76,64.89,No,
OMEPRAZOLE,DEHYDRATION,Metabolic,1141,1139.4,1.00,1.00,1.00,-0.096,Ordinary,Not in reference set,81.60,15.95,5.78,65.47,No,
PREDNISONE,RESPIRATORY DEPRESSION,Respiratory,770,757.7,1.02,1.02,1.02,-0.096,Ordinary,Not in reference set,84.29,18.05,3.90,66.10,No,
GABAPENTIN,GASTROINTESTINAL HAEMORRHAGE,Gastrointestinal,1513,1524.5,0.99,0.99,0.99,-0.096,Ordinary,Not in reference set,82.88,17.32,5.88,68.01,No,
CELECOXIB,VOMITING,Gastrointestinal,1290,1293.5,1.00,1.00,1.00,-0.096,Ordinary,Not in reference set,83.64,17.75,5.50,66.74,No,
ONDANSETRON,MYOCARDIAL INFARCTION,Cardiac,1328,1332.9,1.00,1.00,1.00,-0.096,Ordinary,Not in reference set,83.13,18.00,5.95,66.79,No,
AMLODIPINE,CLOSTRIDIUM DIFFICILE COLITIS,Gastrointestinal,731,717.9,1.02,1.02,1.02,-0.096,Ordinary,Not in reference set,84.40,18.60,4.51,68.13,No,
WARFARIN,RHABDOMYOLYSIS,Musculoskeletal,952,944.8,1.01,1.01,1.01,-0.096,Ordinary,Not in reference set,82.98,15.97,5.15,66.60,No,
CLOPIDOGREL,NIGHTMARE,Psychiatric,897,888.3,1.01,1.01,1.01,-0.096,Ordinary,Not in reference set,82.61,16.95,5.69,70.57,No,
METHOTREXATE,DIARRHOEA,Gastrointestinal,1512,1523.9,0.99,0.99,0.99,-0.096,Ordinary,Not in reference set,83.33,19.51,6.55,67.39,No,
ONDANSETRON,PHOTOSENSITIVITY REACTION,Skin,538,521.0,1.03,1.04,1.04,-0.096,Ordinary,Not in reference set,82.71,16.54,5.39,69.14,No,
HYDROXYCHLOROQUINE,RASH,Skin,1275,1278.4,1.00,1.00,1.00,-0.096,Ordinary,Not in reference set,82.98,16.86,5.65,67.06,No,
WARFARIN,MUSCULAR WEAKNESS,Musculoskeletal,1025,1020.2,1.00,1.01,1.01,-0.096,Ordinary,Not in reference set,83.41,16.00,6.15,66.83,No,
SERTRALINE,NIGHTMARE,Psychiatric,1013,1007.8,1.01,1.01,1.01,-0.096,Ordinary,Not in reference set,81.74,16.09,6.12,66.04,No,
CANAGLIFLOZIN,BACK PAIN,Musculoskeletal,813,802.1,1.01,1.01,1.02,-0.096,Ordinary,Not in reference set,81.55,16.24,5.41,65.68,No,
ALLOPURINOL,ARTHRALGIA,Musculoskeletal,1148,1147.2,1.00,1.00,1.00,-0.096,Ordinary,Not in reference set,84.84,16.11,4.53,64.20,No,
FEBUXOSTAT,ANXIETY,Psychiatric,799,787.8,1.01,1.01,1.02,-0.096,Ordinary,Not in reference set,83.10,17.65,8.26,66.96,No,
AZITHROMYCIN,ABDOMINAL PAIN,Gastrointestinal,1544,1557.5,0.99,0.99,0.99,-0.097,Ordinary,Not in reference set,82.77,16.52,5.05,67.16,No,
VARENICLINE,DEPRESSION,Psychiatric,1102,1099.7,1.00,1.00,1.00,-0.097,Ordinary,Not in reference set,82.76,16.06,6.72,67.33,No,
AZITHROMYCIN,NIGHTMARE,Psychiatric,901,892.7,1.01,1.01,1.01,-0.097,Ordinary,Not in reference set,84.79,16.54,6.44,64.82,No,
IBUPROFEN,TACHYCARDIA,Cardiac,1438,1447.6,0.99,0.99,0.99,-0.097,Ordinary,Not in reference set,82.82,17.32,4.94,68.43,No,
LEVOTHYROXINE,HYPONATRAEMIA,Metabolic,1328,1333.7,1.00,1.00,1.00,-0.097,Ordinary,Not in reference set,81.02,16.72,6.02,66.79,No,
APIXABAN,PARAESTHESIA,Nervous system,800,788.9,1.01,1.02,1.02,-0.097,Ordinary,Not in reference set,84.25,16.13,6.13,68.38,No,
FEBUXOSTAT,HEADACHE,Nervous system,1160,1159.9,1.00,1.00,1.00,-0.097,Ordinary,Not in reference set,83.45,17.50,5.26,64.31,No,
METHOTREXATE,DIABETIC KETOACIDOSIS,Metabolic,690,676.3,1.02,1.02,1.02,-0.097,Ordinary,Not in reference set,82.32,17.39,4.64,68.41,No,
LISINOPRIL,STEVENS-JOHNSON SYNDROME,Skin,608,592.5,1.03,1.03,1.03,-0.097,Ordinary,Not in reference set,85.20,17.27,6.58,67.93,No,
METFORMIN,PRURITUS,Skin,2128,2165.8,0.98,0.98,0.98,-0.097,Ordinary,Not in reference set,84.59,17.62,5.31,67.15,No,
LISINOPRIL,RHABDOMYOLYSIS,Musculoskeletal,1174,1174.4,1.00,1.00,1.00,-0.097,Ordinary,Not in reference set,83.30,17.63,6.13,68.06,No,
LEVOTHYROXINE,DIABETIC KETOACIDOSIS,Metabolic,1206,1207.6,1.00,1.00,1.00,-0.097,Ordinary,Not in reference set,83.33,17.58,5.31,69.57,No,
APIXABAN,SEROTONIN SYNDROME,Nervous system,455,437.1,1.04,1.04,1.04,-0.097,Ordinary,Not in reference set,80.00,18.02,7.03,65.05,No,
TAMSULOSIN,HEPATIC FAILURE,Hepatobiliary,346,327.2,1.06,1.06,1.06,-0.097,Ordinary,Not in reference set,82.08,16.76,7.23,65.03,No,
CELECOXIB,HEADACHE,Nervous system,1419,1428.4,0.99,0.99,0.99,-0.097,Ordinary,Not in reference set,82.66,16.63,5.50,65.12,No,
PANTOPRAZOLE,ANXIETY,Psychiatric,1342,1348.7,1.00,0.99,0.99,-0.097,Ordinary,Not in reference set,81.82,17.44,6.41,69.00,No,
ALBUTEROL,BACK PAIN,Musculoskeletal,1285,1289.6,1.00,1.00,1.00,-0.097,Ordinary,Not in reference set,82.96,16.96,5.21,66.61,No,
ONDANSETRON,MEMORY IMPAIRMENT,Nervous system,792,781.0,1.01,1.02,1.02,-0.097,Ordinary,Not in reference set,83.96,14.27,5.56,65.66,No,
ROSUVASTATIN,PNEUMONIA,Infection,1233,1235.8,1.00,1.00,1.00,-0.097,Ordinary,Not in reference set,82.16,15.57,6.24,66.18,No,
CELECOXIB,HYPOGLYCAEMIA,Metabolic,703,689.9,1.02,1.02,1.02,-0.097,Ordinary,Not in reference set,85.35,18.92,6.26,67.43,No,
ISOTRETINOIN,WEIGHT DECREASED,Investigations,535,518.4,1.03,1.03,1.03,-0.097,Ordinary,Not in reference set,82.99,17.38,3.74,63.36,No,
INSULIN GLARGINE,PHOTOSENSITIVITY REACTION,Skin,413,394.7,1.05,1.05,1.05,-0.097,Ordinary,Not in reference set,81.84,17.43,5.08,66.10,No,
PREDNISONE,HYPOTENSION,Vascular,1309,1314.7,1.00,1.00,1.00,-0.098,Ordinary,Not in reference set,82.81,17.34,4.89,68.91,No,
SERTRALINE,ANAEMIA,Blood,1272,1276.4,1.00,1.00,1.00,-0.098,Ordinary,Not in reference set,82.86,18.08,6.21,66.19,No,
AMLODIPINE,DYSPNOEA,Respiratory,2140,2179.2,0.98,0.98,0.98,-0.098,Ordinary,Not in reference set,84.63,16.45,5.89,67.57,No,
ONDANSETRON,CONSTIPATION,Gastrointestinal,1508,1521.2,0.99,0.99,0.99,-0.098,Ordinary,Not in reference set,85.21,18.10,5.64,68.44,No,
LEVOFLOXACIN,PRURITUS,Skin,1523,1536.9,0.99,0.99,0.99,-0.098,Ordinary,Not in reference set,83.13,19.11,5.25,66.84,No,
IBUPROFEN,HYPOTENSION,Vascular,1461,1472.5,0.99,0.99,0.99,-0.098,Ordinary,Not in reference set,81.52,16.15,5.89,70.43,No,
ROSUVASTATIN,SOMNOLENCE,Nervous system,1302,1307.6,1.00,1.00,1.00,-0.098,Ordinary,Not in reference set,82.87,17.82,4.76,66.59,No,
AMLODIPINE,WEIGHT DECREASED,Investigations,1263,1267.2,1.00,1.00,1.00,-0.098,Ordinary,Not in reference set,82.50,17.50,4.59,68.17,No,
CELECOXIB,MYALGIA,Musculoskeletal,994,989.1,1.00,1.01,1.01,-0.098,Ordinary,Not in reference set,81.29,17.51,6.94,67.71,No,
HYDROXYCHLOROQUINE,CONSTIPATION,Gastrointestinal,974,968.6,1.01,1.01,1.01,-0.098,Ordinary,Not in reference set,83.98,17.76,6.47,68.38,No,
CIPROFLOXACIN,TOXIC EPIDERMAL NECROLYSIS,Skin,249,230.4,1.08,1.09,1.09,-0.098,Ordinary,Not in reference set,81.12,14.06,4.82,70.68,No,
INSULIN GLARGINE,CONSTIPATION,Gastrointestinal,1152,1152.5,1.00,1.00,1.00,-0.098,Ordinary,Not in reference set,84.81,17.01,4.86,67.71,No,
ATORVASTATIN,ANXIETY,Psychiatric,1859,1887.0,0.99,0.98,0.98,-0.098,Ordinary,Not in reference set,81.39,17.05,4.57,66.92,No,
FEBUXOSTAT,DRUG INEFFECTIVE,General,1047,1044.2,1.00,1.00,1.00,-0.098,Ordinary,Not in reference set,81.95,15.95,5.35,67.05,No,
WARFARIN,HEPATITIS,Hepatobiliary,589,573.7,1.03,1.03,1.03,-0.098,Ordinary,Not in reference set,81.83,18.68,6.96,65.87,No,
ALBUTEROL,PYREXIA,General,1538,1553.0,0.99,0.99,0.99,-0.098,Ordinary,Not in reference set,84.98,16.97,5.33,68.01,No,
INSULIN GLARGINE,PYREXIA,General,1167,1168.3,1.00,1.00,1.00,-0.098,Ordinary,Not in reference set,81.92,16.62,4.37,67.52,No,
ROSUVASTATIN,THROMBOCYTOPENIA,Blood,769,758.0,1.01,1.02,1.02,-0.098,Ordinary,Not in reference set,82.57,16.12,5.46,67.62,No,
ADALIMUMAB,PARAESTHESIA,Nervous system,676,662.6,1.02,1.02,1.02,-0.098,Ordinary,Not in reference set,82.10,14.94,5.62,67.01,No,
ATORVASTATIN,ANAEMIA,Blood,1571,1587.4,0.99,0.99,0.99,-0.098,Ordinary,Not in reference set,80.65,16.36,5.98,66.01,No,
AZITHROMYCIN,HYPOTENSION,Vascular,1159,1160.1,1.00,1.00,1.00,-0.098,Ordinary,Not in reference set,82.40,16.13,5.09,67.04,No,
ALLOPURINOL,CONFUSIONAL STATE,Psychiatric,670,656.5,1.02,1.02,1.02,-0.098,Ordinary,Not in reference set,82.09,17.16,5.67,69.70,No,
ALLOPURINOL,ABDOMINAL PAIN,Gastrointestinal,1135,1135.3,1.00,1.00,1.00,-0.098,Ordinary,Not in reference set,83.35,16.30,4.14,65.55,No,
ESOMEPRAZOLE,MALAISE,General,1122,1121.9,1.00,1.00,1.00,-0.098,Ordinary,Not in reference set,82.35,17.11,6.33,67.83,No,
AMLODIPINE,FOETAL MALFORMATION,Congenital,782,771.4,1.01,1.02,1.02,-0.098,Ordinary,Not in reference set,84.02,18.16,5.63,67.01,No,
OMEPRAZOLE,HYPOGLYCAEMIA,Metabolic,1209,1212.0,1.00,1.00,1.00,-0.099,Ordinary,Not in reference set,83.87,17.12,5.96,68.98,No,
DULOXETINE,DIABETIC KETOACIDOSIS,Metabolic,694,681.2,1.02,1.02,1.02,-0.099,Ordinary,Not in reference set,81.27,18.88,5.91,67.00,No,
AMLODIPINE,DEPRESSION,Psychiatric,2598,2659.6,0.98,0.97,0.97,-0.099,Ordinary,Not in reference set,83.91,18.21,5.20,67.28,No,
PREDNISONE,COUGH,Respiratory,1496,1509.9,0.99,0.99,0.99,-0.099,Ordinary,Not in reference set,82.95,16.98,5.61,66.78,No,
ESOMEPRAZOLE,TACHYCARDIA,Cardiac,1139,1139.6,1.00,1.00,1.00,-0.099,Ordinary,Not in reference set,84.37,17.03,5.36,69.53,No,
LISINOPRIL,SEIZURE,Nervous system,970,965.0,1.01,1.01,1.01,-0.099,Ordinary,Not in reference set,84.12,15.88,5.36,66.39,No,
AMIODARONE,PANCREATITIS,Gastrointestinal,499,482.2,1.03,1.04,1.04,-0.099,Ordinary,Not in reference set,84.17,15.83,3.81,65.33,No,
LISINOPRIL,MYALGIA,Musculoskeletal,1897,1927.3,0.98,0.98,0.98,-0.099,Ordinary,Not in reference set,84.40,18.71,5.27,66.90,No,
MONTELUKAST,TACHYCARDIA,Cardiac,1455,1467.3,0.99,0.99,0.99,-0.099,Ordinary,Not in reference set,84.47,18.01,5.02,68.80,No,
METHOTREXATE,RHABDOMYOLYSIS,Musculoskeletal,731,719.2,1.02,1.02,1.02,-0.099,Ordinary,Not in reference set,82.90,16.69,7.52,69.77,No,
ADALIMUMAB,DIZZINESS,Nervous system,1280,1285.9,1.00,1.00,0.99,-0.099,Ordinary,Not in reference set,84.69,16.33,5.63,68.67,No,
LEVOFLOXACIN,DIARRHOEA,Gastrointestinal,1742,1766.1,0.99,0.99,0.98,-0.099,Ordinary,Not in reference set,82.32,18.20,5.17,65.73,No,
TAMSULOSIN,SUICIDAL IDEATION,Psychiatric,984,979.7,1.00,1.00,1.00,-0.099,Ordinary,Not in reference set,83.43,16.87,5.39,67.48,No,
MONTELUKAST,NAUSEA,Gastrointestinal,2768,2838.6,0.98,0.97,0.97,-0.099,Ordinary,Not in reference set,83.89,17.85,5.02,66.98,No,
ONDANSETRON,INSOMNIA,Psychiatric,1775,1800.8,0.99,0.98,0.98,-0.099,Ordinary,Not in reference set,82.93,16.34,5.41,66.70,No,
FEBUXOSTAT,DEPRESSION,Psychiatric,1119,1119.3,1.00,1.00,1.00,-0.099,Ordinary,Not in reference set,83.02,16.98,4.92,67.38,No,
FUROSEMIDE,CONFUSIONAL STATE,Psychiatric,1030,1027.3,1.00,1.00,1.00,-0.099,Ordinary,Not in reference set,83.69,17.86,6.60,68.06,No,
METFORMIN,BRADYCARDIA,Cardiac,658,644.6,1.02,1.02,1.02,-0.099,Ordinary,Not in reference set,84.65,18.39,5.62,65.50,No,
TRAMADOL,HEADACHE,Nervous system,1945,1978.2,0.98,0.98,0.98,-0.099,Ordinary,Not in reference set,82.21,17.28,5.60,66.79,No,
SITAGLIPTIN,ANAEMIA,Blood,820,810.9,1.01,1.01,1.01,-0.099,Ordinary,Not in reference set,81.59,15.12,5.00,65.61,No,
SITAGLIPTIN,FOETAL MALFORMATION,Congenital,415,397.3,1.04,1.05,1.05,-0.099,Ordinary,Not in reference set,82.65,20.00,3.86,66.99,No,
CLOPIDOGREL,RASH,Skin,1737,1761.5,0.99,0.99,0.98,-0.099,Ordinary,Not in reference set,82.79,16.64,5.64,67.18,No,
WARFARIN,COUGH,Respiratory,1493,1507.5,0.99,0.99,0.99,-0.099,Ordinary,Not in reference set,83.92,17.41,5.89,66.44,No,
AMLODIPINE,INSOMNIA,Psychiatric,2168,2211.4,0.98,0.98,0.98,-0.100,Ordinary,Not in reference set,83.26,16.51,5.21,65.22,No,
GABAPENTIN,BACK PAIN,Musculoskeletal,1268,1274.0,1.00,0.99,0.99,-0.100,Ordinary,Not in reference set,83.12,16.56,5.76,65.93,No,
AZITHROMYCIN,CONFUSIONAL STATE,Psychiatric,907,900.7,1.01,1.01,1.01,-0.100,Ordinary,Not in reference set,85.34,18.08,5.62,66.04,No,
DULOXETINE,TREMOR,Nervous system,804,794.6,1.01,1.01,1.01,-0.100,Ordinary,Not in reference set,83.46,17.54,5.35,65.55,No,
TRAMADOL,CARDIAC ARREST,Cardiac,481,464.3,1.04,1.04,1.04,-0.100,Ordinary,Not in reference set,83.58,18.50,6.24,66.74,No,
AMIODARONE,SUICIDAL IDEATION,Psychiatric,988,984.3,1.00,1.00,1.00,-0.100,Ordinary,Not in reference set,81.78,17.11,4.86,67.21,No,
FEBUXOSTAT,INSOMNIA,Psychiatric,936,930.7,1.01,1.01,1.01,-0.100,Ordinary,Not in reference set,82.16,14.42,4.91,66.99,No,
AZITHROMYCIN,ALOPECIA,Skin,900,893.5,1.01,1.01,1.01,-0.100,Ordinary,Not in reference set,81.22,15.11,5.44,68.56,No,
APIXABAN,ACUTE KIDNEY INJURY,Renal,853,845.1,1.01,1.01,1.01,-0.100,Ordinary,Not in reference set,84.17,15.36,6.33,68.35,No,
AZITHROMYCIN,SOMNOLENCE,Nervous system,1155,1157.2,1.00,1.00,1.00,-0.100,Ordinary,Not in reference set,83.29,18.44,6.41,66.75,No,
LEVOFLOXACIN,PANCYTOPENIA,Blood,810,801.0,1.01,1.01,1.01,-0.100,Ordinary,Not in reference set,83.09,16.54,4.44,65.06,No,
LISINOPRIL,PARAESTHESIA,Nervous system,1286,1293.0,0.99,0.99,0.99,-0.100,Ordinary,Not in reference set,83.20,18.35,5.83,66.10,No,
ATORVASTATIN,ALOPECIA,Skin,1249,1254.6,1.00,1.00,0.99,-0.100,Ordinary,Not in reference set,82.95,16.49,5.52,66.37,No,
SITAGLIPTIN,HYPERKALAEMIA,Metabolic,511,494.9,1.03,1.03,1.04,-0.100,Ordinary,Not in reference set,84.93,18.59,7.05,67.12,No,
VARENICLINE,DRUG INEFFECTIVE,General,1028,1025.9,1.00,1.00,1.00,-0.100,Ordinary,Not in reference set,83.27,18.29,6.32,67.22,No,
GABAPENTIN,NIGHTMARE,Psychiatric,1010,1007.3,1.00,1.00,1.00,-0.100,Ordinary,Not in reference set,82.28,17.62,5.25,66.53,No,
APIXABAN,NIGHTMARE,Psychiatric,776,766.1,1.01,1.01,1.01,-0.100,Ordinary,Not in reference set,82.35,17.65,4.12,66.49,No,
LISINOPRIL,DYSPNOEA,Respiratory,2157,2200.9,0.98,0.98,0.98,-0.100,Ordinary,Not in reference set,83.17,15.90,5.93,68.75,No,
ONDANSETRON,DIZZINESS,Nervous system,1987,2023.2,0.98,0.98,0.98,-0.100,Ordinary,Not in reference set,82.89,17.21,5.03,66.53,No,
IBUPROFEN,TREMOR,Nervous system,1160,1162.6,1.00,1.00,1.00,-0.100,Ordinary,Not in reference set,81.55,16.72,5.69,66.12,No,
ROSUVASTATIN,HYPOTENSION,Vascular,1303,1310.9,0.99,0.99,0.99,-0.100,Ordinary,Not in reference set,82.50,17.57,5.30,67.92,No,
FUROSEMIDE,AMPUTATION,Procedural,499,482.8,1.03,1.04,1.04,-0.100,Ordinary,Not in reference set,82.16,17.03,3.41,66.93,No,
ALBUTEROL,TENDONITIS,Musculoskeletal,276,257.7,1.07,1.08,1.08,-0.100,Ordinary,Not in reference set,85.87,19.57,3.99,70.29,No,
ROSUVASTATIN,SUICIDAL IDEATION,Psychiatric,1528,1544.9,0.99,0.99,0.99,-0.100,Ordinary,Not in reference set,81.94,18.78,5.63,68.32,No,
ALBUTEROL,SUICIDAL IDEATION,Psychiatric,1544,1561.6,0.99,0.99,0.99,-0.100,Ordinary,Not in reference set,83.42,17.62,5.38,69.82,No,
CLOPIDOGREL,BACK PAIN,Musculoskeletal,1122,1123.5,1.00,1.00,1.00,-0.100,Ordinary,Not in reference set,83.33,17.47,4.90,68.89,No,
CIPROFLOXACIN,DEPRESSION,Psychiatric,1879,1911.0,0.98,0.98,0.98,-0.101,Ordinary,Not in reference set,82.65,17.24,5.43,68.28,No,
APIXABAN,HEADACHE,Nervous system,1675,1698.2,0.99,0.99,0.98,-0.101,Ordinary,Not in reference set,84.06,17.79,5.55,67.46,No,
INSULIN GLARGINE,TENDON RUPTURE,Musculoskeletal,871,864.1,1.01,1.01,1.01,-0.101,Ordinary,Not in reference set,83.12,16.99,4.94,63.49,No,
DULOXETINE,HYPOGLYCAEMIA,Metabolic,837,829.1,1.01,1.01,1.01,-0.101,Ordinary,Not in reference set,83.75,16.01,5.50,67.03,No,
MONTELUKAST,STEVENS-JOHNSON SYNDROME,Skin,557,542.0,1.03,1.03,1.03,-0.101,Ordinary,Not in reference set,83.12,17.24,4.49,67.50,No,
OMEPRAZOLE,BACK PAIN,Musculoskeletal,1419,1431.9,0.99,0.99,0.99,-0.101,Ordinary,Not in reference set,82.38,18.46,5.07,66.74,No,
CELECOXIB,DIARRHOEA,Gastrointestinal,1270,1277.1,0.99,0.99,0.99,-0.101,Ordinary,Not in reference set,84.33,17.56,6.38,68.03,No,
DULOXETINE,PNEUMONIA,Infection,953,948.9,1.00,1.00,1.00,-0.101,Ordinary,Not in reference set,83.63,16.26,5.25,66.63,No,
INSULIN GLARGINE,MUSCULAR WEAKNESS,Musculoskeletal,784,774.7,1.01,1.01,1.01,-0.101,Ordinary,Not in reference set,82.91,16.84,5.48,67.47,No,
INSULIN GLARGINE,ATRIAL FIBRILLATION,Cardiac,767,757.2,1.01,1.01,1.01,-0.101,Ordinary,Not in reference set,85.53,16.82,4.82,67.54,No,
LEVOTHYROXINE,TORSADE DE POINTES,Cardiac,677,664.8,1.02,1.02,1.02,-0.101,Ordinary,Not in reference set,81.68,14.48,4.28,66.91,No,
LEVOTHYROXINE,ANXIETY,Psychiatric,2028,2067.1,0.98,0.98,0.98,-0.101,Ordinary,Not in reference set,82.45,17.31,4.54,67.95,No,
IBUPROFEN,ANXIETY,Psychiatric,1682,1705.9,0.99,0.98,0.98,-0.101,Ordinary,Not in reference set,82.40,16.47,5.47,67.42,No,
ESOMEPRAZOLE,VOMITING,Gastrointestinal,1763,1790.5,0.98,0.98,0.98,-0.101,Ordinary,Not in reference set,82.19,16.34,4.71,67.27,No,
SERTRALINE,DYSPNOEA,Respiratory,1740,1766.5,0.98,0.98,0.98,-0.101,Ordinary,Not in reference set,82.13,17.76,5.00,66.84,No,
IBUPROFEN,ALOPECIA,Skin,1132,1134.2,1.00,1.00,1.00,-0.101,Ordinary,Not in reference set,84.81,15.81,4.59,68.11,No,
METHOTREXATE,CONFUSIONAL STATE,Psychiatric,785,775.8,1.01,1.01,1.01,-0.101,Ordinary,Not in reference set,84.33,18.22,6.24,70.06,No,
APIXABAN,MUSCULAR WEAKNESS,Musculoskeletal,783,773.8,1.01,1.01,1.01,-0.101,Ordinary,Not in reference set,85.57,18.90,4.98,72.29,No,
AMIODARONE,FOETAL MALFORMATION,Congenital,416,398.7,1.04,1.05,1.05,-0.101,Ordinary,Not in reference set,81.25,19.71,5.53,68.51,No,
ISOTRETINOIN,DIARRHOEA,Gastrointestinal,1010,1008.0,1.00,1.00,1.00,-0.101,Ordinary,Not in reference set,82.28,17.23,5.05,66.24,No,
ALBUTEROL,COUGH,Respiratory,1505,1521.8,0.99,0.99,0.99,-0.101,Ordinary,Not in reference set,81.46,17.08,4.98,65.91,No,
VARENICLINE,MALAISE,General,659,646.6,1.02,1.02,1.02,-0.101,Ordinary,Not in reference set,83.61,17.45,6.53,67.53,No,
AZITHROMYCIN,PYREXIA,General,1349,1359.6,0.99,0.99,0.99,-0.101,Ordinary,Not in reference set,82.06,16.38,5.71,65.31,No,
ALBUTEROL,RESPIRATORY DEPRESSION,Respiratory,773,763.6,1.01,1.01,1.01,-0.101,Ordinary,Not in reference set,82.79,16.04,5.69,69.99,No,
SITAGLIPTIN,TORSADE DE POINTES,Cardiac,328,310.0,1.06,1.06,1.06,-0.101,Ordinary,Not in reference set,81.10,14.63,5.79,69.51,No,
VARENICLINE,BRADYCARDIA,Cardiac,282,263.9,1.07,1.07,1.07,-0.101,Ordinary,Not in reference set,81.91,14.89,8.16,67.02,No,
METHOTREXATE,AGRANULOCYTOSIS,Blood,527,511.7,1.03,1.03,1.03,-0.101,Ordinary,Not in reference set,82.54,16.89,4.17,67.74,No,
CLOZAPINE,HYPERKALAEMIA,Metabolic,517,501.5,1.03,1.03,1.03,-0.101,Ordinary,Not in reference set,81.82,19.34,4.26,63.06,No,
IBUPROFEN,URTICARIA,Skin,1423,1436.8,0.99,0.99,0.99,-0.101,Ordinary,Not in reference set,82.50,17.64,4.50,67.46,No,
OMEPRAZOLE,RHABDOMYOLYSIS,Musculoskeletal,1059,1059.0,1.00,1.00,1.00,-0.101,Ordinary,Not in reference set,81.68,18.89,6.61,64.78,No,
ONDANSETRON,ALOPECIA,Skin,1015,1013.4,1.00,1.00,1.00,-0.101,Ordinary,Not in reference set,81.87,15.47,5.12,71.03,No,
FUROSEMIDE,ATRIAL FIBRILLATION,Cardiac,1007,1005.2,1.00,1.00,1.00,-0.101,Ordinary,Not in reference set,83.91,17.18,6.36,66.73,No,
CLOZAPINE,MEMORY IMPAIRMENT,Nervous system,516,500.5,1.03,1.03,1.03,-0.101,Ordinary,Not in reference set,81.98,15.50,5.04,66.28,No,
ATORVASTATIN,DIZZINESS,Nervous system,2445,2504.7,0.98,0.97,0.97,-0.102,Ordinary,Not in reference set,83.64,17.87,5.56,67.85,No,
DULOXETINE,VOMITING,Gastrointestinal,1536,1554.6,0.99,0.99,0.99,-0.102,Ordinary,Not in reference set,81.38,17.90,5.60,66.34,No,
GABAPENTIN,SEIZURE,Nervous system,783,774.2,1.01,1.01,1.01,-0.102,Ordinary,Not in reference set,83.01,15.71,5.49,65.26,No,
MONTELUKAST,TREMOR,Nervous system,1174,1178.3,1.00,1.00,1.00,-0.102,Ordinary,Not in reference set,82.88,16.78,5.88,65.50,No,
TRAMADOL,PNEUMONIA,Infection,1092,1093.3,1.00,1.00,1.00,-0.102,Ordinary,Not in reference set,83.42,16.30,5.49,66.12,No,
CLOZAPINE,BACK PAIN,Musculoskeletal,828,820.6,1.01,1.01,1.01,-0.102,Ordinary,Not in reference set,82.73,20.05,4.35,66.06,No,
WARFARIN,ATRIAL FIBRILLATION,Cardiac,999,997.1,1.00,1.00,1.00,-0.102,Ordinary,Not in reference set,81.68,15.22,5.81,66.17,No,
CLOZAPINE,HYPERTENSION,Vascular,826,818.5,1.01,1.01,1.01,-0.102,Ordinary,Not in reference set,84.50,20.34,4.84,66.22,No,
ATORVASTATIN,PRURITUS,Skin,2117,2161.7,0.98,0.98,0.98,-0.102,Ordinary,Not in reference set,82.99,16.77,4.58,66.04,No,
ALLOPURINOL,ANXIETY,Psychiatric,982,979.7,1.00,1.00,1.00,-0.102,Ordinary,Not in reference set,81.67,16.50,6.42,65.99,No,
LISINOPRIL,TORSADE DE POINTES,Cardiac,621,607.9,1.02,1.02,1.02,-0.102,Ordinary,Not in reference set,82.61,19.16,5.48,68.92,No,
WARFARIN,ANXIETY,Psychiatric,1503,1520.6,0.99,0.99,0.99,-0.102,Ordinary,Not in reference set,82.17,17.50,5.85,66.53,No,
SITAGLIPTIN,MYALGIA,Musculoskeletal,985,982.8,1.00,1.00,1.00,-0.102,Ordinary,Not in reference set,84.37,17.26,6.50,66.09,No,
ADALIMUMAB,RHABDOMYOLYSIS,Musculoskeletal,615,601.9,1.02,1.02,1.02,-0.102,Ordinary,Not in reference set,84.72,22.28,4.88,68.62,No,
MONTELUKAST,MUSCULAR WEAKNESS,Musculoskeletal,1156,1160.0,1.00,1.00,1.00,-0.102,Ordinary,Not in reference set,82.44,17.56,5.45,67.21,No,
INSULIN GLARGINE,SOMNOLENCE,Nervous system,996,994.3,1.00,1.00,1.00,-0.102,Ordinary,Not in reference set,84.94,20.18,3.71,67.07,No,
CIPROFLOXACIN,WEIGHT DECREASED,Investigations,915,910.5,1.00,1.01,1.01,-0.102,Ordinary,Not in reference set,83.28,17.38,4.04,68.42,No,
FUROSEMIDE,SUICIDAL IDEATION,Psychiatric,1540,1559.4,0.99,0.99,0.99,-0.102,Ordinary,Not in reference set,83.05,16.17,5.71,67.92,No,
IBUPROFEN,SOMNOLENCE,Nervous system,1453,1468.8,0.99,0.99,0.99,-0.102,Ordinary,Not in reference set,83.55,18.51,5.51,67.72,No,
PANTOPRAZOLE,TACHYCARDIA,Cardiac,1141,1144.5,1.00,1.00,1.00,-0.102,Ordinary,Not in reference set,83.00,16.83,5.78,66.43,No,
OMEPRAZOLE,THROMBOCYTOPENIA,Blood,857,850.7,1.01,1.01,1.01,-0.102,Ordinary,Not in reference set,84.36,17.39,6.30,66.39,No,
ADALIMUMAB,HAEMORRHAGE,Vascular,690,678.8,1.02,1.02,1.02,-0.102,Ordinary,Not in reference set,83.33,18.84,6.38,67.97,No,
TAMSULOSIN,TREMOR,Nervous system,668,656.3,1.02,1.02,1.02,-0.102,Ordinary,Not in reference set,81.44,15.72,5.24,64.97,No,
WARFARIN,FATIGUE,General,2215,2265.1,0.98,0.98,0.97,-0.102,Ordinary,Not in reference set,83.43,16.52,5.37,67.36,No,
FUROSEMIDE,MYALGIA,Musculoskeletal,1543,1562.9,0.99,0.99,0.99,-0.103,Ordinary,Not in reference set,83.47,16.79,4.41,67.47,No,
PREDNISONE,MYOCARDIAL INFARCTION,Cardiac,1321,1331.9,0.99,0.99,0.99,-0.103,Ordinary,Not in reference set,84.71,19.98,5.00,68.43,No,
GABAPENTIN,ANAEMIA,Blood,1267,1275.7,0.99,0.99,0.99,-0.103,Ordinary,Not in reference set,84.29,16.97,6.24,67.40,No,
APIXABAN,CONSTIPATION,Gastrointestinal,1147,1151.1,1.00,1.00,1.00,-0.103,Ordinary,Not in reference set,85.00,16.22,5.58,70.01,No,
VALPROATE,BRADYCARDIA,Cardiac,352,334.5,1.05,1.06,1.06,-0.103,Ordinary,Not in reference set,82.39,14.20,5.40,62.78,No,
PREDNISONE,TENDON RUPTURE,Musculoskeletal,1136,1139.7,1.00,1.00,1.00,-0.103,Ordinary,Not in reference set,83.45,18.13,5.55,69.37,No,
ROSUVASTATIN,ACUTE KIDNEY INJURY,Renal,1110,1112.8,1.00,1.00,1.00,-0.103,Ordinary,Not in reference set,83.15,17.93,5.59,67.12,No,
VALPROATE,URTICARIA,Skin,833,826.3,1.01,1.01,1.01,-0.103,Ordinary,Not in reference set,82.35,16.69,5.52,68.19,No,
PREDNISONE,HAEMORRHAGE,Vascular,1066,1067.3,1.00,1.00,1.00,-0.103,Ordinary,Not in reference set,82.46,17.35,4.88,65.67,No,
DULOXETINE,MALAISE,General,976,974.1,1.00,1.00,1.00,-0.103,Ordinary,Not in reference set,85.14,17.93,5.23,68.65,No,
CLOPIDOGREL,PYREXIA,General,1341,1352.9,0.99,0.99,0.99,-0.103,Ordinary,Not in reference set,83.89,17.97,4.77,66.96,No,
ROSUVASTATIN,MALAISE,General,1260,1268.6,0.99,0.99,0.99,-0.103,Ordinary,Not in reference set,86.43,16.75,4.68,68.33,No,
TAMSULOSIN,DYSPNOEA,Respiratory,1118,1121.2,1.00,1.00,1.00,-0.103,Ordinary,Not in reference set,84.62,17.35,5.46,68.25,No,
METHOTREXATE,PNEUMONIA,Infection,945,942.1,1.00,1.00,1.00,-0.103,Ordinary,Not in reference set,83.17,17.88,5.93,67.62,No,
FUROSEMIDE,DIABETIC KETOACIDOSIS,Metabolic,900,895.5,1.00,1.01,1.01,-0.103,Ordinary,Not in reference set,80.78,16.56,3.89,66.33,No,
AMLODIPINE,HALLUCINATION,Psychiatric,657,645.3,1.02,1.02,1.02,-0.103,Ordinary,Not in reference set,80.37,16.59,4.57,69.71,No,
CIPROFLOXACIN,ARTHRALGIA,Musculoskeletal,1554,1574.9,0.99,0.99,0.98,-0.103,Ordinary,Not in reference set,82.05,17.18,4.31,68.60,No,
CIPROFLOXACIN,LACTIC ACIDOSIS,Metabolic,665,653.5,1.02,1.02,1.02,-0.103,Ordinary,Not in reference set,83.61,17.14,6.92,64.51,No,
APIXABAN,PHOTOSENSITIVITY REACTION,Skin,411,394.3,1.04,1.05,1.05,-0.103,Ordinary,Not in reference set,83.45,17.76,6.08,70.80,No,
WARFARIN,SUICIDAL IDEATION,Psychiatric,1527,1547.0,0.99,0.99,0.99,-0.103,Ordinary,Not in reference set,82.12,16.90,5.57,66.34,No,
IBUPROFEN,OFF LABEL USE,General,1421,1436.5,0.99,0.99,0.99,-0.103,Ordinary,Not in reference set,85.15,17.66,5.35,65.87,No,
METHOTREXATE,MEMORY IMPAIRMENT,Nervous system,606,593.2,1.02,1.02,1.02,-0.103,Ordinary,Not in reference set,84.65,16.01,6.27,66.01,No,
CLOZAPINE,HYPONATRAEMIA,Metabolic,642,630.2,1.02,1.02,1.02,-0.104,Ordinary,Not in reference set,79.75,13.24,5.92,66.82,No,
LISINOPRIL,DEPRESSION,Psychiatric,2614,2686.0,0.97,0.97,0.97,-0.104,Ordinary,Not in reference set,84.66,17.44,5.28,68.25,No,
FUROSEMIDE,ALOPECIA,Skin,1019,1019.2,1.00,1.00,1.00,-0.104,Ordinary,Not in reference set,84.30,17.37,4.81,67.71,No,
ALBUTEROL,CONSTIPATION,Gastrointestinal,1512,1532.0,0.99,0.99,0.99,-0.104,Ordinary,Not in reference set,84.99,17.92,6.68,68.32,No,
HYDROXYCHLOROQUINE,ARTHRALGIA,Musculoskeletal,1132,1136.5,1.00,1.00,1.00,-0.104,Ordinary,Not in reference set,84.10,16.78,5.92,67.14,No,
PANTOPRAZOLE,ACUTE KIDNEY INJURY,Renal,989,988.2,1.00,1.00,1.00,-0.104,Ordinary,Not in reference set,83.22,18.10,5.06,68.15,No,
CLOPIDOGREL,ACUTE KIDNEY INJURY,Renal,981,979.9,1.00,1.00,1.00,-0.104,Ordinary,Not in reference set,84.81,16.51,6.42,69.72,No,
VALPROATE,ANXIETY,Psychiatric,982,981.0,1.00,1.00,1.00,-0.104,Ordinary,Not in reference set,82.89,18.94,5.70,67.01,No,
ADALIMUMAB,HYPOTENSION,Vascular,842,836.2,1.01,1.01,1.01,-0.104,Ordinary,Not in reference set,83.37,18.29,5.58,67.10,No,
HYDROXYCHLOROQUINE,MEMORY IMPAIRMENT,Nervous system,512,497.3,1.03,1.03,1.03,-0.104,Ordinary,Not in reference set,83.20,15.63,4.88,66.02,No,
LEVOFLOXACIN,COUGH,Respiratory,1318,1330.0,0.99,0.99,0.99,-0.104,Ordinary,Not in reference set,85.43,17.30,5.92,65.33,No,
HYDROXYCHLOROQUINE,MYOCARDIAL INFARCTION,Cardiac,854,848.7,1.01,1.01,1.01,-0.104,Ordinary,Not in reference set,81.73,18.97,5.15,68.50,No,
CLOPIDOGREL,RESPIRATORY DEPRESSION,Respiratory,676,665.3,1.02,1.02,1.02,-0.104,Ordinary,Not in reference set,83.14,16.27,3.85,69.08,No,
ALLOPURINOL,WEIGHT DECREASED,Investigations,674,663.2,1.02,1.02,1.02,-0.104,Ordinary,Not in reference set,81.60,16.47,5.19,65.88,No,
WARFARIN,DYSPNOEA,Respiratory,1740,1770.4,0.98,0.98,0.98,-0.104,Ordinary,Not in reference set,83.74,15.80,6.15,68.16,No,
INSULIN GLARGINE,VOMITING,Gastrointestinal,1519,1539.6,0.99,0.99,0.98,-0.104,Ordinary,Not in reference set,84.66,16.79,5.40,65.31,No,
ALBUTEROL,OFF LABEL USE,General,1282,1292.7,0.99,0.99,0.99,-0.104,Ordinary,Not in reference set,83.54,20.12,4.68,69.81,No,
ONDANSETRON,WEIGHT DECREASED,Investigations,1031,1031.9,1.00,1.00,1.00,-0.104,Ordinary,Not in reference set,82.15,17.65,6.60,65.47,No,
LEVOFLOXACIN,ATRIAL FIBRILLATION,Cardiac,884,879.8,1.00,1.01,1.01,-0.104,Ordinary,Not in reference set,79.41,18.21,6.22,66.29,No,
METHOTREXATE,TENDON RUPTURE,Musculoskeletal,871,866.3,1.01,1.01,1.01,-0.104,Ordinary,Not in reference set,83.81,18.71,5.05,65.56,No,
VALPROATE,MUSCULAR WEAKNESS,Musculoskeletal,669,658.2,1.02,1.02,1.02,-0.104,Ordinary,Not in reference set,82.96,16.89,3.44,66.97,No,
ATORVASTATIN,STEVENS-JOHNSON SYNDROME,Skin,604,591.5,1.02,1.02,1.02,-0.104,Ordinary,Not in reference set,84.27,19.87,6.62,65.07,No,
AZITHROMYCIN,PULMONARY FIBROSIS,Respiratory,549,535.2,1.03,1.03,1.03,-0.104,Ordinary,Not in reference set,84.70,16.58,3.83,65.94,No,
APIXABAN,HALLUCINATION,Psychiatric,414,397.6,1.04,1.04,1.04,-0.104,Ordinary,Not in reference set,82.61,16.18,5.31,67.15,No,
LISINOPRIL,GASTROINTESTINAL HAEMORRHAGE,Gastrointestinal,1864,1900.3,0.98,0.98,0.98,-0.104,Ordinary,Not in reference set,83.80,18.72,5.69,67.76,No,
LEVOTHYROXINE,NIGHTMARE,Psychiatric,1359,1373.0,0.99,0.99,0.99,-0.104,Ordinary,Not in reference set,82.49,16.04,6.18,68.29,No,
ALBUTEROL,NIGHTMARE,Psychiatric,1019,1019.6,1.00,1.00,1.00,-0.104,Ordinary,Not in reference set,81.35,16.49,5.59,68.99,No,
LEVOTHYROXINE,HYPOTENSION,Vascular,1753,1784.4,0.98,0.98,0.98,-0.104,Ordinary,Not in reference set,83.40,16.43,4.91,66.34,No,
LEVOTHYROXINE,TENDONITIS,Musculoskeletal,364,347.0,1.05,1.06,1.06,-0.104,Ordinary,Not in reference set,80.49,15.11,3.57,68.96,No,
TRAMADOL,CONSTIPATION,Gastrointestinal,1328,1340.9,0.99,0.99,0.99,-0.105,Ordinary,Not in reference set,82.30,19.65,6.48,66.72,No,
CIPROFLOXACIN,HYPOTENSION,Vascular,1155,1160.9,0.99,0.99,0.99,-0.105,Ordinary,Not in reference set,82.25,16.62,4.68,66.49,No,
ONDANSETRON,PARAESTHESIA,Nervous system,1041,1042.6,1.00,1.00,1.00,-0.105,Ordinary,Not in reference set,82.04,14.60,6.44,64.75,No,
CLOPIDOGREL,TENDONITIS,Musculoskeletal,242,224.5,1.08,1.08,1.09,-0.105,Ordinary,Not in reference set,86.36,17.36,5.37,70.25,No,
PANTOPRAZOLE,INSOMNIA,Psychiatric,1570,1593.4,0.99,0.98,0.98,-0.105,Ordinary,Not in reference set,83.12,16.56,6.62,64.90,No,
FEBUXOSTAT,ARTHRALGIA,Musculoskeletal,925,922.5,1.00,1.00,1.00,-0.105,Ordinary,Not in reference set,82.27,17.51,5.19,65.30,No,
ONDANSETRON,DIABETIC KETOACIDOSIS,Metabolic,894,890.5,1.00,1.00,1.00,-0.105,Ordinary,Not in reference set,81.66,19.02,4.92,67.34,No,
IBUPROFEN,NIGHTMARE,Psychiatric,1128,1133.1,1.00,1.00,0.99,-0.105,Ordinary,Not in reference set,83.95,18.09,5.59,66.93,No,
VALPROATE,HYPOGLYCAEMIA,Metabolic,707,697.6,1.01,1.01,1.01,-0.105,Ordinary,Not in reference set,81.75,14.14,5.37,68.32,No,
LISINOPRIL,LACTIC ACIDOSIS,Metabolic,921,918.6,1.00,1.00,1.00,-0.105,Ordinary,Not in reference set,84.36,18.13,5.21,70.58,No,
INSULIN GLARGINE,CONFUSIONAL STATE,Psychiatric,781,773.9,1.01,1.01,1.01,-0.105,Ordinary,Not in reference set,82.97,18.18,6.40,65.43,No,
DULOXETINE,ATRIAL FIBRILLATION,Cardiac,772,764.6,1.01,1.01,1.01,-0.105,Ordinary,Not in reference set,82.51,15.28,5.31,68.91,No,
DULOXETINE,RHABDOMYOLYSIS,Musculoskeletal,733,724.4,1.01,1.01,1.01,-0.105,Ordinary,Not in reference set,82.95,18.55,6.82,67.39,No,
DULOXETINE,TENDONITIS,Musculoskeletal,213,195.8,1.09,1.09,1.10,-0.105,Ordinary,Not in reference set,84.51,21.13,7.04,67.61,No,
ONDANSETRON,FATIGUE,General,2216,2270.5,0.98,0.97,0.97,-0.105,Ordinary,Not in reference set,82.81,17.15,5.91,66.79,No,
SERTRALINE,URTICARIA,Skin,1267,1278.0,0.99,0.99,0.99,-0.105,Ordinary,Not in reference set,82.56,16.97,6.24,65.59,No,
AMIODARONE,RESPIRATORY DEPRESSION,Respiratory,496,481.3,1.03,1.03,1.03,-0.105,Ordinary,Not in reference set,81.65,17.74,7.46,65.12,No,
FUROSEMIDE,NIGHTMARE,Psychiatric,1017,1018.2,1.00,1.00,1.00,-0.105,Ordinary,Not in reference set,82.40,17.01,5.70,66.47,No,
INSULIN GLARGINE,LACTIC ACIDOSIS,Metabolic,574,561.1,1.02,1.02,1.03,-0.105,Ordinary,Not in reference set,83.28,16.90,5.23,63.94,No,
AMIODARONE,COUGH,Respiratory,960,959.2,1.00,1.00,1.00,-0.105,Ordinary,Not in reference set,85.83,18.02,5.00,65.63,No,
METFORMIN,NEUTROPENIA,Blood,947,945.7,1.00,1.00,1.00,-0.105,Ordinary,Not in reference set,81.31,14.99,5.60,66.53,No,
VARENICLINE,MUSCULAR WEAKNESS,Musculoskeletal,533,519.2,1.03,1.03,1.03,-0.105,Ordinary,Not in reference set,83.11,17.07,4.88,66.98,No,
AMIODARONE,AGGRESSION,Psychiatric,348,331.1,1.05,1.05,1.06,-0.105,Ordinary,Not in reference set,85.06,18.39,4.89,66.38,No,
FUROSEMIDE,GASTROINTESTINAL HAEMORRHAGE,Gastrointestinal,1519,1541.0,0.99,0.98,0.98,-0.105,Ordinary,Not in reference set,81.90,17.18,4.94,64.65,No,
LEVOFLOXACIN,MYALGIA,Musculoskeletal,1353,1367.9,0.99,0.99,0.99,-0.106,Ordinary,Not in reference set,83.59,16.63,5.62,67.26,No,
FUROSEMIDE,HYPOGLYCAEMIA,Metabolic,1086,1090.0,1.00,1.00,1.00,-0.106,Ordinary,Not in reference set,85.64,17.50,3.78,67.77,No,
ALBUTEROL,HYPONATRAEMIA,Metabolic,990,990.4,1.00,1.00,1.00,-0.106,Ordinary,Not in reference set,81.62,14.95,5.56,65.45,No,
METFORMIN,URTICARIA,Skin,1568,1592.4,0.98,0.98,0.98,-0.106,Ordinary,Not in reference set,84.06,18.05,5.55,68.24,No,
SITAGLIPTIN,ABDOMINAL PAIN,Gastrointestinal,1112,1117.1,1.00,1.00,0.99,-0.106,Ordinary,Not in reference set,84.44,17.90,4.77,65.92,No,
ATORVASTATIN,BRADYCARDIA,Cardiac,654,643.4,1.02,1.02,1.02,-0.106,Ordinary,Not in reference set,82.26,19.42,4.74,67.89,No,
SERTRALINE,DEPRESSION,Psychiatric,2106,2155.9,0.98,0.97,0.97,-0.106,Ordinary,Not in reference set,82.62,19.18,5.46,66.24,No,
CLOPIDOGREL,CONSTIPATION,Gastrointestinal,1321,1334.7,0.99,0.99,0.99,-0.106,Ordinary,Not in reference set,82.44,16.81,4.77,68.13,No,
CLOPIDOGREL,SOMNOLENCE,Nervous system,1145,1151.5,0.99,0.99,0.99,-0.106,Ordinary,Not in reference set,82.79,16.77,4.80,66.03,No,
METHOTREXATE,SOMNOLENCE,Nervous system,996,996.8,1.00,1.00,1.00,-0.106,Ordinary,Not in reference set,83.33,20.28,5.32,68.67,No,
FEBUXOSTAT,MYALGIA,Musculoskeletal,809,803.2,1.01,1.01,1.01,-0.106,Ordinary,Not in reference set,82.69,16.19,6.30,65.51,No,
CLOZAPINE,SUICIDAL IDEATION,Psychiatric,993,993.7,1.00,1.00,1.00,-0.106,Ordinary,Not in reference set,81.57,17.12,4.33,67.77,No,
APIXABAN,DEPRESSION,Psychiatric,1612,1638.9,0.98,0.98,0.98,-0.106,Ordinary,Not in reference set,83.62,17.74,5.65,66.63,No,
OMEPRAZOLE,MUSCULAR WEAKNESS,Musculoskeletal,1137,1143.5,0.99,0.99,0.99,-0.106,Ordinary,Not in reference set,85.05,16.45,5.89,63.94,No,
LEVOTHYROXINE,PANCREATITIS,Gastrointestinal,1028,1030.3,1.00,1.00,1.00,-0.106,Ordinary,Not in reference set,82.10,16.15,4.77,65.86,No,
LISINOPRIL,CLOSTRIDIUM DIFFICILE COLITIS,Gastrointestinal,733,725.0,1.01,1.01,1.01,-0.106,Ordinary,Not in reference set,81.17,15.96,4.91,68.21,No,
CLOZAPINE,DEHYDRATION,Metabolic,663,653.0,1.02,1.02,1.02,-0.106,Ordinary,Not in reference set,83.86,17.35,4.98,64.86,No,
ROSUVASTATIN,PRURITUS,Skin,1708,1739.7,0.98,0.98,0.98,-0.106,Ordinary,Not in reference set,83.55,17.10,4.86,68.21,No,
ESOMEPRAZOLE,ELECTROCARDIOGRAM QT PROLONGED,Cardiac,1050,1053.3,1.00,1.00,1.00,-0.106,Ordinary,Not in reference set,84.38,17.90,4.29,66.67,No,
FEBUXOSTAT,OFF LABEL USE,General,673,663.4,1.01,1.02,1.02,-0.107,Ordinary,Not in reference set,84.84,15.60,6.54,65.23,No,
TRAMADOL,PANCREATITIS,Gastrointestinal,679,669.6,1.01,1.02,1.02,-0.107,Ordinary,Not in reference set,81.30,17.97,5.45,64.21,No,
GABAPENTIN,PRURITUS,Skin,1705,1737.2,0.98,0.98,0.98,-0.107,Ordinary,Not in reference set,82.40,17.71,5.51,67.98,No,
METFORMIN,THROMBOCYTOPENIA,Blood,944,943.6,1.00,1.00,1.00,-0.107,Ordinary,Not in reference set,83.58,18.22,5.30,68.64,No,
MONTELUKAST,RASH,Skin,2220,2277.5,0.97,0.97,0.97,-0.107,Ordinary,Not in reference set,83.96,17.88,5.95,67.93,No,
METHOTREXATE,STEVENS-JOHNSON SYNDROME,Skin,379,362.9,1.04,1.05,1.05,-0.107,Ordinary,Not in reference set,84.96,15.57,3.96,67.55,No,
DULOXETINE,MYOCARDITIS,Cardiac,365,348.7,1.05,1.05,1.05,-0.107,Ordinary,Not in reference set,83.84,16.16,4.66,65.48,No,
HYDROXYCHLOROQUINE,STEVENS-JOHNSON SYNDROME,Skin,321,304.2,1.06,1.06,1.06,-0.107,Ordinary,Not in reference set,84.74,21.81,6.23,65.73,No,
ALLOPURINOL,HYPOGLYCAEMIA,Metabolic,705,696.6,1.01,1.01,1.01,-0.107,Ordinary,Not in reference set,83.97,16.17,5.39,68.23,No,
ISOTRETINOIN,HALLUCINATION,Psychiatric,281,264.0,1.06,1.07,1.07,-0.107,Ordinary,Not in reference set,82.56,13.52,4.98,69.04,No,
VALPROATE,CONSTIPATION,Gastrointestinal,978,979.1,1.00,1.00,1.00,-0.107,Ordinary,Not in reference set,82.00,19.73,5.73,70.04,No,
ONDANSETRON,ANGIOEDEMA,Skin,789,783.4,1.01,1.01,1.01,-0.107,Ordinary,Not in reference set,83.27,14.32,4.94,66.03,No,
WARFARIN,LACTIC ACIDOSIS,Metabolic,746,738.9,1.01,1.01,1.01,-0.107,Ordinary,Not in reference set,84.45,17.83,4.56,66.49,No,
SERTRALINE,HYPERTENSION,Vascular,1259,1271.5,0.99,0.99,0.99,-0.107,Ordinary,Not in reference set,82.61,17.00,5.08,65.69,No,
LEVOFLOXACIN,DIZZINESS,Nervous system,1746,1780.8,0.98,0.98,0.98,-0.107,Ordinary,Not in reference set,84.65,16.78,5.67,64.55,No,
PREDNISONE,ELECTROCARDIOGRAM QT PROLONGED,Cardiac,1185,1194.5,0.99,0.99,0.99,-0.107,Ordinary,Not in reference set,82.70,17.38,4.56,64.05,No,
ATORVASTATIN,HEPATIC FAILURE,Hepatobiliary,651,641.1,1.02,1.02,1.02,-0.107,Ordinary,Not in reference set,83.26,15.98,6.61,65.28,No,
INSULIN GLARGINE,SUICIDAL IDEATION,Psychiatric,1166,1174.8,0.99,0.99,0.99,-0.108,Ordinary,Not in reference set,84.39,18.61,5.32,69.13,No,
IBUPROFEN,ATRIAL FIBRILLATION,Cardiac,1112,1118.6,0.99,0.99,0.99,-0.108,Ordinary,Not in reference set,82.01,15.47,6.03,67.90,No,
MONTELUKAST,PANCYTOPENIA,Blood,1029,1032.3,1.00,1.00,1.00,-0.108,Ordinary,Not in reference set,81.44,16.03,4.86,66.18,No,
METHOTREXATE,TACHYCARDIA,Cardiac,981,982.4,1.00,1.00,1.00,-0.108,Ordinary,Not in reference set,84.20,17.84,3.36,68.09,No,
TAMSULOSIN,RESPIRATORY DEPRESSION,Respiratory,493,479.1,1.03,1.03,1.03,-0.108,Ordinary,Not in reference set,81.74,18.66,4.46,64.71,No,
ISOTRETINOIN,SEROTONIN SYNDROME,Nervous system,307,290.2,1.06,1.06,1.06,-0.108,Ordinary,Not in reference set,83.06,15.31,4.56,65.47,No,
AMIODARONE,TENDONITIS,Musculoskeletal,179,162.4,1.10,1.11,1.11,-0.108,Ordinary,Not in reference set,86.03,17.88,5.59,67.60,No,
SERTRALINE,ATRIAL FIBRILLATION,Cardiac,993,994.9,1.00,1.00,1.00,-0.108,Ordinary,Not in reference set,82.88,16.31,7.05,68.28,No,
DULOXETINE,BRADYCARDIA,Cardiac,413,397.6,1.04,1.04,1.04,-0.108,Ordinary,Not in reference set,81.84,13.80,5.57,64.16,No,
APIXABAN,MYOCARDIAL INFARCTION,Cardiac,1006,1008.6,1.00,1.00,1.00,-0.108,Ordinary,Not in reference set,82.80,15.61,4.37,67.00,No,
LEVOTHYROXINE,MALAISE,General,1694,1726.8,0.98,0.98,0.98,-0.108,Ordinary,Not in reference set,83.94,17.36,6.67,67.65,No,
LISINOPRIL,DIABETIC KETOACIDOSIS,Metabolic,1098,1104.4,0.99,0.99,0.99,-0.108,Ordinary,Not in reference set,83.42,17.94,4.10,65.85,No,
WARFARIN,MYOCARDITIS,Cardiac,469,454.7,1.03,1.03,1.03,-0.108,Ordinary,Not in reference set,81.88,16.63,4.90,69.72,No,
ALBUTEROL,DIZZINESS,Nervous system,1990,2037.5,0.98,0.97,0.97,-0.108,Ordinary,Not in reference set,84.12,17.69,5.73,67.24,No,
TRAMADOL,NAUSEA,Gastrointestinal,2150,2205.7,0.97,0.97,0.97,-0.108,Ordinary,Not in reference set,84.00,16.28,5.91,66.19,No,
AMLODIPINE,FATIGUE,General,2703,2788.2,0.97,0.97,0.96,-0.108,Ordinary,Not in reference set,82.65,18.05,5.77,66.67,No,
FUROSEMIDE,DIARRHOEA,Gastrointestinal,1971,2017.9,0.98,0.97,0.97,-0.108,Ordinary,Not in reference set,81.84,17.50,5.94,66.31,No,
LISINOPRIL,THROMBOCYTOPENIA,Blood,943,943.5,1.00,1.00,1.00,-0.108,Ordinary,Not in reference set,83.67,18.77,5.20,67.66,No,
VALPROATE,ACUTE KIDNEY INJURY,Renal,726,718.8,1.01,1.01,1.01,-0.108,Ordinary,Not in reference set,83.61,17.49,5.10,65.29,No,
AMIODARONE,PYREXIA,General,977,978.9,1.00,1.00,1.00,-0.108,Ordinary,Not in reference set,83.52,19.14,5.63,67.14,No,
INSULIN GLARGINE,ACUTE KIDNEY INJURY,Renal,849,846.1,1.00,1.00,1.00,-0.108,Ordinary,Not in reference set,83.51,17.08,5.42,68.67,No,
GABAPENTIN,DEPRESSION,Psychiatric,2101,2154.8,0.98,0.97,0.97,-0.109,Ordinary,Not in reference set,83.58,16.28,5.05,67.40,No,
VARENICLINE,PRURITUS,Skin,888,886.6,1.00,1.00,1.00,-0.109,Ordinary,Not in reference set,82.09,17.34,7.55,68.58,No,
AMLODIPINE,COUGH,Respiratory,1816,1855.6,0.98,0.98,0.98,-0.109,Ordinary,Not in reference set,84.25,16.02,4.96,65.53,No,
AZITHROMYCIN,ARTHRALGIA,Musculoskeletal,1547,1573.7,0.98,0.98,0.98,-0.109,Ordinary,Not in reference set,83.32,17.39,7.05,65.80,No,
VALPROATE,DIARRHOEA,Gastrointestinal,1277,1291.4,0.99,0.99,0.99,-0.109,Ordinary,Not in reference set,82.22,16.21,5.72,66.25,No,
IBUPROFEN,TENDONITIS,Musculoskeletal,303,286.4,1.06,1.06,1.06,-0.109,Ordinary,Not in reference set,84.16,15.18,5.28,66.01,No,
MONTELUKAST,HEADACHE,Nervous system,2472,2545.8,0.97,0.97,0.97,-0.109,Ordinary,Not in reference set,83.50,17.27,5.95,66.59,No,
SITAGLIPTIN,HEADACHE,Nervous system,1399,1419.3,0.99,0.98,0.98,-0.109,Ordinary,Not in reference set,82.49,16.65,6.58,65.55,No,
APIXABAN,BACK PAIN,Musculoskeletal,967,969.0,1.00,1.00,1.00,-0.109,Ordinary,Not in reference set,82.11,16.24,5.69,66.70,No,
APIXABAN,ELECTROCARDIOGRAM QT PROLONGED,Cardiac,905,904.6,1.00,1.00,1.00,-0.109,Ordinary,Not in reference set,83.43,14.25,6.30,66.63,No,
OMEPRAZOLE,TREMOR,Nervous system,1152,1161.6,0.99,0.99,0.99,-0.109,Ordinary,Not in reference set,83.07,17.53,6.94,67.01,No,
CIPROFLOXACIN,NIGHTMARE,Psychiatric,894,893.3,1.00,1.00,1.00,-0.109,Ordinary,Not in reference set,83.22,16.22,6.49,64.99,No,
LEVOTHYROXINE,CLOSTRIDIUM DIFFICILE COLITIS,Gastrointestinal,797,792.8,1.01,1.01,1.01,-0.109,Ordinary,Not in reference set,83.19,15.68,7.03,68.38,No,
ONDANSETRON,PANCYTOPENIA,Blood,910,910.0,1.00,1.00,1.00,-0.109,Ordinary,Not in reference set,82.86,19.01,5.05,67.58,No,
ESOMEPRAZOLE,HYPERKALAEMIA,Metabolic,697,689.5,1.01,1.01,1.01,-0.109,Ordinary,Not in reference set,85.80,19.08,5.74,68.29,No,
ALLOPURINOL,DRUG INEFFECTIVE,General,1283,1298.5,0.99,0.99,0.99,-0.110,Ordinary,Not in reference set,83.40,17.15,5.85,65.55,No,
AMIODARONE,AGRANULOCYTOSIS,Blood,442,427.6,1.03,1.04,1.04,-0.110,Ordinary,Not in reference set,82.58,15.61,5.20,65.38,No,
LISINOPRIL,TACHYCARDIA,Cardiac,1575,1604.2,0.98,0.98,0.98,-0.110,Ordinary,Not in reference set,83.37,18.35,4.70,66.67,No,
CANAGLIFLOZIN,DIARRHOEA,Gastrointestinal,1243,1256.8,0.99,0.99,0.99,-0.110,Ordinary,Not in reference set,83.27,18.58,4.91,66.37,No,
CELECOXIB,SUICIDAL IDEATION,Psychiatric,984,987.0,1.00,1.00,1.00,-0.110,Ordinary,Not in reference set,82.42,17.99,5.89,66.46,No,
AMLODIPINE,PULMONARY FIBROSIS,Respiratory,751,745.4,1.01,1.01,1.01,-0.110,Ordinary,Not in reference set,84.15,15.45,4.53,68.97,No,
OMEPRAZOLE,HALLUCINATION,Psychiatric,598,587.6,1.02,1.02,1.02,-0.110,Ordinary,Not in reference set,83.44,15.55,6.69,67.22,No,
TRAMADOL,MYALGIA,Musculoskeletal,1351,1369.8,0.99,0.99,0.98,-0.110,Ordinary,Not in reference set,81.64,17.25,5.33,66.40,No,
ROSUVASTATIN,BACK PAIN,Musculoskeletal,1261,1275.8,0.99,0.99,0.99,-0.110,Ordinary,Not in reference set,82.79,17.92,4.84,66.77,No,
ATORVASTATIN,SEIZURE,Nervous system,961,963.3,1.00,1.00,1.00,-0.110,Ordinary,Not in reference set,82.52,17.17,6.35,66.29,No,
ESOMEPRAZOLE,PARAESTHESIA,Nervous system,918,918.6,1.00,1.00,1.00,-0.110,Ordinary,Not in reference set,84.64,18.30,4.68,68.30,No,
AMIODARONE,PARAESTHESIA,Nervous system,670,661.8,1.01,1.01,1.01,-0.110,Ordinary,Not in reference set,82.39,16.57,6.27,64.78,No,
VARENICLINE,COUGH,Respiratory,772,767.3,1.01,1.01,1.01,-0.110,Ordinary,Not in reference set,84.07,18.26,6.74,65.67,No,
IBUPROFEN,TORSADE DE POINTES,Cardiac,560,548.6,1.02,1.02,1.02,-0.110,Ordinary,Not in reference set,84.64,14.64,5.36,67.86,No,
AMIODARONE,RHABDOMYOLYSIS,Musculoskeletal,611,601.1,1.02,1.02,1.02,-0.110,Ordinary,Not in reference set,82.16,17.84,7.04,64.98,No,
CELECOXIB,WEIGHT DECREASED,Investigations,665,656.8,1.01,1.01,1.01,-0.110,Ordinary,Not in reference set,85.71,18.35,5.11,65.71,No,
LEVOFLOXACIN,INSOMNIA,Psychiatric,1556,1585.0,0.98,0.98,0.98,-0.110,Ordinary,Not in reference set,81.81,17.80,5.21,66.26,No,
ONDANSETRON,OFF LABEL USE,General,1268,1283.6,0.99,0.99,0.99,-0.110,Ordinary,Not in reference set,84.15,17.27,5.68,66.80,No,
SITAGLIPTIN,ATRIAL FIBRILLATION,Cardiac,641,632.1,1.01,1.01,1.02,-0.110,Ordinary,Not in reference set,82.84,19.34,4.68,66.30,No,
IBUPROFEN,BRADYCARDIA,Cardiac,592,581.7,1.02,1.02,1.02,-0.110,Ordinary,Not in reference set,82.26,18.24,4.22,66.89,No,
PANTOPRAZOLE,VOMITING,Gastrointestinal,1759,1798.1,0.98,0.98,0.98,-0.110,Ordinary,Not in reference set,81.98,17.85,5.63,66.69,No,
APIXABAN,AGRANULOCYTOSIS,Blood,522,509.8,1.02,1.03,1.03,-0.110,Ordinary,Not in reference set,82.38,17.05,7.47,64.56,No,
INSULIN GLARGINE,PANCREATITIS,Gastrointestinal,586,575.5,1.02,1.02,1.02,-0.111,Ordinary,Not in reference set,84.98,16.72,8.19,64.16,No,
ESOMEPRAZOLE,TENDONITIS,Musculoskeletal,242,225.5,1.07,1.08,1.08,-0.111,Ordinary,Not in reference set,84.30,17.77,3.72,66.53,No,
DULOXETINE,DIARRHOEA,Gastrointestinal,1508,1535.0,0.98,0.98,0.98,-0.111,Ordinary,Not in reference set,84.48,17.71,4.97,66.18,No,
MONTELUKAST,HYPOGLYCAEMIA,Metabolic,1216,1229.5,0.99,0.99,0.99,-0.111,Ordinary,Not in reference set,84.62,16.94,5.02,66.20,No,
TAMSULOSIN,BACK PAIN,Musculoskeletal,812,809.0,1.00,1.00,1.00,-0.111,Ordinary,Not in reference set,83.25,16.63,5.30,65.39,No,
APIXABAN,DIARRHOEA,Gastrointestinal,1492,1518.3,0.98,0.98,0.98,-0.111,Ordinary,Not in reference set,84.25,16.22,6.43,69.10,No,
TRAMADOL,TENDON RUPTURE,Musculoskeletal,1001,1005.4,1.00,1.00,1.00,-0.111,Ordinary,Not in reference set,82.72,18.28,6.29,63.74,No,
HYDROXYCHLOROQUINE,TACHYCARDIA,Cardiac,826,823.6,1.00,1.00,1.00,-0.111,Ordinary,Not in reference set,85.84,18.77,5.33,64.29,No,
TAMSULOSIN,HYPERTENSION,Vascular,810,807.0,1.00,1.00,1.00,-0.111,Ordinary,Not in reference set,83.70,17.65,7.04,66.67,No,
VARENICLINE,URTICARIA,Skin,660,651.9,1.01,1.01,1.01,-0.111,Ordinary,Not in reference set,83.33,17.12,3.94,66.67,No,
METHOTREXATE,HAEMORRHAGE,Vascular,814,811.2,1.00,1.00,1.00,-0.111,Ordinary,Not in reference set,81.82,15.60,4.18,66.34,No,
ROSUVASTATIN,HYPERTENSION,Vascular,1257,1272.6,0.99,0.99,0.99,-0.111,Ordinary,Not in reference set,84.25,16.87,5.49,69.37,No,
METFORMIN,FOETAL MALFORMATION,Congenital,783,779.1,1.00,1.01,1.01,-0.111,Ordinary,Not in reference set,80.46,17.11,4.85,66.79,No,
INSULIN GLARGINE,ALOPECIA,Skin,772,767.8,1.01,1.01,1.01,-0.111,Ordinary,Not in reference set,82.64,14.77,5.57,66.71,No,
ADALIMUMAB,ACUTE KIDNEY INJURY,Renal,716,709.8,1.01,1.01,1.01,-0.111,Ordinary,Not in reference set,84.50,18.58,6.70,69.13,No,
APIXABAN,OFF LABEL USE,General,968,971.3,1.00,1.00,1.00,-0.111,Ordinary,Not in reference set,83.99,18.49,5.06,68.60,No,
LEVOTHYROXINE,AMPUTATION,Procedural,659,651.0,1.01,1.01,1.01,-0.111,Ordinary,Not in reference set,81.79,16.39,5.16,68.89,No,
ATORVASTATIN,OFF LABEL USE,General,1559,1589.1,0.98,0.98,0.98,-0.111,Ordinary,Not in reference set,83.58,16.61,5.45,68.38,No,
TRAMADOL,ARTHRALGIA,Musculoskeletal,1544,1573.3,0.98,0.98,0.98,-0.111,Ordinary,Not in reference set,84.33,16.52,6.15,68.13,No,
LEVOTHYROXINE,MUSCULAR WEAKNESS,Musculoskeletal,1366,1386.8,0.99,0.98,0.98,-0.111,Ordinary,Not in reference set,84.92,17.20,4.98,65.23,No,
INSULIN GLARGINE,ARTHRALGIA,Musculoskeletal,1333,1352.2,0.99,0.98,0.98,-0.111,Ordinary,Not in reference set,84.77,16.80,6.30,66.62,No,
AZITHROMYCIN,TENDON RUPTURE,Musculoskeletal,1001,1005.7,1.00,1.00,0.99,-0.111,Ordinary,Not in reference set,85.31,14.99,6.19,65.83,No,
APIXABAN,ALOPECIA,Skin,771,766.9,1.01,1.01,1.01,-0.111,Ordinary,Not in reference set,82.23,14.79,4.28,65.50,No,
CLOZAPINE,HEADACHE,Nervous system,1415,1438.2,0.98,0.98,0.98,-0.111,Ordinary,Not in reference set,81.77,16.96,5.65,68.20,No,
CANAGLIFLOZIN,ANAEMIA,Blood,806,803.2,1.00,1.00,1.00,-0.111,Ordinary,Not in reference set,83.25,16.87,5.33,66.63,No,
ISOTRETINOIN,ELECTROCARDIOGRAM QT PROLONGED,Cardiac,610,600.6,1.02,1.02,1.02,-0.111,Ordinary,Not in reference set,82.46,14.10,4.26,65.74,No,
HYDROXYCHLOROQUINE,NEUTROPENIA,Blood,498,485.5,1.03,1.03,1.03,-0.111,Ordinary,Not in reference set,81.73,16.47,5.62,65.66,No,
FUROSEMIDE,PARAESTHESIA,Nervous system,1042,1048.5,0.99,0.99,0.99,-0.111,Ordinary,Not in reference set,82.53,16.51,4.70,68.23,No,
LEVOTHYROXINE,NEUTROPENIA,Blood,1028,1034.0,0.99,0.99,0.99,-0.111,Ordinary,Not in reference set,83.37,16.05,4.28,66.63,No,
GABAPENTIN,ATRIAL FIBRILLATION,Cardiac,990,994.4,1.00,1.00,1.00,-0.111,Ordinary,Not in reference set,84.75,18.08,5.05,68.18,No,
ROSUVASTATIN,COUGH,Respiratory,1479,1505.5,0.98,0.98,0.98,-0.111,Ordinary,Not in reference set,82.35,16.57,4.94,67.75,No,
SERTRALINE,HAEMORRHAGE,Vascular,1056,1063.2,0.99,0.99,0.99,-0.111,Ordinary,Not in reference set,82.77,15.63,4.83,68.47,No,
DULOXETINE,PHOTOSENSITIVITY REACTION,Skin,413,398.6,1.04,1.04,1.04,-0.111,Ordinary,Not in reference set,86.44,15.50,3.87,65.13,No,
ALBUTEROL,ACUTE KIDNEY INJURY,Renal,1115,1124.8,0.99,0.99,0.99,-0.112,Ordinary,Not in reference set,82.87,17.58,5.56,69.24,No,
ISOTRETINOIN,ANGIOEDEMA,Skin,408,393.5,1.04,1.04,1.04,-0.112,Ordinary,Not in reference set,85.54,19.36,4.90,65.44,No,
ALLOPURINOL,URTICARIA,Skin,827,825.1,1.00,1.00,1.00,-0.112,Ordinary,Not in reference set,82.35,19.59,4.23,65.05,No,
CELECOXIB,PANCREATITIS,Gastrointestinal,496,483.5,1.03,1.03,1.03,-0.112,Ordinary,Not in reference set,83.47,19.35,5.44,67.94,No,
MONTELUKAST,HEPATIC FAILURE,Hepatobiliary,597,587.5,1.02,1.02,1.02,-0.112,Ordinary,Not in reference set,82.24,15.75,5.36,64.82,No,
LEVOFLOXACIN,PNEUMONIA,Infection,1083,1091.8,0.99,0.99,0.99,-0.112,Ordinary,Not in reference set,84.12,17.08,4.99,66.76,No,
DULOXETINE,HAEMORRHAGE,Vascular,819,817.1,1.00,1.00,1.00,-0.112,Ordinary,Not in reference set,83.27,17.58,6.59,66.91,No,
SITAGLIPTIN,URTICARIA,Skin,814,811.9,1.00,1.00,1.00,-0.112,Ordinary,Not in reference set,81.45,16.83,5.41,64.00,No,
ROSUVASTATIN,ELECTROCARDIOGRAM QT PROLONGED,Cardiac,1178,1191.1,0.99,0.99,0.99,-0.112,Ordinary,Not in reference set,82.68,17.83,4.50,66.98,No,
ALLOPURINOL,PRURITUS,Skin,1112,1122.3,0.99,0.99,0.99,-0.112,Ordinary,Not in reference set,83.00,15.47,4.68,66.28,No,
PREDNISONE,THROMBOCYTOPENIA,Blood,764,760.2,1.01,1.01,1.01,-0.112,Ordinary,Not in reference set,85.73,18.32,4.32,64.40,No,
AMIODARONE,CONFUSIONAL STATE,Psychiatric,656,648.4,1.01,1.01,1.01,-0.112,Ordinary,Not in reference set,83.38,18.29,5.34,67.07,No,
LISINOPRIL,INSOMNIA,Psychiatric,2170,2233.3,0.97,0.97,0.97,-0.112,Ordinary,Not in reference set,84.24,16.41,6.22,67.79,No,
CELECOXIB,COUGH,Respiratory,958,961.8,1.00,1.00,1.00,-0.112,Ordinary,Not in reference set,82.78,16.18,5.43,63.88,No,
MONTELUKAST,MYALGIA,Musculoskeletal,1723,1762.9,0.98,0.98,0.97,-0.113,Ordinary,Not in reference set,84.45,17.41,5.80,67.61,No,
PREDNISONE,DEHYDRATION,Metabolic,1012,1018.1,0.99,0.99,0.99,-0.113,Ordinary,Not in reference set,82.71,20.85,5.43,65.61,No,
INSULIN GLARGINE,ELECTROCARDIOGRAM QT PROLONGED,Cardiac,904,905.7,1.00,1.00,1.00,-0.113,Ordinary,Not in reference set,83.30,15.71,4.65,68.36,No,
ALLOPURINOL,HYPONATRAEMIA,Metabolic,640,632.1,1.01,1.01,1.01,-0.113,Ordinary,Not in reference set,82.81,16.09,5.31,67.03,No,
WARFARIN,STEVENS-JOHNSON SYNDROME,Skin,489,476.7,1.03,1.03,1.03,-0.113,Ordinary,Not in reference set,83.23,14.93,4.91,67.48,No,
LISINOPRIL,ELECTROCARDIOGRAM QT PROLONGED,Cardiac,1456,1482.6,0.98,0.98,0.98,-0.113,Ordinary,Not in reference set,82.42,15.93,4.74,67.17,No,
ONDANSETRON,NEUTROPENIA,Blood,766,762.4,1.00,1.01,1.01,-0.113,Ordinary,Not in reference set,83.55,16.84,6.40,69.45,No,
AZITHROMYCIN,AGRANULOCYTOSIS,Blood,603,594.0,1.02,1.02,1.02,-0.113,Ordinary,Not in reference set,82.92,16.58,6.47,68.16,No,
PREDNISONE,HYPOGLYCAEMIA,Metabolic,1074,1083.0,0.99,0.99,0.99,-0.113,Ordinary,Not in reference set,84.54,18.62,4.93,68.06,No,
TAMSULOSIN,DRUG INEFFECTIVE,General,1259,1276.5,0.99,0.99,0.98,-0.113,Ordinary,Not in reference set,82.68,16.52,5.40,68.86,No,
ISOTRETINOIN,ANXIETY,Psychiatric,769,765.7,1.00,1.00,1.00,-0.113,Ordinary,Not in reference set,79.84,16.51,6.11,66.71,No,
PREDNISONE,ARTHRALGIA,Musculoskeletal,1742,1783.5,0.98,0.97,0.97,-0.113,Ordinary,Not in reference set,83.41,18.08,5.86,66.93,No,
WARFARIN,MALAISE,General,1253,1270.3,0.99,0.99,0.98,-0.113,Ordinary,Not in reference set,84.60,16.36,5.11,66.24,No,
CANAGLIFLOZIN,PRURITUS,Skin,1084,1093.7,0.99,0.99,0.99,-0.113,Ordinary,Not in reference set,82.66,17.44,5.90,67.44,No,
WARFARIN,NAUSEA,Gastrointestinal,2418,2496.5,0.97,0.97,0.96,-0.113,Ordinary,Not in reference set,83.09,16.50,5.13,65.59,No,
ADALIMUMAB,DRUG INEFFECTIVE,General,1266,1284.1,0.99,0.99,0.98,-0.113,Ordinary,Not in reference set,83.10,17.54,5.29,65.24,No,
AMIODARONE,NIGHTMARE,Psychiatric,650,642.7,1.01,1.01,1.01,-0.113,Ordinary,Not in reference set,82.15,17.38,6.00,63.23,No,
IBUPROFEN,ANAEMIA,Blood,1410,1435.0,0.98,0.98,0.98,-0.113,Ordinary,Not in reference set,83.40,19.15,5.53,68.16,No,
OMEPRAZOLE,LACTIC ACIDOSIS,Metabolic,829,828.3,1.00,1.00,1.00,-0.113,Ordinary,Not in reference set,82.03,17.13,6.88,67.07,No,
ALBUTEROL,SEIZURE,Nervous system,786,783.6,1.00,1.00,1.00,-0.113,Ordinary,Not in reference set,83.59,17.30,5.98,67.05,No,
TAMSULOSIN,HYPERKALAEMIA,Metabolic,506,494.4,1.02,1.02,1.03,-0.113,Ordinary,Not in reference set,82.81,16.80,4.74,66.40,No,
VALPROATE,BACK PAIN,Musculoskeletal,825,824.2,1.00,1.00,1.00,-0.114,Ordinary,Not in reference set,80.24,16.61,6.06,66.06,No,
VALPROATE,TACHYCARDIA,Cardiac,833,832.5,1.00,1.00,1.00,-0.114,Ordinary,Not in reference set,85.11,16.45,3.60,66.87,No,
CLOPIDOGREL,WEIGHT DECREASED,Investigations,903,905.4,1.00,1.00,1.00,-0.114,Ordinary,Not in reference set,84.27,16.72,5.76,64.78,No,
METFORMIN,AMPUTATION,Procedural,604,595.4,1.01,1.02,1.02,-0.114,Ordinary,Not in reference set,84.44,18.54,5.30,67.55,No,
METFORMIN,ELECTROCARDIOGRAM QT PROLONGED,Cardiac,1455,1482.8,0.98,0.98,0.98,-0.114,Ordinary,Not in reference set,83.37,16.01,6.25,66.87,No,
GABAPENTIN,HYPONATRAEMIA,Metabolic,973,978.4,0.99,0.99,0.99,-0.114,Ordinary,Not in reference set,84.58,17.99,5.04,67.63,No,
ATORVASTATIN,MEMORY IMPAIRMENT,Nervous system,962,966.9,0.99,0.99,0.99,-0.114,Ordinary,Not in reference set,80.87,14.86,7.28,67.36,No,
ROSUVASTATIN,NIGHTMARE,Psychiatric,1002,1008.7,0.99,0.99,0.99,-0.114,Ordinary,Not in reference set,84.33,16.77,5.69,67.86,No,
MONTELUKAST,SEIZURE,Nervous system,881,882.7,1.00,1.00,1.00,-0.114,Ordinary,Not in reference set,82.41,18.05,6.13,69.24,No,
LEVOTHYROXINE,THROMBOCYTOPENIA,Blood,1024,1031.7,0.99,0.99,0.99,-0.114,Ordinary,Not in reference set,80.86,16.41,6.35,67.68,No,
METFORMIN,MYOCARDIAL INFARCTION,Cardiac,1617,1653.3,0.98,0.98,0.97,-0.114,Ordinary,Not in reference set,82.81,18.00,5.50,65.18,No,
OMEPRAZOLE,NEUTROPENIA,Blood,852,852.6,1.00,1.00,1.00,-0.114,Ordinary,Not in reference set,82.86,14.91,6.10,68.43,No,
OMEPRAZOLE,NIGHTMARE,Psychiatric,1120,1132.1,0.99,0.99,0.99,-0.114,Ordinary,Not in reference set,83.21,17.41,5.71,67.14,No,
AMLODIPINE,RASH,Skin,2387,2465.5,0.97,0.96,0.96,-0.114,Ordinary,Not in reference set,82.87,17.34,5.66,67.36,No,
CLOPIDOGREL,INSOMNIA,Psychiatric,1547,1580.0,0.98,0.98,0.98,-0.114,Ordinary,Not in reference set,83.65,16.29,6.27,67.74,No,
METFORMIN,PHOTOSENSITIVITY REACTION,Skin,653,646.3,1.01,1.01,1.01,-0.114,Ordinary,Not in reference set,84.38,17.00,4.59,64.62,No,
METHOTREXATE,ELECTROCARDIOGRAM QT PROLONGED,Cardiac,905,908.0,1.00,1.00,1.00,-0.114,Ordinary,Not in reference set,82.10,18.01,5.97,63.65,No,
SERTRALINE,MALAISE,General,1249,1267.5,0.99,0.98,0.98,-0.115,Ordinary,Not in reference set,83.27,18.41,4.56,66.69,No,
CIPROFLOXACIN,HAEMORRHAGE,Vascular,938,942.4,1.00,0.99,0.99,-0.115,Ordinary,Not in reference set,83.90,18.44,4.69,67.06,No,
CIPROFLOXACIN,THROMBOCYTOPENIA,Blood,677,671.3,1.01,1.01,1.01,-0.115,Ordinary,Not in reference set,80.95,19.35,7.83,68.39,No,
ADALIMUMAB,NEUTROPENIA,Blood,496,484.6,1.02,1.02,1.03,-0.115,Ordinary,Not in reference set,82.86,16.33,7.06,65.32,No,
APIXABAN,TORSADE DE POINTES,Cardiac,385,370.9,1.04,1.04,1.04,-0.115,Ordinary,Not in reference set,82.86,13.77,7.27,68.57,No,
CLOPIDOGREL,DIARRHOEA,Gastrointestinal,1718,1760.4,0.98,0.97,0.97,-0.115,Ordinary,Not in reference set,83.00,18.34,4.13,64.73,No,
IBUPROFEN,CONSTIPATION,Gastrointestinal,1663,1702.5,0.98,0.97,0.97,-0.115,Ordinary,Not in reference set,84.00,17.80,5.59,68.67,No,
ROSUVASTATIN,WEIGHT DECREASED,Investigations,1020,1028.1,0.99,0.99,0.99,-0.115,Ordinary,Not in reference set,80.59,17.45,5.78,66.47,No,
PANTOPRAZOLE,PULMONARY FIBROSIS,Respiratory,547,537.1,1.02,1.02,1.02,-0.115,Ordinary,Not in reference set,80.99,17.18,6.95,64.90,No,
FEBUXOSTAT,HYPONATRAEMIA,Metabolic,519,508.3,1.02,1.02,1.02,-0.115,Ordinary,Not in reference set,81.12,12.52,6.74,68.40,No,
ATORVASTATIN,ATRIAL FIBRILLATION,Cardiac,1220,1237.4,0.99,0.98,0.98,-0.115,Ordinary,Not in reference set,82.38,17.13,7.70,65.57,No,
ESOMEPRAZOLE,MUSCULAR WEAKNESS,Musculoskeletal,898,901.0,1.00,1.00,1.00,-0.115,Ordinary,Not in reference set,83.85,15.92,5.46,68.26,No,
CIPROFLOXACIN,ACUTE KIDNEY INJURY,Renal,979,985.5,0.99,0.99,0.99,-0.115,Ordinary,Not in reference set,83.76,17.26,5.62,67.21,No,
AMIODARONE,SEIZURE,Nervous system,505,493.9,1.02,1.02,1.02,-0.115,Ordinary,Not in reference set,81.39,15.84,5.94,67.52,No,
AMIODARONE,CARDIAC ARREST,Cardiac,349,334.4,1.04,1.05,1.05,-0.115,Ordinary,Not in reference set,84.24,21.49,5.16,67.62,No,
TRAMADOL,MYOCARDIAL INFARCTION,Cardiac,1160,1174.9,0.99,0.99,0.99,-0.115,Ordinary,Not in reference set,81.90,15.09,5.52,66.38,No,
ATORVASTATIN,RESPIRATORY DEPRESSION,Respiratory,934,938.7,0.99,0.99,0.99,-0.115,Ordinary,Not in reference set,82.98,18.42,5.57,66.81,No,
CELECOXIB,HEPATITIS,Hepatobiliary,380,366.0,1.04,1.04,1.04,-0.116,Ordinary,Not in reference set,81.32,19.21,6.05,63.42,No,
ALLOPURINOL,DYSPNOEA,Respiratory,1127,1140.6,0.99,0.99,0.99,-0.116,Ordinary,Not in reference set,85.27,17.39,5.59,65.13,No,
AZITHROMYCIN,HALLUCINATION,Psychiatric,475,463.3,1.03,1.03,1.03,-0.116,Ordinary,Not in reference set,82.95,18.32,6.11,67.16,No,
METFORMIN,COUGH,Respiratory,1825,1874.2,0.97,0.97,0.97,-0.116,Ordinary,Not in reference set,83.29,16.00,4.77,67.51,No,
PANTOPRAZOLE,MYOCARDIAL INFARCTION,Cardiac,1164,1179.4,0.99,0.99,0.99,-0.116,Ordinary,Not in reference set,83.68,17.44,5.67,66.67,No,
ISOTRETINOIN,OFF LABEL USE,General,651,644.8,1.01,1.01,1.01,-0.116,Ordinary,Not in reference set,82.18,15.21,5.84,68.05,No,
CLOZAPINE,HYPOTENSION,Vascular,842,843.2,1.00,1.00,1.00,-0.116,Ordinary,Not in reference set,81.59,16.98,4.04,66.98,No,
PANTOPRAZOLE,HEPATIC FAILURE,Hepatobiliary,470,458.2,1.03,1.03,1.03,-0.116,Ordinary,Not in reference set,80.00,14.68,5.74,61.28,No,
APIXABAN,TREMOR,Nervous system,787,786.0,1.00,1.00,1.00,-0.116,Ordinary,Not in reference set,82.47,18.17,4.70,68.23,No,
SERTRALINE,HALLUCINATION,Psychiatric,533,523.1,1.02,1.02,1.02,-0.116,Ordinary,Not in reference set,80.11,13.88,5.25,67.17,No,
CELECOXIB,SEIZURE,Nervous system,506,495.3,1.02,1.02,1.02,-0.116,Ordinary,Not in reference set,83.20,15.61,7.71,65.02,No,
ISOTRETINOIN,RHABDOMYOLYSIS,Musculoskeletal,487,475.7,1.02,1.02,1.03,-0.116,Ordinary,Not in reference set,83.57,16.63,6.16,64.68,No,
ESOMEPRAZOLE,TREMOR,Nervous system,911,915.2,1.00,1.00,0.99,-0.116,Ordinary,Not in reference set,82.55,17.89,5.05,66.96,No,
AZITHROMYCIN,MUSCULAR WEAKNESS,Musculoskeletal,898,901.6,1.00,1.00,1.00,-0.116,Ordinary,Not in reference set,82.52,18.15,4.68,67.71,No,
INSULIN GLARGINE,INSOMNIA,Psychiatric,1340,1364.3,0.98,0.98,0.98,-0.116,Ordinary,Not in reference set,83.36,16.49,5.82,66.27,No,
INSULIN GLARGINE,RASH,Skin,1489,1521.1,0.98,0.98,0.98,-0.116,Ordinary,Not in reference set,82.94,17.39,4.97,65.55,No,
CLOZAPINE,HAEMORRHAGE,Vascular,689,684.5,1.01,1.01,1.01,-0.116,Ordinary,Not in reference set,81.28,20.03,6.10,69.09,No,
INSULIN GLARGINE,ANGIOEDEMA,Skin,601,593.5,1.01,1.01,1.01,-0.117,Ordinary,Not in reference set,81.86,17.47,3.16,65.56,No,
LEVOTHYROXINE,AORTIC ANEURYSM,Vascular,704,700.2,1.01,1.01,1.01,-0.117,Ordinary,Not in reference set,83.95,15.48,4.69,64.91,No,
ADALIMUMAB,MYALGIA,Musculoskeletal,980,987.7,0.99,0.99,0.99,-0.117,Ordinary,Not in reference set,82.55,16.94,5.31,68.47,No,
CLOZAPINE,CONFUSIONAL STATE,Psychiatric,660,654.6,1.01,1.01,1.01,-0.117,Ordinary,Not in reference set,84.09,17.42,5.30,66.82,No,
WARFARIN,TACHYCARDIA,Cardiac,1269,1290.4,0.98,0.98,0.98,-0.117,Ordinary,Not in reference set,82.74,16.86,5.75,69.19,No,
MONTELUKAST,ANGIOEDEMA,Skin,885,888.6,1.00,1.00,1.00,-0.117,Ordinary,Not in reference set,84.86,18.31,5.65,68.47,No,
INSULIN GLARGINE,DEPRESSION,Psychiatric,1602,1640.8,0.98,0.97,0.97,-0.117,Ordinary,Not in reference set,83.65,17.17,5.87,64.61,No,
HYDROXYCHLOROQUINE,DRUG INEFFECTIVE,General,1265,1286.4,0.98,0.98,0.98,-0.117,Ordinary,Not in reference set,82.37,17.39,6.01,66.72,No,
ONDANSETRON,ANAEMIA,Blood,1261,1282.2,0.98,0.98,0.98,-0.117,Ordinary,Not in reference set,82.24,16.89,5.08,65.74,No,
CIPROFLOXACIN,ELECTROCARDIOGRAM QT PROLONGED,Cardiac,1044,1054.8,0.99,0.99,0.99,-0.117,Ordinary,Not in reference set,84.39,18.01,5.75,67.24,No,
METHOTREXATE,NIGHTMARE,Psychiatric,770,768.9,1.00,1.00,1.00,-0.117,Ordinary,Not in reference set,83.25,16.75,5.58,64.03,No,
LEVOFLOXACIN,RHABDOMYOLYSIS,Musculoskeletal,832,833.5,1.00,1.00,1.00,-0.117,Ordinary,Not in reference set,84.01,18.51,4.09,65.99,No,
PREDNISONE,MEMORY IMPAIRMENT,Nervous system,781,780.4,1.00,1.00,1.00,-0.117,Ordinary,Not in reference set,85.92,17.29,4.87,67.09,No,
IBUPROFEN,SEROTONIN SYNDROME,Nervous system,652,646.5,1.01,1.01,1.01,-0.117,Ordinary,Not in reference set,82.82,17.79,3.68,67.33,No,
ADALIMUMAB,DEHYDRATION,Metabolic,653,647.6,1.01,1.01,1.01,-0.117,Ordinary,Not in reference set,81.01,17.00,5.05,68.45,No,
ROSUVASTATIN,FOETAL MALFORMATION,Congenital,632,625.9,1.01,1.01,1.01,-0.117,Ordinary,Not in reference set,82.75,18.83,5.70,67.25,No,
SERTRALINE,GASTROINTESTINAL HAEMORRHAGE,Gastrointestinal,1492,1525.3,0.98,0.98,0.98,-0.117,Ordinary,Not in reference set,82.31,15.62,6.10,65.01,No,
METFORMIN,AORTIC ANEURYSM,Vascular,646,640.4,1.01,1.01,1.01,-0.117,Ordinary,Not in reference set,82.97,17.34,5.88,65.48,No,
GABAPENTIN,PHOTOSENSITIVITY REACTION,Skin,528,518.4,1.02,1.02,1.02,-0.117,Ordinary,Not in reference set,82.58,15.91,6.06,65.72,No,
MONTELUKAST,MALAISE,General,1415,1444.4,0.98,0.98,0.98,-0.117,Ordinary,Not in reference set,83.18,17.67,6.01,66.50,No,
SITAGLIPTIN,DIARRHOEA,Gastrointestinal,1248,1268.9,0.98,0.98,0.98,-0.117,Ordinary,Not in reference set,82.13,17.23,6.25,67.87,No,
CLOZAPINE,COUGH,Respiratory,961,968.3,0.99,0.99,0.99,-0.117,Ordinary,Not in reference set,81.79,17.48,5.10,66.39,No,
AMIODARONE,URTICARIA,Skin,814,815.0,1.00,1.00,1.00,-0.117,Ordinary,Not in reference set,83.05,16.58,6.88,68.43,No,
CLOZAPINE,NEUTROPENIA,Blood,499,488.6,1.02,1.02,1.02,-0.118,Ordinary,Not in reference set,87.37,18.04,5.41,69.14,No,
CLOPIDOGREL,SUICIDAL IDEATION,Psychiatric,1335,1360.5,0.98,0.98,0.98,-0.118,Ordinary,Not in reference set,83.75,17.23,5.47,65.39,No,
CIPROFLOXACIN,GASTROINTESTINAL HAEMORRHAGE,Gastrointestinal,1327,1352.0,0.98,0.98,0.98,-0.118,Ordinary,Not in reference set,82.29,17.78,5.88,65.71,No,
HYDROXYCHLOROQUINE,ANXIETY,Psychiatric,963,970.5,0.99,0.99,0.99,-0.118,Ordinary,Not in reference set,84.22,19.00,6.85,65.94,No,
WARFARIN,PANCYTOPENIA,Blood,903,907.8,0.99,0.99,0.99,-0.118,Ordinary,Not in reference set,84.50,16.28,5.32,66.89,No,
ISOTRETINOIN,TACHYCARDIA,Cardiac,655,649.8,1.01,1.01,1.01,-0.118,Ordinary,Not in reference set,83.21,15.88,6.41,65.04,No,
FEBUXOSTAT,NAUSEA,Gastrointestinal,1271,1293.3,0.98,0.98,0.98,-0.118,Ordinary,Not in reference set,85.21,16.92,6.06,66.09,No,
OMEPRAZOLE,TENDON RUPTURE,Musculoskeletal,1254,1275.5,0.98,0.98,0.98,-0.118,Ordinary,Not in reference set,81.98,18.50,5.66,66.91,No,
METFORMIN,DIABETIC KETOACIDOSIS,Metabolic,1091,1104.5,0.99,0.99,0.99,-0.118,Ordinary,Not in reference set,80.38,16.59,5.87,64.71,No,
ATORVASTATIN,DIABETIC KETOACIDOSIS,Metabolic,1089,1102.4,0.99,0.99,0.99,-0.118,Ordinary,Not in reference set,84.11,19.10,5.33,69.24,No,
HYDROXYCHLOROQUINE,SUICIDAL IDEATION,Psychiatric,979,987.3,0.99,0.99,0.99,-0.118,Ordinary,Not in reference set,83.25,18.08,6.44,69.77,No,
TRAMADOL,DIABETIC KETOACIDOSIS,Metabolic,785,784.9,1.00,1.00,1.00,-0.118,Ordinary,Not in reference set,83.31,17.20,4.97,67.39,No,
LEVOTHYROXINE,TENDON RUPTURE,Musculoskeletal,1512,1546.9,0.98,0.97,0.97,-0.118,Ordinary,Not in reference set,83.07,18.58,4.83,63.96,No,
MONTELUKAST,URTICARIA,Skin,1426,1456.3,0.98,0.98,0.98,-0.118,Ordinary,Not in reference set,84.15,17.32,5.33,66.06,No,
PREDNISONE,PARAESTHESIA,Nervous system,1031,1041.8,0.99,0.99,0.99,-0.118,Ordinary,Not in reference set,83.03,18.72,5.24,64.99,No,
WARFARIN,THROMBOCYTOPENIA,Blood,760,759.0,1.00,1.00,1.00,-0.118,Ordinary,Not in reference set,80.26,18.16,4.61,69.74,No,
CANAGLIFLOZIN,PARAESTHESIA,Nervous system,658,653.1,1.01,1.01,1.01,-0.118,Ordinary,Not in reference set,81.00,17.63,5.17,65.35,No,
ALBUTEROL,PANCYTOPENIA,Blood,911,916.4,0.99,0.99,0.99,-0.118,Ordinary,Not in reference set,83.64,16.90,5.16,67.40,No,
FUROSEMIDE,HEADACHE,Nervous system,2184,2257.0,0.97,0.96,0.96,-0.118,Ordinary,Not in reference set,81.78,15.84,4.40,66.90,No,
PANTOPRAZOLE,PRURITUS,Skin,1510,1545.0,0.98,0.98,0.97,-0.118,Ordinary,Not in reference set,81.39,17.09,5.23,67.35,No,
AMLODIPINE,MYOCARDIAL INFARCTION,Cardiac,1597,1636.8,0.98,0.97,0.97,-0.118,Ordinary,Not in reference set,82.34,16.47,4.70,66.31,No,
LEVOTHYROXINE,ACUTE KIDNEY INJURY,Renal,1481,1514.6,0.98,0.98,0.97,-0.118,Ordinary,Not in reference set,84.13,18.03,5.47,68.33,No,
AZITHROMYCIN,BACK PAIN,Musculoskeletal,1114,1129.0,0.99,0.99,0.99,-0.118,Ordinary,Not in reference set,83.93,17.24,5.30,67.32,No,
WARFARIN,HEPATIC FAILURE,Hepatobiliary,526,516.7,1.02,1.02,1.02,-0.118,Ordinary,Not in reference set,82.89,16.16,3.80,65.78,No,
METFORMIN,ACUTE KIDNEY INJURY,Renal,1358,1385.3,0.98,0.98,0.98,-0.118,Ordinary,Not in reference set,84.17,16.13,6.33,67.67,No,
TRAMADOL,GASTROINTESTINAL HAEMORRHAGE,Gastrointestinal,1325,1350.6,0.98,0.98,0.98,-0.118,Ordinary,Not in reference set,81.58,16.91,4.23,64.30,No,
VALPROATE,ALOPECIA,Skin,657,652.3,1.01,1.01,1.01,-0.118,Ordinary,Not in reference set,81.13,16.74,4.57,69.25,No,
TAMSULOSIN,THROMBOCYTOPENIA,Blood,491,480.7,1.02,1.02,1.02,-0.118,Ordinary,Not in reference set,84.32,16.09,5.30,68.43,No,
AMIODARONE,DRUG INEFFECTIVE,General,1260,1282.5,0.98,0.98,0.98,-0.119,Ordinary,Not in reference set,83.57,16.35,4.92,67.14,No,
SERTRALINE,HYPOGLYCAEMIA,Metabolic,1066,1078.9,0.99,0.99,0.99,-0.119,Ordinary,Not in reference set,82.74,19.23,6.00,64.45,No,
LEVOFLOXACIN,MUSCULAR WEAKNESS,Musculoskeletal,895,900.1,0.99,0.99,0.99,-0.119,Ordinary,Not in reference set,85.36,15.20,5.92,66.82,No,
FEBUXOSTAT,HYPOGLYCAEMIA,Metabolic,568,560.2,1.01,1.01,1.02,-0.119,Ordinary,Not in reference set,82.57,18.31,6.16,66.73,No,
AMLODIPINE,ANXIETY,Psychiatric,1819,1871.8,0.97,0.97,0.97,-0.119,Ordinary,Not in reference set,83.34,17.21,6.54,66.52,No,
ATORVASTATIN,HYPONATRAEMIA,Metabolic,1198,1217.5,0.98,0.98,0.98,-0.119,Ordinary,Not in reference set,83.72,16.11,5.68,68.20,No,
ALLOPURINOL,THROMBOCYTOPENIA,Blood,499,489.0,1.02,1.02,1.02,-0.119,Ordinary,Not in reference set,83.37,17.03,4.61,68.54,No,
DULOXETINE,TORSADE DE POINTES,Cardiac,388,375.0,1.03,1.04,1.04,-0.119,Ordinary,Not in reference set,85.05,17.53,7.22,63.66,No,
CANAGLIFLOZIN,MYALGIA,Musculoskeletal,965,973.4,0.99,0.99,0.99,-0.119,Ordinary,Not in reference set,83.94,15.65,5.91,66.63,No,
VALPROATE,OFF LABEL USE,General,824,826.1,1.00,1.00,1.00,-0.119,Ordinary,Not in reference set,82.89,16.99,5.22,69.05,No,
CLOPIDOGREL,ARTHRALGIA,Musculoskeletal,1529,1566.0,0.98,0.97,0.97,-0.119,Ordinary,Not in reference set,84.50,18.51,5.95,69.65,No,
ADALIMUMAB,OFF LABEL USE,General,814,815.8,1.00,1.00,1.00,-0.119,Ordinary,Not in reference set,80.59,15.97,4.67,67.69,No,
HYDROXYCHLOROQUINE,HYPOTENSION,Vascular,835,837.8,1.00,1.00,1.00,-0.119,Ordinary,Not in reference set,81.80,17.01,6.47,65.75,No,
AZITHROMYCIN,PANCYTOPENIA,Blood,801,802.3,1.00,1.00,1.00,-0.119,Ordinary,Not in reference set,83.02,15.73,4.37,65.67,No,
SERTRALINE,AORTIC ANEURYSM,Vascular,523,513.9,1.02,1.02,1.02,-0.119,Ordinary,Not in reference set,81.84,17.78,6.31,65.58,No,
FUROSEMIDE,ELECTROCARDIOGRAM QT PROLONGED,Cardiac,1183,1202.3,0.98,0.98,0.98,-0.119,Ordinary,Not in reference set,83.01,16.40,5.66,67.71,No,
AZITHROMYCIN,URTICARIA,Skin,1116,1132.0,0.99,0.98,0.98,-0.119,Ordinary,Not in reference set,81.00,17.20,4.39,67.83,No,
OMEPRAZOLE,DIABETIC KETOACIDOSIS,Metabolic,986,995.8,0.99,0.99,0.99,-0.119,Ordinary,Not in reference set,82.96,16.43,5.27,69.27,No,
CELECOXIB,CONGENITAL ANOMALY,Congenital,175,159.8,1.10,1.10,1.10,-0.119,Ordinary,Not in reference set,84.00,13.14,5.71,68.00,No,
DULOXETINE,RASH,Skin,1500,1535.9,0.98,0.98,0.97,-0.119,Ordinary,Not in reference set,83.47,18.00,6.13,65.93,No,
LISINOPRIL,RESPIRATORY DEPRESSION,Respiratory,933,940.4,0.99,0.99,0.99,-0.120,Ordinary,Not in reference set,84.46,18.11,6.75,68.49,No,
INSULIN GLARGINE,FOETAL MALFORMATION,Congenital,486,475.9,1.02,1.02,1.02,-0.120,Ordinary,Not in reference set,83.74,20.99,6.17,66.67,No,
TAMSULOSIN,DIARRHOEA,Gastrointestinal,1245,1267.7,0.98,0.98,0.98,-0.120,Ordinary,Not in reference set,81.53,17.99,4.98,65.70,No,
ATORVASTATIN,PANCREATITIS,Gastrointestinal,933,940.5,0.99,0.99,0.99,-0.120,Ordinary,Not in reference set,79.96,16.61,5.04,68.06,No,
AZITHROMYCIN,RHABDOMYOLYSIS,Musculoskeletal,832,835.0,1.00,1.00,1.00,-0.120,Ordinary,Not in reference set,81.85,15.38,4.81,67.43,No,
TAMSULOSIN,TACHYCARDIA,Cardiac,815,817.2,1.00,1.00,1.00,-0.120,Ordinary,Not in reference set,84.05,16.44,5.40,66.13,No,
VARENICLINE,MYALGIA,Musculoskeletal,788,789.1,1.00,1.00,1.00,-0.120,Ordinary,Not in reference set,86.04,18.15,4.44,66.24,No,
PREDNISONE,SEROTONIN SYNDROME,Nervous system,584,577.2,1.01,1.01,1.01,-0.120,Ordinary,Not in reference set,83.73,18.32,6.85,68.15,No,
TRAMADOL,ANAEMIA,Blood,1114,1130.2,0.99,0.98,0.98,-0.120,Ordinary,Not in reference set,81.51,16.25,5.12,66.34,No,
FEBUXOSTAT,TREMOR,Nervous system,545,536.9,1.02,1.02,1.02,-0.120,Ordinary,Not in reference set,83.67,20.18,6.79,69.17,No,
APIXABAN,AORTIC ANEURYSM,Vascular,403,390.7,1.03,1.03,1.03,-0.120,Ordinary,Not in reference set,85.11,16.87,8.44,64.27,No,
PANTOPRAZOLE,DYSPNOEA,Respiratory,1532,1570.2,0.98,0.97,0.97,-0.120,Ordinary,Not in reference set,82.77,16.51,6.79,66.84,No,
OMEPRAZOLE,HAEMORRHAGE,Vascular,1175,1194.4,0.98,0.98,0.98,-0.120,Ordinary,Not in reference set,84.09,16.94,5.11,66.72,No,
TAMSULOSIN,URTICARIA,Skin,809,811.1,1.00,1.00,1.00,-0.120,Ordinary,Not in reference set,80.10,17.55,5.93,64.40,No,
HYDROXYCHLOROQUINE,ACUTE KIDNEY INJURY,Renal,713,711.1,1.00,1.00,1.00,-0.120,Ordinary,Not in reference set,82.47,16.69,4.07,66.76,No,
ALLOPURINOL,RESPIRATORY DEPRESSION,Respiratory,497,487.4,1.02,1.02,1.02,-0.120,Ordinary,Not in reference set,81.29,17.91,7.04,64.19,No,
SITAGLIPTIN,ELECTROCARDIOGRAM QT PROLONGED,Cardiac,756,756.0,1.00,1.00,1.00,-0.120,Ordinary,Not in reference set,81.08,16.01,5.95,65.87,No,
IBUPROFEN,ARTHRALGIA,Musculoskeletal,1936,1997.6,0.97,0.97,0.96,-0.120,Ordinary,Not in reference set,83.68,17.25,5.68,65.39,No,
DULOXETINE,ABDOMINAL PAIN,Gastrointestinal,1324,1351.3,0.98,0.98,0.98,-0.120,Ordinary,Not in reference set,82.70,16.77,5.97,68.50,No,
ONDANSETRON,SOMNOLENCE,Nervous system,1287,1312.4,0.98,0.98,0.98,-0.120,Ordinary,Not in reference set,84.15,18.34,4.74,66.82,No,
CIPROFLOXACIN,PARAESTHESIA,Nervous system,913,919.9,0.99,0.99,0.99,-0.120,Ordinary,Not in reference set,82.69,16.32,4.49,63.86,No,
METFORMIN,SEROTONIN SYNDROME,Nervous system,718,716.5,1.00,1.00,1.00,-0.120,Ordinary,Not in reference set,81.89,18.66,5.43,68.80,No,
CLOPIDOGREL,AGGRESSION,Psychiatric,468,457.6,1.02,1.02,1.03,-0.120,Ordinary,Not in reference set,84.62,18.80,4.91,65.60,No,
ATORVASTATIN,TOXIC EPIDERMAL NECROLYSIS,Skin,337,323.3,1.04,1.05,1.05,-0.120,Ordinary,Not in reference set,85.46,19.58,5.64,64.39,No,
SERTRALINE,ARTHRALGIA,Musculoskeletal,1727,1776.7,0.97,0.97,0.97,-0.120,Ordinary,Not in reference set,82.69,18.41,5.10,66.88,No,
GABAPENTIN,PANCYTOPENIA,Blood,899,905.4,0.99,0.99,0.99,-0.120,Ordinary,Not in reference set,82.65,16.46,5.78,66.52,No,
OMEPRAZOLE,RESPIRATORY DEPRESSION,Respiratory,844,847.9,1.00,0.99,0.99,-0.120,Ordinary,Not in reference set,82.94,17.42,4.74,66.11,No,
PREDNISONE,HEPATIC FAILURE,Hepatobiliary,526,517.5,1.02,1.02,1.02,-0.120,Ordinary,Not in reference set,81.75,17.87,5.32,68.63,No,
ISOTRETINOIN,DIABETIC KETOACIDOSIS,Metabolic,458,447.3,1.02,1.02,1.03,-0.120,Ordinary,Not in reference set,80.35,16.81,6.11,67.03,No,
ESOMEPRAZOLE,TORSADE DE POINTES,Cardiac,443,431.9,1.03,1.03,1.03,-0.120,Ordinary,Not in reference set,83.07,17.38,8.58,68.62,No,
AZITHROMYCIN,PANCREATITIS,Gastrointestinal,673,669.8,1.00,1.01,1.01,-0.121,Ordinary,Not in reference set,81.72,16.49,5.05,67.01,No,
METHOTREXATE,HALLUCINATION,Psychiatric,411,399.1,1.03,1.03,1.03,-0.121,Ordinary,Not in reference set,80.05,17.03,4.38,68.61,No,
APIXABAN,AMPUTATION,Procedural,376,363.2,1.04,1.04,1.04,-0.121,Ordinary,Not in reference set,82.98,14.10,3.72,67.55,No,
INSULIN GLARGINE,DYSPNOEA,Respiratory,1317,1344.5,0.98,0.98,0.98,-0.121,Ordinary,Not in reference set,83.52,15.95,5.24,67.81,No,
CANAGLIFLOZIN,SOMNOLENCE,Nervous system,819,822.1,1.00,1.00,1.00,-0.121,Ordinary,Not in reference set,82.17,20.27,4.64,66.79,No,
AZITHROMYCIN,PRURITUS,Skin,1502,1539.6,0.98,0.97,0.97,-0.121,Ordinary,Not in reference set,81.89,15.05,6.86,66.78,No,
TRAMADOL,COUGH,Respiratory,1305,1331.9,0.98,0.98,0.98,-0.121,Ordinary,Not in reference set,84.21,17.47,5.67,66.36,No,
ALLOPURINOL,DIZZINESS,Nervous system,1275,1300.3,0.98,0.98,0.98,-0.121,Ordinary,Not in reference set,83.37,16.78,5.18,65.10,No,
ESOMEPRAZOLE,ATRIAL FIBRILLATION,Cardiac,875,880.6,0.99,0.99,0.99,-0.121,Ordinary,Not in reference set,82.17,17.37,5.60,67.77,No,
ESOMEPRAZOLE,SEIZURE,Nervous system,688,685.6,1.00,1.00,1.00,-0.121,Ordinary,Not in reference set,83.58,19.91,5.09,67.30,No,
VALPROATE,AGGRESSION,Psychiatric,349,335.7,1.04,1.04,1.04,-0.121,Ordinary,Not in reference set,83.38,18.05,5.44,64.18,No,
TRAMADOL,INSOMNIA,Psychiatric,1547,1587.3,0.97,0.97,0.97,-0.121,Ordinary,Not in reference set,81.71,17.19,5.17,66.45,No,
ALBUTEROL,MYALGIA,Musculoskeletal,1526,1565.1,0.98,0.97,0.97,-0.121,Ordinary,Not in reference set,84.14,15.79,5.31,66.25,No,
MONTELUKAST,PARAESTHESIA,Nervous system,1163,1182.7,0.98,0.98,0.98,-0.121,Ordinary,Not in reference set,82.29,20.12,6.53,67.15,No,
ROSUVASTATIN,RHABDOMYOLYSIS,Musculoskeletal,935,943.5,0.99,0.99,0.99,-0.121,Ordinary,Not in reference set,81.18,15.61,4.71,66.63,No,
ESOMEPRAZOLE,HALLUCINATION,Psychiatric,473,463.0,1.02,1.02,1.02,-0.121,Ordinary,Not in reference set,81.82,14.80,5.71,70.61,No,
IBUPROFEN,PYREXIA,General,1678,1725.8,0.97,0.97,0.97,-0.121,Ordinary,Not in reference set,82.18,18.12,5.24,67.10,No,
GABAPENTIN,DEHYDRATION,Metabolic,1002,1013.7,0.99,0.99,0.99,-0.121,Ordinary,Not in reference set,81.94,17.37,4.99,66.27,No,
CLOZAPINE,TENDONITIS,Musculoskeletal,179,164.0,1.09,1.10,1.10,-0.121,Ordinary,Not in reference set,87.15,18.44,3.91,65.92,No,
METHOTREXATE,TREMOR,Nervous system,787,788.9,1.00,1.00,1.00,-0.121,Ordinary,Not in reference set,85.51,18.04,5.72,66.45,No,
SITAGLIPTIN,RESPIRATORY DEPRESSION,Respiratory,489,479.5,1.02,1.02,1.02,-0.121,Ordinary,Not in reference set,82.41,17.38,7.36,64.62,No,
CLOPIDOGREL,SEIZURE,Nervous system,685,682.7,1.00,1.00,1.00,-0.121,Ordinary,Not in reference set,83.65,16.93,5.69,64.82,No,
FUROSEMIDE,SEROTONIN SYNDROME,Nervous system,587,580.9,1.01,1.01,1.01,-0.121,Ordinary,Not in reference set,84.16,18.40,5.62,71.04,No,
ESOMEPRAZOLE,AMPUTATION,Procedural,434,422.9,1.03,1.03,1.03,-0.121,Ordinary,Not in reference set,85.25,19.35,5.99,65.90,No,
FUROSEMIDE,PANCREATITIS,Gastrointestinal,763,764.0,1.00,1.00,1.00,-0.121,Ordinary,Not in reference set,81.00,15.47,6.03,68.55,No,
TRAMADOL,TOXIC EPIDERMAL NECROLYSIS,Skin,245,230.2,1.06,1.07,1.07,-0.121,Ordinary,Not in reference set,84.08,18.37,5.71,68.16,No,
TRAMADOL,SOMNOLENCE,Nervous system,1138,1156.8,0.98,0.98,0.98,-0.122,Ordinary,Not in reference set,81.37,15.91,6.77,64.67,No,
CIPROFLOXACIN,CLOSTRIDIUM DIFFICILE COLITIS,Gastrointestinal,524,515.8,1.02,1.02,1.02,-0.122,Ordinary,Not in reference set,83.40,16.41,5.73,64.89,No,
ALBUTEROL,THROMBOCYTOPENIA,Blood,765,766.2,1.00,1.00,1.00,-0.122,Ordinary,Not in reference set,86.54,20.39,5.36,67.71,No,
PREDNISONE,LACTIC ACIDOSIS,Metabolic,740,740.1,1.00,1.00,1.00,-0.122,Ordinary,Not in reference set,84.32,18.51,5.68,67.03,No,
CANAGLIFLOZIN,AGGRESSION,Psychiatric,340,326.7,1.04,1.04,1.04,-0.122,Ordinary,Not in reference set,79.41,15.00,6.18,64.12,No,
CIPROFLOXACIN,TACHYCARDIA,Cardiac,1123,1141.3,0.98,0.98,0.98,-0.122,Ordinary,Not in reference set,82.99,16.47,4.63,66.34,No,
AMIODARONE,ABDOMINAL PAIN,Gastrointestinal,1104,1121.3,0.98,0.98,0.98,-0.122,Ordinary,Not in reference set,82.25,17.93,6.07,67.48,No,
AZITHROMYCIN,ATRIAL FIBRILLATION,Cardiac,875,881.3,0.99,0.99,0.99,-0.122,Ordinary,Not in reference set,80.57,16.69,5.71,67.20,No,
ESOMEPRAZOLE,ACUTE KIDNEY INJURY,Renal,973,984.0,0.99,0.99,0.99,-0.122,Ordinary,Not in reference set,81.19,14.90,5.55,67.93,No,
AMLODIPINE,HYPERKALAEMIA,Metabolic,951,961.0,0.99,0.99,0.99,-0.122,Ordinary,Not in reference set,85.91,18.40,4.84,68.03,No,
GABAPENTIN,MALAISE,General,1242,1266.8,0.98,0.98,0.98,-0.122,Ordinary,Not in reference set,83.09,17.71,4.99,65.30,No,
ISOTRETINOIN,MYOCARDIAL INFARCTION,Cardiac,672,669.6,1.00,1.00,1.00,-0.122,Ordinary,Not in reference set,80.95,18.15,7.29,62.20,No,
TAMSULOSIN,WEIGHT DECREASED,Investigations,655,652.0,1.00,1.00,1.01,-0.122,Ordinary,Not in reference set,83.05,15.11,6.11,67.02,No,
METFORMIN,MALAISE,General,1538,1579.4,0.97,0.97,0.97,-0.122,Ordinary,Not in reference set,84.01,17.75,4.94,64.56,No,
AZITHROMYCIN,WEIGHT DECREASED,Investigations,902,909.9,0.99,0.99,0.99,-0.122,Ordinary,Not in reference set,85.14,15.30,5.21,67.41,No,
TAMSULOSIN,PANCREATITIS,Gastrointestinal,489,480.0,1.02,1.02,1.02,-0.123,Ordinary,Not in reference set,82.21,17.59,4.29,65.64,No,
APIXABAN,RASH,Skin,1481,1519.3,0.97,0.97,0.97,-0.123,Ordinary,Not in reference set,83.79,18.16,5.06,69.55,No,
AMLODIPINE,AGRANULOCYTOSIS,Blood,823,827.3,0.99,0.99,0.99,-0.123,Ordinary,Not in reference set,81.90,15.80,4.01,63.55,No,
ESOMEPRAZOLE,HEPATIC FAILURE,Hepatobiliary,466,456.3,1.02,1.02,1.02,-0.123,Ordinary,Not in reference set,82.83,17.60,5.36,69.74,No,
CLOPIDOGREL,STEVENS-JOHNSON SYNDROME,Skin,430,419.2,1.03,1.03,1.03,-0.123,Ordinary,Not in reference set,83.49,17.21,4.19,68.37,No,
VARENICLINE,MEMORY IMPAIRMENT,Nervous system,408,396.6,1.03,1.03,1.03,-0.123,Ordinary,Not in reference set,84.56,19.61,5.64,63.48,No,
PREDNISONE,GASTROINTESTINAL HAEMORRHAGE,Gastrointestinal,1492,1531.1,0.97,0.97,0.97,-0.123,Ordinary,Not in reference set,84.12,17.63,5.43,66.62,No,
SERTRALINE,CONSTIPATION,Gastrointestinal,1476,1514.3,0.97,0.97,0.97,-0.123,Ordinary,Not in reference set,82.86,16.26,5.76,67.14,No,
PANTOPRAZOLE,AGRANULOCYTOSIS,Blood,601,596.1,1.01,1.01,1.01,-0.123,Ordinary,Not in reference set,83.53,17.47,7.65,63.73,No,
VALPROATE,PANCYTOPENIA,Blood,591,585.7,1.01,1.01,1.01,-0.123,Ordinary,Not in reference set,77.83,14.55,6.09,66.84,No,
CLOPIDOGREL,HYPERKALAEMIA,Metabolic,688,686.6,1.00,1.00,1.00,-0.123,Ordinary,Not in reference set,82.12,16.72,4.51,65.12,No,
FEBUXOSTAT,PULMONARY FIBROSIS,Respiratory,327,313.7,1.04,1.04,1.05,-0.123,Ordinary,Not in reference set,85.02,19.88,7.03,65.14,No,
ONDANSETRON,PANCREATITIS,Gastrointestinal,758,759.7,1.00,1.00,1.00,-0.123,Ordinary,Not in reference set,80.47,14.91,5.28,67.41,No,
INSULIN GLARGINE,HYPONATRAEMIA,Metabolic,744,745.0,1.00,1.00,1.00,-0.123,Ordinary,Not in reference set,84.81,17.34,5.24,66.26,No,
CELECOXIB,ALOPECIA,Skin,648,645.0,1.00,1.00,1.01,-0.123,Ordinary,Not in reference set,85.19,17.13,6.33,66.98,No,
ATORVASTATIN,ACUTE KIDNEY INJURY,Renal,1351,1382.7,0.98,0.97,0.97,-0.123,Ordinary,Not in reference set,84.53,16.80,5.77,67.95,No,
AMLODIPINE,HYPONATRAEMIA,Metabolic,1185,1207.6,0.98,0.98,0.98,-0.123,Ordinary,Not in reference set,83.12,18.06,5.74,65.82,No,
TRAMADOL,PULMONARY FIBROSIS,Respiratory,542,535.0,1.01,1.01,1.01,-0.123,Ordinary,Not in reference set,83.76,16.05,4.80,65.68,No,
PREDNISONE,MYOCARDITIS,Cardiac,465,455.4,1.02,1.02,1.02,-0.123,Ordinary,Not in reference set,83.87,17.63,4.30,69.03,No,
FEBUXOSTAT,BACK PAIN,Musculoskeletal,664,661.8,1.00,1.00,1.00,-0.123,Ordinary,Not in reference set,84.19,16.57,6.33,65.51,No,
AZITHROMYCIN,CLOSTRIDIUM DIFFICILE COLITIS,Gastrointestinal,523,515.4,1.01,1.02,1.02,-0.123,Ordinary,Not in reference set,82.03,17.97,5.35,63.67,No,
CIPROFLOXACIN,CARDIAC ARREST,Cardiac,474,464.7,1.02,1.02,1.02,-0.123,Ordinary,Not in reference set,84.39,18.35,5.49,64.35,No,
INSULIN GLARGINE,WEIGHT DECREASED,Investigations,779,781.8,1.00,1.00,1.00,-0.123,Ordinary,Not in reference set,84.60,16.43,3.85,67.65,No,
AZITHROMYCIN,NEUTROPENIA,Blood,674,672.2,1.00,1.00,1.00,-0.123,Ordinary,Not in reference set,84.72,15.13,4.45,70.03,No,
ALLOPURINOL,CONSTIPATION,Gastrointestinal,966,977.7,0.99,0.99,0.99,-0.124,Ordinary,Not in reference set,84.06,18.84,4.97,69.15,No,
HYDROXYCHLOROQUINE,URTICARIA,Skin,813,817.4,0.99,0.99,0.99,-0.124,Ordinary,Not in reference set,84.13,16.11,4.92,68.27,No,
FUROSEMIDE,TACHYCARDIA,Cardiac,1273,1300.8,0.98,0.98,0.98,-0.124,Ordinary,Not in reference set,83.50,17.20,5.81,66.54,No,
CIPROFLOXACIN,STEVENS-JOHNSON SYNDROME,Skin,432,421.6,1.02,1.03,1.03,-0.124,Ordinary,Not in reference set,80.32,16.44,7.41,67.59,No,
GABAPENTIN,CONGENITAL ANOMALY,Congenital,264,249.8,1.06,1.06,1.06,-0.124,Ordinary,Not in reference set,83.71,17.42,6.44,70.83,No,
CIPROFLOXACIN,PANCYTOPENIA,Blood,799,802.9,1.00,0.99,0.99,-0.124,Ordinary,Not in reference set,81.73,18.90,5.76,63.20,No,
CELECOXIB,PRURITUS,Skin,1093,1111.4,0.98,0.98,0.98,-0.124,Ordinary,Not in reference set,85.45,17.93,5.31,67.15,No,
IBUPROFEN,RHABDOMYOLYSIS,Musculoskeletal,1044,1059.8,0.99,0.98,0.98,-0.124,Ordinary,Not in reference set,83.43,16.38,5.75,67.34,No,
MONTELUKAST,CLOSTRIDIUM DIFFICILE COLITIS,Gastrointestinal,665,663.1,1.00,1.00,1.00,-0.124,Ordinary,Not in reference set,83.76,14.59,4.96,63.61,No,
WARFARIN,DRUG INEFFECTIVE,General,1948,2015.6,0.97,0.96,0.96,-0.124,Ordinary,Not in reference set,82.49,17.45,5.75,69.15,No,
IBUPROFEN,PRURITUS,Skin,1890,1954.2,0.97,0.96,0.96,-0.124,Ordinary,Not in reference set,82.22,17.88,5.34,67.62,No,
ESOMEPRAZOLE,HYPOGLYCAEMIA,Metabolic,944,954.9,0.99,0.99,0.99,-0.124,Ordinary,Not in reference set,83.69,18.01,4.87,64.94,No,
IBUPROFEN,AGRANULOCYTOSIS,Blood,752,754.0,1.00,1.00,1.00,-0.124,Ordinary,Not in reference set,81.52,17.42,4.79,67.02,No,
ALBUTEROL,URTICARIA,Skin,1265,1292.9,0.98,0.98,0.98,-0.124,Ordinary,Not in reference set,83.79,17.87,5.30,65.14,No,
VALPROATE,DYSPNOEA,Respiratory,1122,1142.2,0.98,0.98,0.98,-0.124,Ordinary,Not in reference set,80.84,16.31,4.99,67.56,No,
CANAGLIFLOZIN,HYPOGLYCAEMIA,Metabolic,680,678.9,1.00,1.00,1.00,-0.124,Ordinary,Not in reference set,83.24,16.91,6.03,65.59,No,
AMLODIPINE,TENDON RUPTURE,Musculoskeletal,1367,1400.7,0.98,0.97,0.97,-0.124,Ordinary,Not in reference set,84.05,17.70,5.85,64.89,No,
OMEPRAZOLE,WEIGHT DECREASED,Investigations,1133,1153.9,0.98,0.98,0.98,-0.125,Ordinary,Not in reference set,83.41,16.15,4.94,64.70,No,
FEBUXOSTAT,NEUTROPENIA,Blood,405,394.1,1.03,1.03,1.03,-0.125,Ordinary,Not in reference set,82.96,16.30,5.93,65.93,No,
LEVOFLOXACIN,NAUSEA,Gastrointestinal,2123,2202.6,0.96,0.96,0.96,-0.125,Ordinary,Not in reference set,83.61,18.94,5.93,63.78,No,
ROSUVASTATIN,DIABETIC KETOACIDOSIS,Metabolic,879,887.2,0.99,0.99,0.99,-0.125,Ordinary,Not in reference set,83.73,18.09,6.26,66.33,No,
ALBUTEROL,ABDOMINAL PAIN,Gastrointestinal,1724,1779.0,0.97,0.97,0.96,-0.125,Ordinary,Not in reference set,82.66,17.75,4.99,68.62,No,
LEVOTHYROXINE,BACK PAIN,Musculoskeletal,1684,1736.5,0.97,0.97,0.96,-0.125,Ordinary,Not in reference set,82.96,17.93,5.82,66.27,No,
ONDANSETRON,COUGH,Respiratory,1471,1511.0,0.97,0.97,0.97,-0.125,Ordinary,Not in reference set,83.96,17.00,5.10,70.70,No,
ESOMEPRAZOLE,SOMNOLENCE,Nervous system,1135,1156.3,0.98,0.98,0.98,-0.125,Ordinary,Not in reference set,85.90,20.09,6.08,67.67,No,
GABAPENTIN,FOETAL MALFORMATION,Congenital,628,625.0,1.00,1.01,1.01,-0.125,Ordinary,Not in reference set,84.55,18.47,6.85,66.24,No,
TAMSULOSIN,DIABETIC KETOACIDOSIS,Metabolic,568,562.6,1.01,1.01,1.01,-0.125,Ordinary,Not in reference set,81.87,17.43,5.99,67.78,No,
SITAGLIPTIN,PULMONARY FIBROSIS,Respiratory,395,383.9,1.03,1.03,1.03,-0.125,Ordinary,Not in reference set,81.52,13.42,6.58,63.29,No,
CANAGLIFLOZIN,HEPATIC FAILURE,Hepatobiliary,337,324.4,1.04,1.04,1.04,-0.125,Ordinary,Not in reference set,80.71,17.51,4.15,63.50,No,
CIPROFLOXACIN,SEIZURE,Nervous system,687,686.6,1.00,1.00,1.00,-0.125,Ordinary,Not in reference set,82.39,17.76,5.82,65.94,No,
LISINOPRIL,FATIGUE,General,2698,2815.8,0.96,0.95,0.95,-0.125,Ordinary,Not in reference set,83.73,17.79,4.93,67.46,No,
ALBUTEROL,PRURITUS,Skin,1704,1758.5,0.97,0.97,0.96,-0.125,Ordinary,Not in reference set,83.45,18.84,6.46,67.37,No,
AMIODARONE,TORSADE DE POINTES,Cardiac,324,311.2,1.04,1.04,1.04,-0.125,Ordinary,Not in reference set,83.95,15.12,4.32,70.99,No,
FUROSEMIDE,CLOSTRIDIUM DIFFICILE COLITIS,Gastrointestinal,592,587.9,1.01,1.01,1.01,-0.126,Ordinary,Not in reference set,83.95,16.05,5.24,69.26,Yes,2019Q1
ADALIMUMAB,CARDIAC ARREST,Cardiac,347,334.8,1.04,1.04,1.04,-0.126,Ordinary,Not in reference set,84.73,17.58,6.92,65.99,No,
OMEPRAZOLE,HYPERTENSION,Vascular,1392,1428.4,0.97,0.97,0.97,-0.126,Ordinary,Not in reference set,83.55,17.46,5.60,67.17,No,
IBUPROFEN,PNEUMONIA,Infection,1354,1388.2,0.98,0.97,0.97,-0.126,Ordinary,Not in reference set,83.75,16.62,4.58,68.32,No,
LEVOFLOXACIN,HYPOTENSION,Vascular,1136,1158.1,0.98,0.98,0.98,-0.126,Ordinary,Not in reference set,82.75,19.37,5.11,66.81,No,
ESOMEPRAZOLE,NIGHTMARE,Psychiatric,883,892.0,0.99,0.99,0.99,-0.126,Ordinary,Not in reference set,84.94,17.55,5.55,65.35,No,
CANAGLIFLOZIN,FATIGUE,General,1386,1422.2,0.97,0.97,0.97,-0.126,Ordinary,Not in reference set,81.96,17.60,5.84,66.52,No,
PANTOPRAZOLE,MEMORY IMPAIRMENT,Nervous system,691,691.1,1.00,1.00,1.00,-0.126,Ordinary,Not in reference set,82.92,16.21,5.79,67.15,No,
GABAPENTIN,ANXIETY,Psychiatric,1475,1516.5,0.97,0.97,0.97,-0.126,Ordinary,Not in reference set,82.17,15.93,5.90,65.69,No,
LISINOPRIL,AGRANULOCYTOSIS,Blood,829,835.5,0.99,0.99,0.99,-0.126,Ordinary,Not in reference set,81.42,16.28,5.67,68.76,No,
CIPROFLOXACIN,HYPOGLYCAEMIA,Metabolic,944,956.3,0.99,0.99,0.99,-0.126,Ordinary,Not in reference set,81.89,17.80,5.40,65.89,No,
HYDROXYCHLOROQUINE,SOMNOLENCE,Nervous system,829,835.6,0.99,0.99,0.99,-0.126,Ordinary,Not in reference set,84.20,18.34,7.48,66.59,No,
AZITHROMYCIN,STEVENS-JOHNSON SYNDROME,Skin,431,421.3,1.02,1.03,1.03,-0.126,Ordinary,Not in reference set,84.92,20.19,5.34,67.29,No,
AMLODIPINE,PANCYTOPENIA,Blood,1097,1117.5,0.98,0.98,0.98,-0.126,Ordinary,Not in reference set,83.77,18.60,5.83,66.45,No,
GABAPENTIN,MEMORY IMPAIRMENT,Nervous system,773,777.1,0.99,0.99,0.99,-0.126,Ordinary,Not in reference set,84.48,17.85,5.05,67.27,No,
AMLODIPINE,MUSCULAR WEAKNESS,Musculoskeletal,1228,1255.8,0.98,0.98,0.97,-0.126,Ordinary,Not in reference set,82.98,16.21,6.68,67.75,No,
ALLOPURINOL,MEMORY IMPAIRMENT,Nervous system,509,502.0,1.01,1.01,1.02,-0.126,Ordinary,Not in reference set,85.07,18.27,5.89,63.46,No,
METHOTREXATE,MALAISE,General,954,967.1,0.99,0.99,0.99,-0.127,Ordinary,Not in reference set,83.96,16.67,5.77,68.66,No,
METHOTREXATE,PARAESTHESIA,Nervous system,787,791.9,0.99,0.99,0.99,-0.127,Ordinary,Not in reference set,82.97,14.87,5.97,68.23,No,
OMEPRAZOLE,GASTROINTESTINAL HAEMORRHAGE,Gastrointestinal,1660,1713.5,0.97,0.97,0.96,-0.127,Ordinary,Not in reference set,83.31,15.48,5.18,67.35,No,
CANAGLIFLOZIN,NIGHTMARE,Psychiatric,636,634.2,1.00,1.00,1.00,-0.127,Ordinary,Not in reference set,83.96,18.24,4.40,68.08,No,
OMEPRAZOLE,SOMNOLENCE,Nervous system,1428,1467.6,0.97,0.97,0.97,-0.127,Ordinary,Not in reference set,84.24,17.30,4.97,64.71,No,
TAMSULOSIN,LACTIC ACIDOSIS,Metabolic,476,468.0,1.02,1.02,1.02,-0.127,Ordinary,Not in reference set,85.92,18.28,3.57,64.08,No,
ROSUVASTATIN,NEUTROPENIA,Blood,756,759.6,1.00,0.99,0.99,-0.127,Ordinary,Not in reference set,83.33,15.61,4.76,70.24,No,
AMLODIPINE,ELECTROCARDIOGRAM QT PROLONGED,Cardiac,1428,1468.0,0.97,0.97,0.97,-0.127,Ordinary,Not in reference set,84.03,16.60,5.11,68.07,No,
VALPROATE,SUICIDAL IDEATION,Psychiatric,983,998.0,0.98,0.98,0.98,-0.127,Ordinary,Not in reference set,82.50,16.68,4.98,66.63,No,
APIXABAN,HYPERTENSION,Vascular,953,966.6,0.99,0.99,0.98,-0.127,Ordinary,Not in reference set,83.21,18.05,5.77,68.52,No,
METHOTREXATE,URTICARIA,Skin,961,975.1,0.99,0.98,0.98,-0.127,Ordinary,Not in reference set,83.56,17.90,5.10,64.93,No,
PANTOPRAZOLE,DRUG INEFFECTIVE,General,1729,1787.6,0.97,0.96,0.96,-0.128,Ordinary,Not in reference set,81.84,17.99,4.86,66.40,No,
CLOPIDOGREL,CONFUSIONAL STATE,Psychiatric,886,896.2,0.99,0.99,0.99,-0.128,Ordinary,Not in reference set,84.31,17.95,4.85,69.41,No,
ISOTRETINOIN,URTICARIA,Skin,646,645.0,1.00,1.00,1.00,-0.128,Ordinary,Not in reference set,85.14,16.25,5.26,64.86,No,
FEBUXOSTAT,ELECTROCARDIOGRAM QT PROLONGED,Cardiac,620,617.9,1.00,1.00,1.00,-0.128,Ordinary,Not in reference set,82.10,19.52,6.45,65.97,No,
OMEPRAZOLE,HYPONATRAEMIA,Metabolic,1079,1099.7,0.98,0.98,0.98,-0.128,Ordinary,Not in reference set,81.46,15.29,4.54,67.75,No,
TRAMADOL,PANCYTOPENIA,Blood,796,802.1,0.99,0.99,0.99,-0.128,Ordinary,Not in reference set,82.54,16.08,5.15,64.95,No,
PREDNISONE,PANCREATITIS,Gastrointestinal,755,759.1,0.99,0.99,0.99,-0.128,Ordinary,Not in reference set,83.05,17.75,4.50,63.31,No,
ESOMEPRAZOLE,FOETAL MALFORMATION,Congenital,558,553.4,1.01,1.01,1.01,-0.128,Ordinary,Not in reference set,84.41,19.18,5.20,68.28,No,
SITAGLIPTIN,HAEMORRHAGE,Vascular,675,675.5,1.00,1.00,1.00,-0.128,Ordinary,Not in reference set,82.22,17.33,6.96,71.11,No,
ROSUVASTATIN,HYPOGLYCAEMIA,Metabolic,1060,1079.9,0.98,0.98,0.98,-0.128,Ordinary,Not in reference set,84.81,18.11,4.43,67.83,No,
CANAGLIFLOZIN,ALOPECIA,Skin,636,634.8,1.00,1.00,1.00,-0.128,Ordinary,Not in reference set,83.18,16.67,5.66,62.89,No,
VALPROATE,HYPERKALAEMIA,Metabolic,510,503.7,1.01,1.01,1.01,-0.128,Ordinary,Not in reference set,82.94,15.88,8.04,65.88,No,
AMIODARONE,PRURITUS,Skin,1087,1108.4,0.98,0.98,0.98,-0.128,Ordinary,Not in reference set,83.81,17.11,5.89,70.75,No,
ROSUVASTATIN,MUSCULAR WEAKNESS,Musculoskeletal,1002,1018.8,0.98,0.98,0.98,-0.128,Ordinary,Not in reference set,83.73,17.66,6.59,68.46,No,
ISOTRETINOIN,PANCREATITIS,Gastrointestinal,392,381.6,1.03,1.03,1.03,-0.128,Ordinary,Not in reference set,80.87,20.41,4.85,65.31,No,
VALPROATE,COUGH,Respiratory,958,972.5,0.99,0.98,0.98,-0.128,Ordinary,Not in reference set,82.05,17.95,6.16,66.60,No,
WARFARIN,DIABETIC KETOACIDOSIS,Metabolic,878,888.4,0.99,0.99,0.99,-0.128,Ordinary,Not in reference set,84.05,19.02,4.56,69.82,No,
ADALIMUMAB,AGRANULOCYTOSIS,Blood,437,428.2,1.02,1.02,1.02,-0.129,Ordinary,Not in reference set,81.69,20.37,3.43,69.34,No,
METFORMIN,HYPERTENSION,Vascular,1536,1584.3,0.97,0.97,0.96,-0.129,Ordinary,Not in reference set,82.88,17.84,5.60,67.97,No,
OMEPRAZOLE,AGRANULOCYTOSIS,Blood,749,753.3,0.99,0.99,0.99,-0.129,Ordinary,Not in reference set,85.05,18.02,5.07,67.42,No,
FEBUXOSTAT,MALAISE,General,658,658.1,1.00,1.00,1.00,-0.129,Ordinary,Not in reference set,82.52,16.57,5.32,67.48,No,
AMIODARONE,DIABETIC KETOACIDOSIS,Metabolic,569,565.3,1.01,1.01,1.01,-0.129,Ordinary,Not in reference set,82.60,16.87,6.68,68.01,No,
VALPROATE,DRUG INEFFECTIVE,General,1268,1300.3,0.98,0.97,0.97,-0.129,Ordinary,Not in reference set,83.44,18.22,5.52,67.74,No,
ALLOPURINOL,FATIGUE,General,1418,1459.3,0.97,0.97,0.97,-0.129,Ordinary,Not in reference set,82.02,16.50,6.21,68.34,No,
CELECOXIB,DIZZINESS,Nervous system,1256,1287.7,0.98,0.97,0.97,-0.129,Ordinary,Not in reference set,83.36,17.36,5.02,67.20,No,
FUROSEMIDE,TENDON RUPTURE,Musculoskeletal,1123,1147.1,0.98,0.98,0.98,-0.129,Ordinary,Not in reference set,83.97,17.81,5.61,66.25,No,
GABAPENTIN,PARAESTHESIA,Nervous system,1019,1037.3,0.98,0.98,0.98,-0.129,Ordinary,Not in reference set,82.34,16.19,6.28,68.79,No,
LEVOTHYROXINE,HALLUCINATION,Psychiatric,710,712.6,1.00,1.00,1.00,-0.129,Ordinary,Not in reference set,83.66,15.49,5.49,66.06,No,
IBUPROFEN,HEPATITIS,Hepatobiliary,644,643.6,1.00,1.00,1.00,-0.129,Ordinary,Not in reference set,82.45,17.70,5.12,66.93,No,
FEBUXOSTAT,ALOPECIA,Skin,529,523.8,1.01,1.01,1.01,-0.129,Ordinary,Not in reference set,82.42,17.58,5.67,65.60,No,
FUROSEMIDE,PYREXIA,General,1504,1550.8,0.97,0.97,0.97,-0.129,Ordinary,Not in reference set,83.05,17.89,4.79,67.02,No,
AZITHROMYCIN,DYSPNOEA,Respiratory,1517,1564.7,0.97,0.97,0.97,-0.129,Ordinary,Not in reference set,84.38,16.48,5.74,66.91,No,
ALLOPURINOL,LACTIC ACIDOSIS,Metabolic,483,476.1,1.01,1.02,1.02,-0.129,Ordinary,Not in reference set,82.61,17.60,5.18,66.67,No,
HYDROXYCHLOROQUINE,TENDONITIS,Musculoskeletal,177,162.9,1.09,1.09,1.09,-0.129,Ordinary,Not in reference set,85.31,20.34,6.78,67.80,No,
CIPROFLOXACIN,DRUG INEFFECTIVE,General,1722,1782.6,0.97,0.96,0.96,-0.130,Ordinary,Not in reference set,82.40,16.78,4.53,66.67,No,
CLOPIDOGREL,TENDON RUPTURE,Musculoskeletal,984,1000.7,0.98,0.98,0.98,-0.130,Ordinary,Not in reference set,83.43,17.38,6.50,67.89,No,
METFORMIN,STEVENS-JOHNSON SYNDROME,Skin,595,592.6,1.00,1.00,1.00,-0.130,Ordinary,Not in reference set,82.86,17.31,5.38,63.03,No,
TAMSULOSIN,FATIGUE,General,1394,1434.5,0.97,0.97,0.97,-0.130,Ordinary,Not in reference set,84.36,17.72,5.74,67.00,No,
OMEPRAZOLE,HEPATIC FAILURE,Hepatobiliary,582,579.1,1.00,1.01,1.01,-0.130,Ordinary,Not in reference set,78.52,13.57,6.87,67.70,No,
ALBUTEROL,AMPUTATION,Procedural,490,483.4,1.01,1.01,1.02,-0.130,Ordinary,Not in reference set,82.04,17.55,5.92,70.82,No,
TAMSULOSIN,ANXIETY,Psychiatric,948,963.0,0.98,0.98,0.98,-0.130,Ordinary,Not in reference set,83.65,17.51,6.12,66.77,No,
VARENICLINE,BACK PAIN,Musculoskeletal,650,650.2,1.00,1.00,1.00,-0.130,Ordinary,Not in reference set,82.92,19.85,5.54,64.31,No,
DULOXETINE,GASTROINTESTINAL HAEMORRHAGE,Gastrointestinal,1146,1172.2,0.98,0.98,0.98,-0.130,Ordinary,Not in reference set,82.37,17.36,4.54,67.45,No,
ROSUVASTATIN,CLOSTRIDIUM DIFFICILE COLITIS,Gastrointestinal,585,582.4,1.00,1.00,1.00,-0.130,Ordinary,Not in reference set,84.79,17.09,3.93,67.18,No,
CIPROFLOXACIN,FOETAL MALFORMATION,Congenital,558,554.3,1.01,1.01,1.01,-0.130,Ordinary,Not in reference set,85.13,19.53,6.63,65.77,No,
ALBUTEROL,MALAISE,General,1250,1282.3,0.97,0.97,0.97,-0.130,Ordinary,Not in reference set,84.40,16.88,4.80,67.12,No,
FUROSEMIDE,PRURITUS,Skin,1696,1756.0,0.97,0.96,0.96,-0.130,Ordinary,Not in reference set,83.67,17.69,4.95,65.86,No,
LISINOPRIL,TENDONITIS,Musculoskeletal,329,317.4,1.04,1.04,1.04,-0.130,Ordinary,Not in reference set,81.46,18.24,7.90,65.65,No,
HYDROXYCHLOROQUINE,CONFUSIONAL STATE,Psychiatric,650,650.4,1.00,1.00,1.00,-0.130,Ordinary,Not in reference set,82.77,15.23,7.08,66.31,No,
CIPROFLOXACIN,HYPERTENSION,Vascular,1103,1127.0,0.98,0.98,0.98,-0.131,Ordinary,Not in reference set,81.69,16.95,5.62,67.36,No,
AMIODARONE,LACTIC ACIDOSIS,Metabolic,477,470.2,1.01,1.02,1.02,-0.131,Ordinary,Not in reference set,86.37,18.45,5.66,70.02,No,
ATORVASTATIN,HYPERKALAEMIA,Metabolic,953,968.8,0.98,0.98,0.98,-0.131,Ordinary,Not in reference set,84.16,17.63,4.51,67.16,No,
METFORMIN,MEMORY IMPAIRMENT,Nervous system,953,968.7,0.98,0.98,0.98,-0.131,Ordinary,Not in reference set,83.00,15.63,5.67,66.42,No,
ESOMEPRAZOLE,PANCREATITIS,Gastrointestinal,668,669.3,1.00,1.00,1.00,-0.131,Ordinary,Not in reference set,82.34,18.11,5.54,65.12,No,
OMEPRAZOLE,PHOTOSENSITIVITY REACTION,Skin,585,582.7,1.00,1.00,1.00,-0.131,Ordinary,Not in reference set,82.39,16.07,5.98,64.27,No,
CANAGLIFLOZIN,TENDON RUPTURE,Musculoskeletal,711,714.5,1.00,0.99,0.99,-0.131,Ordinary,Not in reference set,83.68,19.27,5.91,66.81,No,
VALPROATE,DEHYDRATION,Metabolic,655,655.8,1.00,1.00,1.00,-0.131,Ordinary,Not in reference set,81.68,17.25,5.34,67.18,No,
ALLOPURINOL,AGRANULOCYTOSIS,Blood,441,433.0,1.02,1.02,1.02,-0.131,Ordinary,Not in reference set,82.99,16.33,4.54,66.89,No,
METHOTREXATE,RASH,Skin,1478,1524.9,0.97,0.97,0.97,-0.131,Ordinary,Not in reference set,84.44,17.59,6.29,67.05,No,
WARFARIN,TENDON RUPTURE,Musculoskeletal,1113,1137.9,0.98,0.98,0.98,-0.131,Ordinary,Not in reference set,85.00,16.35,4.58,63.70,No,
PANTOPRAZOLE,AORTIC ANEURYSM,Vascular,464,456.8,1.02,1.02,1.02,-0.131,Ordinary,Not in reference set,85.78,17.46,6.90,67.03,No,
TRAMADOL,TACHYCARDIA,Cardiac,1115,1140.1,0.98,0.98,0.98,-0.131,Ordinary,Not in reference set,83.05,16.41,5.92,65.20,No,
METHOTREXATE,MYOCARDIAL INFARCTION,Cardiac,994,1012.4,0.98,0.98,0.98,-0.131,Ordinary,Not in reference set,85.41,17.30,6.24,66.50,No,
ATORVASTATIN,AMPUTATION,Procedural,596,594.3,1.00,1.00,1.00,-0.131,Ordinary,Not in reference set,82.89,17.28,5.54,66.44,No,
CELECOXIB,LACTIC ACIDOSIS,Metabolic,478,471.4,1.01,1.01,1.02,-0.131,Ordinary,Not in reference set,84.94,19.46,4.39,66.32,No,
CELECOXIB,CLOSTRIDIUM DIFFICILE COLITIS,Gastrointestinal,382,372.1,1.03,1.03,1.03,-0.131,Ordinary,Not in reference set,85.08,17.54,4.97,70.42,No,
CANAGLIFLOZIN,ABDOMINAL PAIN,Gastrointestinal,1083,1106.5,0.98,0.98,0.98,-0.131,Ordinary,Not in reference set,82.36,16.99,6.37,68.33,No,
CANAGLIFLOZIN,DEHYDRATION,Metabolic,638,638.2,1.00,1.00,1.00,-0.131,Ordinary,Not in reference set,81.82,18.34,6.27,65.99,No,
VARENICLINE,CARDIAC ARREST,Cardiac,280,267.5,1.05,1.05,1.05,-0.131,Ordinary,Not in reference set,84.29,18.93,2.86,66.79,No,
FEBUXOSTAT,CONSTIPATION,Gastrointestinal,779,786.2,0.99,0.99,0.99,-0.132,Ordinary,Not in reference set,81.51,15.66,5.78,69.70,No,
ALLOPURINOL,MUSCULAR WEAKNESS,Musculoskeletal,656,657.2,1.00,1.00,1.00,-0.132,Ordinary,Not in reference set,81.10,16.62,4.42,66.31,No,
TAMSULOSIN,AMPUTATION,Procedural,315,303.3,1.04,1.04,1.04,-0.132,Ordinary,Not in reference set,83.49,15.56,7.30,67.62,No,
VALPROATE,DEPRESSION,Psychiatric,1354,1394.0,0.97,0.97,0.97,-0.132,Ordinary,Not in reference set,81.83,16.77,5.17,66.32,No,
ONDANSETRON,HYPERTENSION,Vascular,1244,1277.3,0.97,0.97,0.97,-0.132,Ordinary,Not in reference set,82.72,18.41,6.43,68.81,No,
ONDANSETRON,AGGRESSION,Psychiatric,526,521.5,1.01,1.01,1.01,-0.132,Ordinary,Not in reference set,86.31,20.53,4.37,66.73,No,
VARENICLINE,DEHYDRATION,Metabolic,522,517.4,1.01,1.01,1.01,-0.132,Ordinary,Not in reference set,84.10,16.86,6.32,66.28,No,
AZITHROMYCIN,TORSADE DE POINTES,Cardiac,440,432.2,1.02,1.02,1.02,-0.132,Ordinary,Not in reference set,82.50,15.68,2.95,70.45,No,
ROSUVASTATIN,ANXIETY,Psychiatric,1471,1518.6,0.97,0.97,0.96,-0.132,Ordinary,Not in reference set,82.60,17.34,5.37,67.03,No,
WARFARIN,HYPOTENSION,Vascular,1277,1312.6,0.97,0.97,0.97,-0.132,Ordinary,Not in reference set,82.46,15.04,5.56,66.33,No,
ATORVASTATIN,NIGHTMARE,Psychiatric,1221,1253.4,0.97,0.97,0.97,-0.132,Ordinary,Not in reference set,82.72,19.16,4.59,68.30,No,
METHOTREXATE,NEUTROPENIA,Blood,581,579.1,1.00,1.00,1.00,-0.132,Ordinary,Not in reference set,84.51,18.59,4.99,68.50,No,
HYDROXYCHLOROQUINE,INSOMNIA,Psychiatric,1120,1146.6,0.98,0.98,0.97,-0.133,Ordinary,Not in reference set,81.52,14.73,6.79,66.70,No,
FEBUXOSTAT,RASH,Skin,1017,1037.7,0.98,0.98,0.98,-0.133,Ordinary,Not in reference set,84.07,17.90,6.59,66.67,No,
TAMSULOSIN,DEPRESSION,Psychiatric,1329,1368.4,0.97,0.97,0.97,-0.133,Ordinary,Not in reference set,82.69,16.10,6.17,66.44,No,
FEBUXOSTAT,LACTIC ACIDOSIS,Metabolic,392,382.8,1.02,1.03,1.03,-0.133,Ordinary,Not in reference set,82.14,20.15,6.38,64.03,No,
ADALIMUMAB,RASH,Skin,1242,1276.1,0.97,0.97,0.97,-0.133,Ordinary,Not in reference set,82.85,16.59,5.23,69.00,No,
MONTELUKAST,MYOCARDIAL INFARCTION,Cardiac,1464,1512.0,0.97,0.97,0.96,-0.133,Ordinary,Not in reference set,83.61,17.01,5.19,67.14,No,
APIXABAN,SUICIDAL IDEATION,Psychiatric,1145,1173.4,0.98,0.97,0.97,-0.133,Ordinary,Not in reference set,81.48,15.72,5.07,67.95,No,
TAMSULOSIN,ANAEMIA,Blood,801,810.1,0.99,0.99,0.99,-0.133,Ordinary,Not in reference set,84.77,19.23,4.49,66.79,No,
MONTELUKAST,TENDONITIS,Musculoskeletal,302,290.3,1.04,1.04,1.05,-0.133,Ordinary,Not in reference set,84.44,16.89,4.97,67.22,No,
IBUPROFEN,TENDON RUPTURE,Musculoskeletal,1242,1276.6,0.97,0.97,0.97,-0.133,Ordinary,Not in reference set,82.21,17.23,5.39,69.57,No,
ADALIMUMAB,WEIGHT DECREASED,Investigations,654,655.9,1.00,1.00,1.00,-0.133,Ordinary,Not in reference set,82.26,18.50,5.96,64.83,No,
METFORMIN,HYPERKALAEMIA,Metabolic,953,970.6,0.98,0.98,0.98,-0.133,Ordinary,Not in reference set,82.90,16.37,4.41,64.95,No,
ATORVASTATIN,FOETAL MALFORMATION,Congenital,770,777.7,0.99,0.99,0.99,-0.133,Ordinary,Not in reference set,81.56,18.83,4.29,66.75,No,
LEVOFLOXACIN,RESPIRATORY DEPRESSION,Respiratory,665,667.4,1.00,1.00,1.00,-0.133,Ordinary,Not in reference set,83.61,17.74,4.81,65.86,No,
CLOZAPINE,HEPATITIS,Hepatobiliary,378,368.5,1.03,1.03,1.03,-0.133,Ordinary,Not in reference set,84.39,21.43,5.56,67.99,No,
FUROSEMIDE,INSOMNIA,Psychiatric,1744,1811.0,0.96,0.96,0.96,-0.133,Ordinary,Not in reference set,83.83,15.77,5.10,66.80,No,
ESOMEPRAZOLE,HAEMORRHAGE,Vascular,925,941.1,0.98,0.98,0.98,-0.133,Ordinary,Not in reference set,84.32,17.19,5.30,66.92,No,
AMLODIPINE,MYOCARDITIS,Cardiac,562,559.7,1.00,1.00,1.00,-0.133,Ordinary,Not in reference set,87.19,19.22,4.45,67.08,No,
GABAPENTIN,HAEMORRHAGE,Vascular,1040,1062.7,0.98,0.98,0.98,-0.134,Ordinary,Not in reference set,82.79,15.77,5.87,65.87,No,
AMIODARONE,MYOCARDITIS,Cardiac,301,289.3,1.04,1.04,1.04,-0.134,Ordinary,Not in reference set,85.05,16.61,4.65,69.10,No,
FUROSEMIDE,DEHYDRATION,Metabolic,1004,1024.7,0.98,0.98,0.98,-0.134,Ordinary,Not in reference set,84.06,15.74,5.38,66.63,No,
IBUPROFEN,HYPERKALAEMIA,Metabolic,863,875.8,0.99,0.98,0.98,-0.134,Ordinary,Not in reference set,83.89,19.81,4.98,67.21,No,
VARENICLINE,TREMOR,Nervous system,531,527.5,1.01,1.01,1.01,-0.134,Ordinary,Not in reference set,83.80,18.64,4.71,67.61,No,
SERTRALINE,NEUTROPENIA,Blood,752,759.0,0.99,0.99,0.99,-0.134,Ordinary,Not in reference set,84.18,15.69,6.78,66.22,No,
CLOZAPINE,RHABDOMYOLYSIS,Musculoskeletal,607,606.9,1.00,1.00,1.00,-0.134,Ordinary,Not in reference set,83.36,17.13,4.12,69.52,No,
ROSUVASTATIN,PULMONARY FIBROSIS,Respiratory,605,604.8,1.00,1.00,1.00,-0.134,Ordinary,Not in reference set,84.13,16.53,5.45,70.25,No,
CLOPIDOGREL,CLOSTRIDIUM DIFFICILE COLITIS,Gastrointestinal,517,512.9,1.01,1.01,1.01,-0.134,Ordinary,Not in reference set,84.14,17.21,4.64,62.28,No,
DULOXETINE,PANCYTOPENIA,Blood,692,696.1,0.99,0.99,0.99,-0.134,Ordinary,Not in reference set,84.68,16.33,5.06,66.04,No,
VARENICLINE,NIGHTMARE,Psychiatric,518,514.1,1.01,1.01,1.01,-0.134,Ordinary,Not in reference set,82.24,16.80,5.60,65.83,No,
CLOZAPINE,FATIGUE,General,1409,1455.0,0.97,0.97,0.96,-0.134,Ordinary,Not in reference set,82.61,18.74,5.96,68.20,No,
PANTOPRAZOLE,DEHYDRATION,Metabolic,887,901.6,0.98,0.98,0.98,-0.134,Ordinary,Not in reference set,82.98,16.23,6.09,66.07,No,
HYDROXYCHLOROQUINE,PNEUMONIA,Infection,781,789.8,0.99,0.99,0.99,-0.134,Ordinary,Not in reference set,82.20,16.77,8.19,68.63,No,
IBUPROFEN,AORTIC ANEURYSM,Vascular,579,577.8,1.00,1.00,1.00,-0.134,Ordinary,Not in reference set,83.94,15.89,5.70,65.11,No,
PANTOPRAZOLE,HYPERTENSION,Vascular,1103,1130.2,0.98,0.97,0.97,-0.135,Ordinary,Not in reference set,83.77,17.50,5.62,68.36,No,
APIXABAN,TACHYCARDIA,Cardiac,960,978.8,0.98,0.98,0.98,-0.135,Ordinary,Not in reference set,83.44,16.98,4.58,65.94,No,
TAMSULOSIN,HYPOGLYCAEMIA,Metabolic,681,684.8,0.99,0.99,0.99,-0.135,Ordinary,Not in reference set,83.55,16.45,6.61,66.67,No,
PANTOPRAZOLE,AMPUTATION,Procedural,432,424.7,1.02,1.02,1.02,-0.135,Ordinary,Not in reference set,83.10,18.52,6.71,70.37,No,
IBUPROFEN,HYPOGLYCAEMIA,Metabolic,1181,1213.0,0.97,0.97,0.97,-0.135,Ordinary,Not in reference set,83.40,17.53,6.18,70.45,No,
ISOTRETINOIN,CLOSTRIDIUM DIFFICILE COLITIS,Gastrointestinal,305,293.7,1.04,1.04,1.04,-0.135,Ordinary,Not in reference set,83.28,21.31,6.56,64.92,No,
HYDROXYCHLOROQUINE,MYALGIA,Musculoskeletal,970,989.5,0.98,0.98,0.98,-0.135,Ordinary,Not in reference set,83.51,16.60,6.91,67.01,No,
CIPROFLOXACIN,AGGRESSION,Psychiatric,466,460.2,1.01,1.01,1.01,-0.135,Ordinary,Not in reference set,85.84,17.60,6.44,67.17,No,
LEVOFLOXACIN,WEIGHT DECREASED,Investigations,893,908.3,0.98,0.98,0.98,-0.135,Ordinary,Not in reference set,82.31,18.59,6.16,67.19,No,
TAMSULOSIN,ATRIAL FIBRILLATION,Cardiac,630,631.5,1.00,1.00,1.00,-0.135,Ordinary,Not in reference set,83.02,17.62,6.19,68.57,No,
PANTOPRAZOLE,URTICARIA,Skin,1108,1136.0,0.98,0.97,0.97,-0.135,Ordinary,Not in reference set,82.94,17.60,6.05,68.14,No,
METHOTREXATE,ACUTE KIDNEY INJURY,Renal,836,848.3,0.99,0.98,0.98,-0.135,Ordinary,Not in reference set,84.21,14.11,5.50,70.33,No,
PREDNISONE,HYPERKALAEMIA,Metabolic,773,781.9,0.99,0.99,0.99,-0.135,Ordinary,Not in reference set,86.55,18.37,6.34,69.73,No,
FEBUXOSTAT,FOETAL MALFORMATION,Congenital,335,324.6,1.03,1.03,1.03,-0.135,Ordinary,Not in reference set,82.09,17.01,5.97,60.30,No,
METFORMIN,HYPOGLYCAEMIA,Metabolic,1304,1344.4,0.97,0.97,0.97,-0.135,Ordinary,Not in reference set,82.59,16.64,5.21,69.17,No,
APIXABAN,MALAISE,General,945,963.5,0.98,0.98,0.98,-0.135,Ordinary,Not in reference set,84.02,18.94,5.29,66.24,No,
INSULIN GLARGINE,MALAISE,General,946,964.7,0.98,0.98,0.98,-0.136,Ordinary,Not in reference set,84.57,18.08,5.50,67.44,No,
CIPROFLOXACIN,MUSCULAR WEAKNESS,Musculoskeletal,887,902.3,0.98,0.98,0.98,-0.136,Ordinary,Not in reference set,82.64,16.80,5.41,67.53,No,
CANAGLIFLOZIN,RESPIRATORY DEPRESSION,Respiratory,480,475.0,1.01,1.01,1.01,-0.136,Ordinary,Not in reference set,82.08,16.88,5.83,65.63,No,
LEVOTHYROXINE,ALOPECIA,Skin,1332,1374.4,0.97,0.97,0.96,-0.136,Ordinary,Not in reference set,84.08,16.22,5.11,67.64,No,
HYDROXYCHLOROQUINE,BRADYCARDIA,Cardiac,341,330.9,1.03,1.03,1.03,-0.136,Ordinary,Not in reference set,82.11,16.72,4.40,68.91,No,
SERTRALINE,SOMNOLENCE,Nervous system,1268,1306.4,0.97,0.97,0.97,-0.136,Ordinary,Not in reference set,83.28,16.96,4.50,65.93,No,
TAMSULOSIN,HYPONATRAEMIA,Metabolic,620,621.3,1.00,1.00,1.00,-0.136,Ordinary,Not in reference set,84.03,17.90,6.77,65.16,No,
LEVOFLOXACIN,ACUTE KIDNEY INJURY,Renal,963,983.1,0.98,0.98,0.98,-0.136,Ordinary,Not in reference set,82.35,17.65,6.23,67.71,No,
SITAGLIPTIN,PNEUMONIA,Infection,775,784.4,0.99,0.99,0.99,-0.136,Ordinary,Not in reference set,83.48,16.52,4.65,66.58,No,
PREDNISONE,TORSADE DE POINTES,Cardiac,494,489.8,1.01,1.01,1.01,-0.136,Ordinary,Not in reference set,82.79,13.77,3.04,64.57,No,
VALPROATE,HYPOTENSION,Vascular,834,846.8,0.98,0.98,0.98,-0.136,Ordinary,Not in reference set,83.81,17.15,5.52,69.30,No,
AMIODARONE,TREMOR,Nervous system,656,659.4,0.99,0.99,0.99,-0.136,Ordinary,Not in reference set,82.93,17.07,5.64,67.38,No,
CLOZAPINE,ATRIAL FIBRILLATION,Cardiac,638,640.5,1.00,1.00,1.00,-0.136,Ordinary,Not in reference set,81.82,16.93,5.80,64.73,No,
SERTRALINE,PANCREATITIS,Gastrointestinal,748,756.2,0.99,0.99,0.99,-0.137,Ordinary,Not in reference set,83.29,18.72,5.88,65.78,No,
SERTRALINE,LACTIC ACIDOSIS,Metabolic,730,737.3,0.99,0.99,0.99,-0.137,Ordinary,Not in reference set,83.01,17.95,6.44,64.52,No,
AZITHROMYCIN,AMPUTATION,Procedural,430,423.3,1.02,1.02,1.02,-0.137,Ordinary,Not in reference set,81.63,13.72,5.81,67.44,No,
CLOPIDOGREL,AMPUTATION,Procedural,428,421.2,1.02,1.02,1.02,-0.137,Ordinary,Not in reference set,82.01,17.52,6.78,71.26,No,
TAMSULOSIN,PRURITUS,Skin,1076,1103.2,0.98,0.97,0.97,-0.137,Ordinary,Not in reference set,83.74,17.10,4.83,66.26,No,
DULOXETINE,ALOPECIA,Skin,766,775.3,0.99,0.99,0.99,-0.137,Ordinary,Not in reference set,83.29,15.14,6.14,67.62,No,
DULOXETINE,DYSPNOEA,Respiratory,1315,1357.6,0.97,0.97,0.96,-0.137,Ordinary,Not in reference set,84.33,17.11,5.17,67.91,No,
TRAMADOL,ATRIAL FIBRILLATION,Cardiac,866,881.0,0.98,0.98,0.98,-0.137,Ordinary,Not in reference set,82.33,15.94,4.97,66.86,No,
METFORMIN,MYOCARDITIS,Cardiac,566,565.3,1.00,1.00,1.00,-0.137,Ordinary,Not in reference set,81.27,15.72,5.12,69.26,No,
HYDROXYCHLOROQUINE,CARDIAC ARREST,Cardiac,345,335.4,1.03,1.03,1.03,-0.137,Ordinary,Not in reference set,85.51,17.97,8.12,71.30,No,
LEVOTHYROXINE,RESPIRATORY DEPRESSION,Respiratory,1005,1028.3,0.98,0.97,0.97,-0.137,Ordinary,Not in reference set,83.48,17.81,5.87,65.67,No,
TRAMADOL,HAEMORRHAGE,Vascular,923,941.5,0.98,0.98,0.98,-0.137,Ordinary,Not in reference set,79.85,16.25,4.44,64.68,No,
TAMSULOSIN,PARAESTHESIA,Nervous system,655,658.7,0.99,0.99,0.99,-0.137,Ordinary,Not in reference set,82.60,15.57,6.41,68.09,No,
FUROSEMIDE,THROMBOCYTOPENIA,Blood,756,765.1,0.99,0.99,0.99,-0.137,Ordinary,Not in reference set,83.07,16.80,5.03,70.77,No,
LEVOTHYROXINE,HEPATITIS,Hepatobiliary,770,779.9,0.99,0.99,0.99,-0.137,Ordinary,Not in reference set,84.16,16.23,5.32,65.45,No,
ISOTRETINOIN,PNEUMONIA,Infection,621,623.1,1.00,1.00,1.00,-0.138,Ordinary,Not in reference set,83.41,16.59,5.15,66.99,No,
SERTRALINE,STEVENS-JOHNSON SYNDROME,Skin,480,475.6,1.01,1.01,1.01,-0.138,Ordinary,Not in reference set,83.54,16.88,4.79,66.67,No,
PANTOPRAZOLE,PHOTOSENSITIVITY REACTION,Skin,466,461.0,1.01,1.01,1.01,-0.138,Ordinary,Not in reference set,82.83,15.45,5.15,68.24,No,
VARENICLINE,FOETAL MALFORMATION,Congenital,329,319.0,1.03,1.03,1.03,-0.138,Ordinary,Not in reference set,84.80,17.63,7.60,67.17,No,
SERTRALINE,HYPERKALAEMIA,Metabolic,769,779.0,0.99,0.99,0.99,-0.138,Ordinary,Not in reference set,82.96,18.47,4.16,68.40,No,
LISINOPRIL,MALAISE,General,1522,1579.2,0.96,0.96,0.96,-0.138,Ordinary,Not in reference set,84.03,17.61,6.50,65.90,No,
ISOTRETINOIN,DRUG INEFFECTIVE,General,992,1015.0,0.98,0.98,0.97,-0.138,Ordinary,Not in reference set,82.46,17.34,5.75,67.64,No,
MONTELUKAST,HAEMORRHAGE,Vascular,1177,1211.6,0.97,0.97,0.97,-0.138,Ordinary,Not in reference set,83.01,16.23,5.18,67.97,No,
ONDANSETRON,SUICIDAL IDEATION,Psychiatric,1495,1550.6,0.96,0.96,0.96,-0.138,Ordinary,Not in reference set,82.07,15.25,5.48,68.49,No,
ESOMEPRAZOLE,OFF LABEL USE,General,1101,1130.9,0.97,0.97,0.97,-0.138,Ordinary,Not in reference set,83.47,15.99,6.90,68.21,No,
TAMSULOSIN,ARTHRALGIA,Musculoskeletal,1098,1127.7,0.97,0.97,0.97,-0.138,Ordinary,Not in reference set,83.24,16.30,4.83,68.40,No,
SERTRALINE,ACUTE KIDNEY INJURY,Renal,1083,1111.8,0.97,0.97,0.97,-0.138,Ordinary,Not in reference set,84.03,17.82,5.36,68.33,No,
ESOMEPRAZOLE,DIABETIC KETOACIDOSIS,Metabolic,774,784.6,0.99,0.99,0.99,-0.138,Ordinary,Not in reference set,83.72,18.09,5.04,68.73,No,
ROSUVASTATIN,CONSTIPATION,Gastrointestinal,1462,1515.6,0.96,0.96,0.96,-0.138,Ordinary,Not in reference set,81.74,17.03,6.22,68.60,No,
AMLODIPINE,AORTIC ANEURYSM,Vascular,631,634.0,1.00,0.99,0.99,-0.138,Ordinary,Not in reference set,82.88,18.07,5.07,65.77,No,
AZITHROMYCIN,SEROTONIN SYNDROME,Nervous system,512,509.3,1.01,1.01,1.01,-0.138,Ordinary,Not in reference set,81.25,18.55,4.88,66.80,No,
ESOMEPRAZOLE,COUGH,Respiratory,1289,1331.3,0.97,0.97,0.96,-0.139,Ordinary,Not in reference set,84.56,17.92,5.51,66.10,No,
CLOPIDOGREL,TORSADE DE POINTES,Cardiac,436,430.1,1.01,1.01,1.02,-0.139,Ordinary,Not in reference set,79.82,10.32,5.73,67.20,No,
APIXABAN,ATRIAL FIBRILLATION,Cardiac,747,756.3,0.99,0.99,0.99,-0.139,Ordinary,Not in reference set,83.67,18.07,8.03,63.86,No,
ROSUVASTATIN,STEVENS-JOHNSON SYNDROME,Skin,480,476.0,1.01,1.01,1.01,-0.139,Ordinary,Not in reference set,82.29,16.46,4.38,63.75,No,
AMIODARONE,ACUTE KIDNEY INJURY,Renal,702,709.0,0.99,0.99,0.99,-0.139,Ordinary,Not in reference set,81.62,17.38,5.27,66.24,No,
CANAGLIFLOZIN,OFF LABEL USE,General,792,804.0,0.99,0.98,0.98,-0.139,Ordinary,Not in reference set,83.46,17.05,6.19,67.68,No,
IBUPROFEN,HALLUCINATION,Psychiatric,587,588.1,1.00,1.00,1.00,-0.139,Ordinary,Not in reference set,82.28,16.52,4.26,70.70,No,
APIXABAN,ANAEMIA,Blood,949,970.3,0.98,0.98,0.98,-0.139,Ordinary,Not in reference set,83.56,19.28,6.22,66.28,No,
CELECOXIB,ARTHRALGIA,Musculoskeletal,1105,1136.1,0.97,0.97,0.97,-0.139,Ordinary,Not in reference set,83.62,15.29,5.70,67.15,No,
MONTELUKAST,HEPATITIS,Hepatobiliary,648,652.3,0.99,0.99,0.99,-0.139,Ordinary,Not in reference set,81.33,17.90,5.71,68.83,No,
ESOMEPRAZOLE,STEVENS-JOHNSON SYNDROME,Skin,427,421.0,1.01,1.02,1.02,-0.139,Ordinary,Not in reference set,80.33,18.97,5.85,66.98,No,
PANTOPRAZOLE,MYOCARDITIS,Cardiac,410,403.3,1.02,1.02,1.02,-0.139,Ordinary,Not in reference set,83.90,16.83,3.17,68.78,No,
HYDROXYCHLOROQUINE,PHOTOSENSITIVITY REACTION,Skin,341,331.8,1.03,1.03,1.03,-0.139,Ordinary,Not in reference set,83.87,16.72,4.99,66.28,No,
AZITHROMYCIN,DEHYDRATION,Metabolic,881,898.4,0.98,0.98,0.98,-0.139,Ordinary,Not in reference set,82.18,16.69,4.43,68.79,No,
APIXABAN,HEPATIC FAILURE,Hepatobiliary,399,391.9,1.02,1.02,1.02,-0.139,Ordinary,Not in reference set,81.95,17.54,5.76,64.66,No,
GABAPENTIN,ARTHRALGIA,Musculoskeletal,1704,1775.8,0.96,0.96,0.95,-0.140,Ordinary,Not in reference set,84.15,17.19,5.11,66.84,No,
CANAGLIFLOZIN,SEROTONIN SYNDROME,Nervous system,370,361.8,1.02,1.02,1.02,-0.140,Ordinary,Not in reference set,80.54,17.30,7.03,67.57,No,
ADALIMUMAB,PRURITUS,Skin,1080,1109.8,0.97,0.97,0.97,-0.140,Ordinary,Not in reference set,83.80,17.59,4.26,65.93,No,
LEVOFLOXACIN,TORSADE DE POINTES,Cardiac,437,431.5,1.01,1.01,1.01,-0.140,Ordinary,Not in reference set,80.55,14.87,6.41,67.05,No,
MONTELUKAST,VOMITING,Gastrointestinal,2197,2305.2,0.95,0.95,0.95,-0.140,Ordinary,Not in reference set,82.25,18.34,4.87,68.78,No,
AMIODARONE,ANAEMIA,Blood,801,814.0,0.98,0.98,0.98,-0.140,Ordinary,Not in reference set,84.14,17.35,4.99,68.54,No,
INSULIN GLARGINE,PANCYTOPENIA,Blood,683,689.4,0.99,0.99,0.99,-0.140,Ordinary,Not in reference set,81.11,17.57,4.83,66.47,No,
ESOMEPRAZOLE,CLOSTRIDIUM DIFFICILE COLITIS,Gastrointestinal,517,515.0,1.00,1.00,1.00,-0.140,Ordinary,Not in reference set,81.82,12.77,5.61,66.15,No,
PREDNISONE,PANCYTOPENIA,Blood,891,909.3,0.98,0.98,0.98,-0.140,Ordinary,Not in reference set,83.05,15.94,7.18,66.89,No,
CANAGLIFLOZIN,COUGH,Respiratory,926,946.5,0.98,0.98,0.98,-0.140,Ordinary,Not in reference set,81.86,17.17,5.29,70.52,No,
ATORVASTATIN,HALLUCINATION,Psychiatric,646,650.5,0.99,0.99,0.99,-0.140,Ordinary,Not in reference set,80.65,19.04,5.73,69.04,No,
ROSUVASTATIN,DIZZINESS,Nervous system,1927,2015.7,0.96,0.95,0.95,-0.140,Ordinary,Not in reference set,84.69,18.27,5.92,67.83,No,
CIPROFLOXACIN,SUICIDAL IDEATION,Psychiatric,1322,1368.2,0.97,0.96,0.96,-0.140,Ordinary,Not in reference set,83.13,17.70,5.37,67.17,No,
ALLOPURINOL,GASTROINTESTINAL HAEMORRHAGE,Gastrointestinal,962,984.9,0.98,0.98,0.97,-0.140,Ordinary,Not in reference set,84.41,17.46,5.82,67.15,No,
LEVOFLOXACIN,DEHYDRATION,Metabolic,879,896.9,0.98,0.98,0.98,-0.140,Ordinary,Not in reference set,83.85,17.41,6.48,65.98,No,
SITAGLIPTIN,HYPOGLYCAEMIA,Metabolic,679,685.4,0.99,0.99,0.99,-0.140,Ordinary,Not in reference set,83.36,18.26,6.48,65.68,No,
PREDNISONE,AMPUTATION,Procedural,483,479.7,1.01,1.01,1.01,-0.140,Ordinary,Not in reference set,81.16,18.84,5.80,68.32,No,
LEVOFLOXACIN,CONGENITAL ANOMALY,Congenital,233,221.0,1.05,1.06,1.06,-0.140,Ordinary,Not in reference set,84.55,20.60,5.15,69.53,No,
ONDANSETRON,MALAISE,General,1233,1273.3,0.97,0.97,0.96,-0.140,Ordinary,Not in reference set,82.64,16.30,5.68,65.86,No,
TRAMADOL,URTICARIA,Skin,1100,1131.6,0.97,0.97,0.97,-0.140,Ordinary,Not in reference set,83.27,17.82,6.00,65.64,No,
AZITHROMYCIN,MEMORY IMPAIRMENT,Nervous system,682,688.6,0.99,0.99,0.99,-0.140,Ordinary,Not in reference set,82.99,12.90,4.69,69.06,No,
AZITHROMYCIN,AGGRESSION,Psychiatric,464,459.9,1.01,1.01,1.01,-0.140,Ordinary,Not in reference set,82.76,18.97,3.88,68.10,No,
ISOTRETINOIN,HEADACHE,Nervous system,1096,1127.4,0.97,0.97,0.97,-0.141,Ordinary,Not in reference set,81.57,17.97,5.84,64.87,No,
MONTELUKAST,TENDON RUPTURE,Musculoskeletal,1252,1293.9,0.97,0.96,0.96,-0.141,Ordinary,Not in reference set,83.71,18.13,5.03,68.05,No,
CELECOXIB,MUSCULAR WEAKNESS,Musculoskeletal,646,650.9,0.99,0.99,0.99,-0.141,Ordinary,Not in reference set,83.44,16.25,5.42,67.34,No,
HYDROXYCHLOROQUINE,PANCYTOPENIA,Blood,578,579.4,1.00,1.00,1.00,-0.141,Ordinary,Not in reference set,80.62,13.32,5.54,68.17,No,
CLOPIDOGREL,HALLUCINATION,Psychiatric,465,461.0,1.01,1.01,1.01,-0.141,Ordinary,Not in reference set,84.52,15.70,7.10,68.39,No,
HYDROXYCHLOROQUINE,PRURITUS,Skin,1081,1111.8,0.97,0.97,0.97,-0.141,Ordinary,Not in reference set,83.81,18.32,5.92,67.16,No,
DULOXETINE,URTICARIA,Skin,959,982.1,0.98,0.97,0.97,-0.141,Ordinary,Not in reference set,81.86,16.16,5.74,65.28,No,
PREDNISONE,DIABETIC KETOACIDOSIS,Metabolic,872,889.8,0.98,0.98,0.98,-0.141,Ordinary,Not in reference set,84.17,19.04,5.50,68.00,No,
TRAMADOL,RHABDOMYOLYSIS,Musculoskeletal,820,834.7,0.98,0.98,0.98,-0.141,Ordinary,Not in reference set,82.20,16.83,5.24,68.54,No,
PANTOPRAZOLE,RHABDOMYOLYSIS,Musculoskeletal,823,837.9,0.98,0.98,0.98,-0.141,Ordinary,Not in reference set,82.02,18.96,6.56,67.44,No,
WARFARIN,RESPIRATORY DEPRESSION,Respiratory,746,756.5,0.99,0.98,0.98,-0.141,Ordinary,Not in reference set,82.57,16.09,5.36,68.63,No,
ALBUTEROL,MYOCARDITIS,Cardiac,463,459.0,1.01,1.01,1.01,-0.141,Ordinary,Not in reference set,81.43,16.20,4.97,67.17,No,
ONDANSETRON,CONFUSIONAL STATE,Psychiatric,996,1021.5,0.98,0.97,0.97,-0.141,Ordinary,Not in reference set,84.34,19.78,5.92,66.37,No,
LEVOTHYROXINE,PARAESTHESIA,Nervous system,1364,1413.9,0.96,0.96,0.96,-0.141,Ordinary,Not in reference set,81.38,15.84,4.91,67.38,No,
ISOTRETINOIN,MEMORY IMPAIRMENT,Nervous system,399,392.4,1.02,1.02,1.02,-0.141,Ordinary,Not in reference set,79.95,18.80,6.52,65.91,No,
CELECOXIB,TENDON RUPTURE,Musculoskeletal,717,726.0,0.99,0.99,0.99,-0.141,Ordinary,Not in reference set,83.40,17.02,4.74,69.60,No,
HYDROXYCHLOROQUINE,MUSCULAR WEAKNESS,Musculoskeletal,646,651.1,0.99,0.99,0.99,-0.141,Ordinary,Not in reference set,82.04,17.03,5.73,67.18,No,
GABAPENTIN,CARDIAC ARREST,Cardiac,525,524.0,1.00,1.00,1.00,-0.142,Ordinary,Not in reference set,84.76,16.95,6.48,68.57,No,
INSULIN GLARGINE,MYALGIA,Musculoskeletal,1142,1177.4,0.97,0.97,0.97,-0.142,Ordinary,Not in reference set,84.68,15.50,6.22,64.45,No,
ADALIMUMAB,HEPATITIS,Hepatobiliary,373,365.5,1.02,1.02,1.02,-0.142,Ordinary,Not in reference set,84.18,18.23,5.63,64.88,No,
LISINOPRIL,HYPOTENSION,Vascular,1567,1631.8,0.96,0.96,0.95,-0.142,Ordinary,Not in reference set,81.75,17.42,6.00,67.39,No,
GABAPENTIN,ALOPECIA,Skin,983,1008.3,0.97,0.97,0.97,-0.142,Ordinary,Not in reference set,84.84,17.90,4.98,66.63,No,
ALBUTEROL,MEMORY IMPAIRMENT,Nervous system,774,786.6,0.98,0.98,0.98,-0.142,Ordinary,Not in reference set,85.27,18.09,5.56,65.63,No,
IBUPROFEN,DEHYDRATION,Metabolic,1107,1140.4,0.97,0.97,0.97,-0.142,Ordinary,Not in reference set,82.57,17.80,4.70,68.74,No,
SERTRALINE,CONFUSIONAL STATE,Psychiatric,991,1016.8,0.97,0.97,0.97,-0.142,Ordinary,Not in reference set,84.56,16.95,5.05,71.04,No,
METHOTREXATE,FOETAL MALFORMATION,Congenital,480,477.1,1.01,1.01,1.01,-0.142,Ordinary,Not in reference set,84.58,19.58,4.79,69.79,No,
LISINOPRIL,PHOTOSENSITIVITY REACTION,Skin,641,646.2,0.99,0.99,0.99,-0.142,Ordinary,Not in reference set,83.62,18.10,3.74,66.30,No,
LEVOFLOXACIN,PYREXIA,General,1310,1357.3,0.97,0.96,0.96,-0.142,Ordinary,Not in reference set,82.75,17.48,6.18,67.18,No,
VALPROATE,RHABDOMYOLYSIS,Musculoskeletal,606,609.5,0.99,0.99,0.99,-0.142,Ordinary,Not in reference set,80.86,18.32,6.27,67.99,No,
ROSUVASTATIN,SEIZURE,Nervous system,763,775.3,0.98,0.98,0.98,-0.143,Ordinary,Not in reference set,84.53,18.09,3.67,66.97,No,
WARFARIN,CARDIAC ARREST,Cardiac,526,525.5,1.00,1.00,1.00,-0.143,Ordinary,Not in reference set,83.84,16.92,6.65,67.68,No,
HYDROXYCHLOROQUINE,PULMONARY FIBROSIS,Respiratory,393,386.5,1.02,1.02,1.02,-0.143,Ordinary,Not in reference set,80.66,16.54,3.82,66.67,No,
INSULIN GLARGINE,HAEMORRHAGE,Vascular,795,809.2,0.98,0.98,0.98,-0.143,Ordinary,Not in reference set,84.15,18.49,4.03,69.81,No,
GABAPENTIN,HYPERKALAEMIA,Metabolic,766,778.5,0.98,0.98,0.98,-0.143,Ordinary,Not in reference set,81.07,16.58,4.96,69.19,No,
METHOTREXATE,PANCREATITIS,Gastrointestinal,575,577.0,1.00,1.00,1.00,-0.143,Ordinary,Not in reference set,79.83,17.57,5.22,67.65,No,
LEVOTHYROXINE,SOMNOLENCE,Nervous system,1704,1779.8,0.96,0.95,0.95,-0.143,Ordinary,Not in reference set,83.39,17.08,5.28,66.08,No,
LISINOPRIL,TREMOR,Nervous system,1245,1288.3,0.97,0.96,0.96,-0.143,Ordinary,Not in reference set,84.74,19.20,7.15,67.55,No,
CLOZAPINE,CONSTIPATION,Gastrointestinal,951,974.8,0.98,0.97,0.97,-0.143,Ordinary,Not in reference set,82.12,17.77,5.78,66.77,No,
WARFARIN,AGGRESSION,Psychiatric,521,520.3,1.00,1.00,1.00,-0.143,Ordinary,Not in reference set,81.57,15.93,6.14,64.88,No,
LEVOFLOXACIN,MALAISE,General,1088,1120.8,0.97,0.97,0.97,-0.143,Ordinary,Not in reference set,83.82,17.56,5.70,63.69,No,
METHOTREXATE,ANGIOEDEMA,Skin,592,595.0,1.00,0.99,0.99,-0.143,Ordinary,Not in reference set,83.61,17.06,5.24,64.53,No,
CELECOXIB,MALAISE,General,796,810.5,0.98,0.98,0.98,-0.143,Ordinary,Not in reference set,84.55,17.09,6.16,65.83,No,
CANAGLIFLOZIN,MYOCARDIAL INFARCTION,Cardiac,819,834.9,0.98,0.98,0.98,-0.143,Ordinary,Not in reference set,83.15,17.83,6.23,66.79,No,
ALBUTEROL,LACTIC ACIDOSIS,Metabolic,735,745.9,0.99,0.98,0.98,-0.143,Ordinary,Not in reference set,82.86,15.78,6.12,62.86,No,
CLOPIDOGREL,TACHYCARDIA,Cardiac,1101,1134.9,0.97,0.97,0.97,-0.143,Ordinary,Not in reference set,82.47,16.17,4.18,66.58,No,
AMIODARONE,OFF LABEL USE,General,800,814.8,0.98,0.98,0.98,-0.143,Ordinary,Not in reference set,84.00,16.75,5.75,65.38,No,
METFORMIN,PANCREATITIS,Gastrointestinal,920,942.3,0.98,0.97,0.97,-0.143,Ordinary,Not in reference set,81.09,14.57,6.20,67.39,No,
ESOMEPRAZOLE,ANAEMIA,Blood,1096,1129.7,0.97,0.97,0.97,-0.143,Ordinary,Not in reference set,81.48,16.06,5.38,66.61,No,
DULOXETINE,SOMNOLENCE,Nervous system,978,1004.0,0.97,0.97,0.97,-0.143,Ordinary,Not in reference set,83.23,16.87,5.32,65.03,No,
CLOZAPINE,MYOCARDIAL INFARCTION,Cardiac,837,854.2,0.98,0.98,0.98,-0.143,Ordinary,Not in reference set,83.27,18.16,5.62,67.14,No,
CANAGLIFLOZIN,HYPERTENSION,Vascular,786,800.1,0.98,0.98,0.98,-0.143,Ordinary,Not in reference set,83.08,16.41,5.60,67.56,No,
AMIODARONE,DEHYDRATION,Metabolic,641,646.8,0.99,0.99,0.99,-0.143,Ordinary,Not in reference set,81.90,18.72,3.90,65.68,No,
ALBUTEROL,PHOTOSENSITIVITY REACTION,Skin,525,524.7,1.00,1.00,1.00,-0.143,Ordinary,Not in reference set,83.81,14.67,4.95,67.24,No,
LISINOPRIL,ALOPECIA,Skin,1215,1256.8,0.97,0.96,0.96,-0.144,Ordinary,Not in reference set,83.13,15.97,4.36,66.42,No,
CELECOXIB,DIABETIC KETOACIDOSIS,Metabolic,565,566.8,1.00,1.00,1.00,-0.144,Ordinary,Not in reference set,79.12,18.23,5.66,67.79,No,
FUROSEMIDE,BRADYCARDIA,Cardiac,523,522.7,1.00,1.00,1.00,-0.144,Ordinary,Not in reference set,80.11,16.83,4.97,67.88,No,
GABAPENTIN,DRUG INEFFECTIVE,General,1917,2010.1,0.95,0.95,0.95,-0.144,Ordinary,Not in reference set,83.67,16.69,5.53,66.15,No,
CIPROFLOXACIN,CONGENITAL ANOMALY,Congenital,233,221.5,1.05,1.06,1.06,-0.144,Ordinary,Not in reference set,88.41,19.31,5.15,70.39,No,
SERTRALINE,ANXIETY,Psychiatric,1458,1517.2,0.96,0.96,0.96,-0.144,Ordinary,Not in reference set,82.10,17.01,5.83,67.15,No,
CIPROFLOXACIN,MYOCARDIAL INFARCTION,Cardiac,1139,1176.1,0.97,0.97,0.96,-0.144,Ordinary,Not in reference set,83.32,17.91,5.09,65.06,No,
ALLOPURINOL,ACUTE KIDNEY INJURY,Renal,708,717.8,0.99,0.99,0.99,-0.144,Ordinary,Not in reference set,82.20,15.96,5.79,69.35,No,
ADALIMUMAB,CONFUSIONAL STATE,Psychiatric,643,649.2,0.99,0.99,0.99,-0.144,Ordinary,Not in reference set,83.36,17.88,3.73,66.41,No,
APIXABAN,ABDOMINAL PAIN,Gastrointestinal,1289,1336.7,0.96,0.96,0.96,-0.144,Ordinary,Not in reference set,82.93,18.70,6.28,66.87,No,
CLOPIDOGREL,OFF LABEL USE,General,1092,1126.2,0.97,0.97,0.97,-0.144,Ordinary,Not in reference set,84.89,17.03,6.23,67.77,No,
SITAGLIPTIN,CONSTIPATION,Gastrointestinal,938,962.0,0.98,0.97,0.97,-0.144,Ordinary,Not in reference set,82.09,17.80,6.50,66.74,No,
ALLOPURINOL,TACHYCARDIA,Cardiac,815,831.4,0.98,0.98,0.98,-0.144,Ordinary,Not in reference set,83.93,18.04,6.01,66.87,No,
ONDANSETRON,SEROTONIN SYNDROME,Nervous system,575,577.6,1.00,1.00,0.99,-0.144,Ordinary,Not in reference set,84.35,16.87,4.35,69.22,No,
WARFARIN,NIGHTMARE,Psychiatric,983,1010.0,0.97,0.97,0.97,-0.144,Ordinary,Not in reference set,83.11,16.28,5.60,68.57,No,
ESOMEPRAZOLE,HYPONATRAEMIA,Metabolic,848,866.4,0.98,0.98,0.98,-0.144,Ordinary,Not in reference set,80.07,18.28,7.19,67.81,No,
SITAGLIPTIN,HYPONATRAEMIA,Metabolic,617,621.9,0.99,0.99,0.99,-0.144,Ordinary,Not in reference set,80.23,14.26,5.19,66.45,No,
HYDROXYCHLOROQUINE,RHABDOMYOLYSIS,Musculoskeletal,599,603.0,0.99,0.99,0.99,-0.144,Ordinary,Not in reference set,85.81,20.70,5.18,64.94,No,
CANAGLIFLOZIN,TORSADE DE POINTES,Cardiac,316,307.1,1.03,1.03,1.03,-0.145,Ordinary,Not in reference set,82.28,17.72,4.75,65.51,No,
CLOPIDOGREL,PRURITUS,Skin,1471,1532.0,0.96,0.96,0.95,-0.145,Ordinary,Not in reference set,83.14,16.72,4.76,66.76,No,
MONTELUKAST,PULMONARY FIBROSIS,Respiratory,680,688.5,0.99,0.99,0.99,-0.145,Ordinary,Not in reference set,82.79,17.65,4.56,66.47,No,
LEVOFLOXACIN,HYPONATRAEMIA,Metabolic,847,865.6,0.98,0.98,0.98,-0.145,Ordinary,Not in reference set,84.30,18.89,5.67,67.65,No,
IBUPROFEN,RESPIRATORY DEPRESSION,Respiratory,831,848.6,0.98,0.98,0.98,-0.145,Ordinary,Not in reference set,82.43,16.37,4.93,66.67,No,
CANAGLIFLOZIN,WEIGHT DECREASED,Investigations,640,646.4,0.99,0.99,0.99,-0.145,Ordinary,Not in reference set,80.63,15.94,4.69,65.31,No,
SITAGLIPTIN,RHABDOMYOLYSIS,Musculoskeletal,595,598.9,0.99,0.99,0.99,-0.145,Ordinary,Not in reference set,82.69,19.83,5.38,63.87,No,
OMEPRAZOLE,FATIGUE,General,2406,2539.0,0.95,0.94,0.94,-0.145,Ordinary,Not in reference set,83.83,17.91,5.74,66.46,No,
ONDANSETRON,DEHYDRATION,Metabolic,991,1018.9,0.97,0.97,0.97,-0.145,Ordinary,Not in reference set,82.64,17.26,5.65,67.71,No,
ADALIMUMAB,DIARRHOEA,Gastrointestinal,1231,1275.3,0.97,0.96,0.96,-0.145,Ordinary,Not in reference set,82.86,16.65,5.44,67.59,No,
ADALIMUMAB,LACTIC ACIDOSIS,Metabolic,473,470.8,1.00,1.01,1.01,-0.145,Ordinary,Not in reference set,83.30,16.91,6.34,64.27,No,
OMEPRAZOLE,AGGRESSION,Psychiatric,580,583.2,0.99,0.99,0.99,-0.145,Ordinary,Not in reference set,84.48,16.38,5.17,66.55,No,
ISOTRETINOIN,NEUTROPENIA,Blood,389,383.0,1.02,1.02,1.02,-0.145,Ordinary,Not in reference set,79.95,14.91,6.43,65.55,No,
MONTELUKAST,NEUTROPENIA,Blood,846,864.9,0.98,0.98,0.98,-0.145,Ordinary,Not in reference set,84.40,17.49,6.15,66.08,No,
ISOTRETINOIN,DYSPNOEA,Respiratory,871,891.5,0.98,0.98,0.97,-0.145,Ordinary,Not in reference set,84.39,18.94,5.74,69.23,No,
ISOTRETINOIN,PYREXIA,General,761,774.7,0.98,0.98,0.98,-0.145,Ordinary,Not in reference set,82.65,18.00,6.44,67.15,No,
IBUPROFEN,BACK PAIN,Musculoskeletal,1378,1433.1,0.96,0.96,0.96,-0.146,Ordinary,Not in reference set,82.87,17.42,5.30,65.67,No,
CLOZAPINE,PNEUMONIA,Infection,780,794.9,0.98,0.98,0.98,-0.146,Ordinary,Not in reference set,81.67,18.21,4.74,70.00,No,
DULOXETINE,CARDIAC ARREST,Cardiac,408,402.9,1.01,1.01,1.01,-0.146,Ordinary,Not in reference set,81.37,17.89,4.90,62.50,No,
VALPROATE,ABDOMINAL PAIN,Gastrointestinal,1101,1136.9,0.97,0.97,0.96,-0.146,Ordinary,Not in reference set,82.47,15.80,5.00,67.12,No,
AMLODIPINE,AGGRESSION,Psychiatric,634,640.5,0.99,0.99,0.99,-0.146,Ordinary,Not in reference set,82.02,17.82,5.36,67.67,No,
CIPROFLOXACIN,MEMORY IMPAIRMENT,Nervous system,680,689.1,0.99,0.99,0.99,-0.146,Ordinary,Not in reference set,83.53,18.38,6.03,66.91,No,
ADALIMUMAB,ATRIAL FIBRILLATION,Cardiac,629,635.2,0.99,0.99,0.99,-0.146,Ordinary,Not in reference set,82.35,18.28,5.41,70.11,No,
SITAGLIPTIN,AGRANULOCYTOSIS,Blood,430,426.0,1.01,1.01,1.01,-0.146,Ordinary,Not in reference set,80.70,15.35,4.88,70.70,No,
FEBUXOSTAT,CARDIAC ARREST,Cardiac,282,272.2,1.04,1.04,1.04,-0.146,Ordinary,Not in reference set,85.11,18.09,4.96,67.73,No,
ESOMEPRAZOLE,RESPIRATORY DEPRESSION,Respiratory,660,668.1,0.99,0.99,0.99,-0.146,Ordinary,Not in reference set,83.03,19.70,5.15,68.94,No,
MONTELUKAST,RHABDOMYOLYSIS,Musculoskeletal,1042,1074.2,0.97,0.97,0.97,-0.146,Ordinary,Not in reference set,80.90,17.66,5.37,68.14,No,
DULOXETINE,HYPERTENSION,Vascular,951,977.1,0.97,0.97,0.97,-0.146,Ordinary,Not in reference set,83.18,16.72,5.15,67.09,No,
LEVOTHYROXINE,AGGRESSION,Psychiatric,697,707.3,0.99,0.98,0.98,-0.146,Ordinary,Not in reference set,85.22,17.65,5.31,63.85,No,
CELECOXIB,CONFUSIONAL STATE,Psychiatric,643,650.2,0.99,0.99,0.99,-0.146,Ordinary,Not in reference set,83.05,17.73,5.60,67.34,No,
GABAPENTIN,STEVENS-JOHNSON SYNDROME,Skin,477,475.4,1.00,1.00,1.00,-0.146,Ordinary,Not in reference set,84.49,16.35,5.87,66.46,No,
TRAMADOL,HEPATIC FAILURE,Hepatobiliary,459,456.5,1.01,1.01,1.01,-0.146,Ordinary,Not in reference set,80.39,15.25,4.79,66.45,No,
DULOXETINE,AGGRESSION,Psychiatric,404,399.0,1.01,1.01,1.01,-0.146,Ordinary,Not in reference set,83.91,15.59,5.94,67.57,No,
LEVOFLOXACIN,PARAESTHESIA,Nervous system,895,917.7,0.98,0.97,0.97,-0.146,Ordinary,Not in reference set,82.46,19.44,5.36,66.15,No,
SITAGLIPTIN,VOMITING,Gastrointestinal,1239,1285.2,0.96,0.96,0.96,-0.147,Ordinary,Not in reference set,82.41,17.19,5.97,66.34,No,
PREDNISONE,ALOPECIA,Skin,984,1012.6,0.97,0.97,0.97,-0.147,Ordinary,Not in reference set,82.83,14.84,4.67,67.99,No,
GABAPENTIN,AMPUTATION,Procedural,479,477.6,1.00,1.00,1.00,-0.147,Ordinary,Not in reference set,81.63,18.79,4.80,68.27,No,
HYDROXYCHLOROQUINE,SEROTONIN SYNDROME,Nervous system,374,367.8,1.02,1.02,1.02,-0.147,Ordinary,Not in reference set,83.96,19.25,5.88,69.79,No,
CLOZAPINE,GASTROINTESTINAL HAEMORRHAGE,Gastrointestinal,955,981.9,0.97,0.97,0.97,-0.147,Ordinary,Not in reference set,82.20,18.32,5.24,66.60,No,
CANAGLIFLOZIN,PYREXIA,General,940,965.9,0.97,0.97,0.97,-0.147,Ordinary,Not in reference set,81.60,15.43,5.11,67.77,No,
ROSUVASTATIN,SEROTONIN SYNDROME,Nervous system,572,575.5,0.99,0.99,0.99,-0.147,Ordinary,Not in reference set,83.92,17.48,4.20,67.66,No,
AMIODARONE,HAEMORRHAGE,Vascular,669,678.0,0.99,0.99,0.99,-0.147,Ordinary,Not in reference set,83.26,17.64,7.47,65.47,No,
VARENICLINE,DYSPNOEA,Respiratory,879,901.1,0.98,0.97,0.97,-0.147,Ordinary,Not in reference set,86.35,17.86,5.01,67.92,No,
INSULIN GLARGINE,MYOCARDIAL INFARCTION,Cardiac,981,1009.8,0.97,0.97,0.97,-0.147,Ordinary,Not in reference set,83.49,19.57,5.40,65.44,No,
MONTELUKAST,ATRIAL FIBRILLATION,Cardiac,1097,1133.8,0.97,0.96,0.96,-0.147,Ordinary,Not in reference set,83.04,17.78,3.74,66.27,No,
GABAPENTIN,CONFUSIONAL STATE,Psychiatric,987,1016.3,0.97,0.97,0.97,-0.147,Ordinary,Not in reference set,82.27,18.34,4.76,68.39,No,
CELECOXIB,DRUG INEFFECTIVE,General,1239,1285.9,0.96,0.96,0.96,-0.147,Ordinary,Not in reference set,80.55,16.06,6.38,66.91,No,
CLOPIDOGREL,NAUSEA,Gastrointestinal,2084,2195.5,0.95,0.95,0.94,-0.148,Ordinary,Not in reference set,83.83,17.42,5.61,67.75,No,
CELECOXIB,HYPERTENSION,Vascular,796,813.0,0.98,0.98,0.98,-0.148,Ordinary,Not in reference set,84.05,18.72,5.03,68.34,No,
TRAMADOL,HALLUCINATION,Psychiatric,465,463.2,1.00,1.00,1.00,-0.148,Ordinary,Not in reference set,79.78,16.56,6.45,66.45,No,
LEVOTHYROXINE,BRADYCARDIA,Cardiac,694,704.8,0.98,0.98,0.98,-0.148,Ordinary,Not in reference set,83.57,14.41,6.20,65.27,No,
HYDROXYCHLOROQUINE,CLOSTRIDIUM DIFFICILE COLITIS,Gastrointestinal,378,372.2,1.02,1.02,1.02,-0.148,Ordinary,Not in reference set,82.01,16.40,4.76,69.58,No,
METHOTREXATE,MYOCARDITIS,Cardiac,353,346.2,1.02,1.02,1.02,-0.148,Ordinary,Not in reference set,80.74,17.28,7.37,69.41,No,
ROSUVASTATIN,PANCREATITIS,Gastrointestinal,743,756.9,0.98,0.98,0.98,-0.148,Ordinary,Not in reference set,80.75,17.90,4.85,67.70,No,
PANTOPRAZOLE,CONGENITAL ANOMALY,Congenital,233,222.1,1.05,1.05,1.05,-0.148,Ordinary,Not in reference set,82.83,18.03,4.29,69.53,No,
ALLOPURINOL,PULMONARY FIBROSIS,Respiratory,395,390.1,1.01,1.01,1.01,-0.148,Ordinary,Not in reference set,82.78,14.18,5.57,63.80,No,
DULOXETINE,PYREXIA,General,1139,1179.7,0.97,0.96,0.96,-0.148,Ordinary,Not in reference set,83.32,15.98,6.67,65.50,No,
CANAGLIFLOZIN,MALAISE,General,781,797.6,0.98,0.98,0.98,-0.148,Ordinary,Not in reference set,81.82,17.54,6.66,64.02,No,
TAMSULOSIN,RHABDOMYOLYSIS,Musculoskeletal,593,598.3,0.99,0.99,0.99,-0.148,Ordinary,Not in reference set,81.62,18.72,4.72,64.25,No,
METFORMIN,CARDIAC ARREST,Cardiac,645,653.3,0.99,0.99,0.99,-0.149,Ordinary,Not in reference set,84.96,20.93,6.05,62.79,No,
CLOPIDOGREL,URTICARIA,Skin,1089,1126.4,0.97,0.96,0.96,-0.149,Ordinary,Not in reference set,83.29,16.90,6.15,67.58,No,
ROSUVASTATIN,AMPUTATION,Procedural,479,478.3,1.00,1.00,1.00,-0.149,Ordinary,Not in reference set,81.21,15.24,5.43,64.30,No,
AMIODARONE,HEPATIC FAILURE,Hepatobiliary,336,328.7,1.02,1.02,1.02,-0.149,Ordinary,Not in reference set,80.36,14.58,5.95,64.88,No,
AMIODARONE,ATRIAL FIBRILLATION,Cardiac,627,634.5,0.99,0.99,0.99,-0.149,Ordinary,Not in reference set,81.34,17.22,7.18,69.70,No,
FUROSEMIDE,ANAEMIA,Blood,1241,1289.5,0.96,0.96,0.96,-0.149,Ordinary,Not in reference set,83.40,14.83,5.64,67.12,No,
AMLODIPINE,PHOTOSENSITIVITY REACTION,Skin,632,639.9,0.99,0.99,0.99,-0.149,Ordinary,Not in reference set,82.12,18.35,6.01,68.51,No,
ISOTRETINOIN,RESPIRATORY DEPRESSION,Respiratory,386,380.9,1.01,1.01,1.01,-0.149,Ordinary,Not in reference set,82.90,17.88,6.74,65.80,No,
APIXABAN,SOMNOLENCE,Nervous system,964,993.1,0.97,0.97,0.97,-0.149,Ordinary,Not in reference set,83.40,19.50,5.71,68.15,No,
AMIODARONE,PNEUMONIA,Infection,771,787.4,0.98,0.98,0.98,-0.149,Ordinary,Not in reference set,82.62,17.51,6.23,70.17,No,
AZITHROMYCIN,PNEUMONIA,Infection,1058,1093.7,0.97,0.96,0.96,-0.149,Ordinary,Not in reference set,82.61,16.64,5.01,67.20,No,
CLOZAPINE,OFF LABEL USE,General,804,822.6,0.98,0.98,0.98,-0.149,Ordinary,Not in reference set,84.58,18.03,6.97,67.29,No,
CANAGLIFLOZIN,INSOMNIA,Psychiatric,1090,1128.0,0.97,0.96,0.96,-0.149,Ordinary,Not in reference set,83.21,17.52,4.95,66.24,No,
ALLOPURINOL,MYOCARDIAL INFARCTION,Cardiac,836,856.7,0.98,0.97,0.97,-0.150,Ordinary,Not in reference set,84.21,18.18,5.50,67.22,No,
CANAGLIFLOZIN,PNEUMONIA,Infection,761,777.0,0.98,0.98,0.98,-0.150,Ordinary,Not in reference set,79.89,17.61,5.78,68.59,No,
GABAPENTIN,HYPERTENSION,Vascular,1223,1270.8,0.96,0.96,0.96,-0.150,Ordinary,Not in reference set,84.87,16.11,6.21,68.93,No,
CLOZAPINE,ANAEMIA,Blood,803,821.7,0.98,0.98,0.98,-0.150,Ordinary,Not in reference set,82.19,15.69,5.23,67.50,No,
ALLOPURINOL,TREMOR,Nervous system,658,667.6,0.99,0.98,0.98,-0.150,Ordinary,Not in reference set,81.31,17.02,5.78,68.54,No,
VALPROATE,PNEUMONIA,Infection,781,798.4,0.98,0.98,0.98,-0.150,Ordinary,Not in reference set,82.71,16.01,5.89,68.50,No,
ALBUTEROL,HALLUCINATION,Psychiatric,527,529.2,1.00,1.00,1.00,-0.150,Ordinary,Not in reference set,80.65,17.46,5.69,64.90,No,
OMEPRAZOLE,PANCREATITIS,Gastrointestinal,829,849.5,0.98,0.97,0.97,-0.150,Ordinary,Not in reference set,80.94,17.73,5.07,65.98,No,
ISOTRETINOIN,THROMBOCYTOPENIA,Blood,387,382.2,1.01,1.01,1.01,-0.150,Ordinary,Not in reference set,86.82,20.16,4.91,65.12,No,
HYDROXYCHLOROQUINE,HYPOGLYCAEMIA,Metabolic,679,690.1,0.98,0.98,0.98,-0.150,Ordinary,Not in reference set,84.09,19.00,4.86,68.78,No,
LEVOFLOXACIN,LACTIC ACIDOSIS,Metabolic,643,651.9,0.99,0.99,0.98,-0.150,Ordinary,Not in reference set,81.65,16.33,4.98,64.23,No,
OMEPRAZOLE,MYOCARDIAL INFARCTION,Cardiac,1427,1490.5,0.96,0.95,0.95,-0.150,Ordinary,Not in reference set,84.16,17.17,5.47,66.15,No,
CLOZAPINE,DYSPNOEA,Respiratory,1098,1137.2,0.97,0.96,0.96,-0.150,Ordinary,Not in reference set,82.51,17.85,6.56,68.03,No,
PREDNISONE,ACUTE KIDNEY INJURY,Renal,1078,1116.0,0.97,0.96,0.96,-0.151,Ordinary,Not in reference set,84.32,19.02,6.12,66.70,No,
CELECOXIB,TACHYCARDIA,Cardiac,804,823.3,0.98,0.98,0.97,-0.151,Ordinary,Not in reference set,83.96,15.42,3.48,66.04,No,
ALLOPURINOL,VOMITING,Gastrointestinal,1255,1306.1,0.96,0.96,0.96,-0.151,Ordinary,Not in reference set,83.43,17.93,6.22,68.21,No,
LEVOFLOXACIN,CONFUSIONAL STATE,Psychiatric,875,899.1,0.97,0.97,0.97,-0.151,Ordinary,Not in reference set,82.51,17.60,4.91,65.26,No,
CIPROFLOXACIN,HEPATITIS,Hepatobiliary,506,507.4,1.00,1.00,1.00,-0.151,Ordinary,Not in reference set,84.58,17.79,6.13,68.18,No,
ONDANSETRON,AMPUTATION,Procedural,480,480.0,1.00,1.00,1.00,-0.151,Ordinary,Not in reference set,82.50,18.96,3.96,69.79,No,
CANAGLIFLOZIN,PANCREATITIS,Gastrointestinal,476,475.9,1.00,1.00,1.00,-0.151,Ordinary,Not in reference set,82.35,19.12,5.67,63.03,No,
DULOXETINE,TENDON RUPTURE,Musculoskeletal,850,872.6,0.97,0.97,0.97,-0.151,Ordinary,Not in reference set,84.24,18.24,5.65,66.47,No,
HYDROXYCHLOROQUINE,MALAISE,General,792,810.7,0.98,0.98,0.97,-0.151,Ordinary,Not in reference set,82.20,16.16,6.19,68.43,No,
LEVOFLOXACIN,AGGRESSION,Psychiatric,460,459.1,1.00,1.00,1.00,-0.151,Ordinary,Not in reference set,82.83,16.52,5.22,63.48,No,
ADALIMUMAB,TORSADE DE POINTES,Cardiac,319,311.6,1.02,1.03,1.03,-0.151,Ordinary,Not in reference set,84.01,16.93,5.96,69.59,No,
LEVOFLOXACIN,FOETAL MALFORMATION,Congenital,549,552.9,0.99,0.99,0.99,-0.151,Ordinary,Not in reference set,84.15,18.21,6.01,65.76,No,
ADALIMUMAB,BRADYCARDIA,Cardiac,337,330.3,1.02,1.02,1.02,-0.151,Ordinary,Not in reference set,84.27,19.58,6.23,68.55,No,
ROSUVASTATIN,RESPIRATORY DEPRESSION,Respiratory,740,755.5,0.98,0.98,0.98,-0.151,Ordinary,Not in reference set,83.92,20.54,7.30,66.08,No,
APIXABAN,HYPOTENSION,Vascular,965,995.6,0.97,0.97,0.97,-0.151,Ordinary,Not in reference set,83.42,16.27,4.97,69.43,No,
GABAPENTIN,RHABDOMYOLYSIS,Musculoskeletal,915,942.2,0.97,0.97,0.97,-0.151,Ordinary,Not in reference set,82.62,14.43,6.56,66.89,No,
VALPROATE,WEIGHT DECREASED,Investigations,654,664.2,0.98,0.98,0.98,-0.151,Ordinary,Not in reference set,83.03,16.67,4.89,65.60,No,
SERTRALINE,AGRANULOCYTOSIS,Blood,660,670.6,0.98,0.98,0.98,-0.152,Ordinary,Not in reference set,84.09,17.88,5.30,65.00,No,
CIPROFLOXACIN,TENDONITIS,Musculoskeletal,236,225.8,1.05,1.05,1.05,-0.152,Ordinary,Not in reference set,86.02,17.80,6.78,73.31,No,
FEBUXOSTAT,TACHYCARDIA,Cardiac,658,668.5,0.98,0.98,0.98,-0.152,Ordinary,Not in reference set,82.52,15.96,5.93,64.74,No,
TAMSULOSIN,GASTROINTESTINAL HAEMORRHAGE,Gastrointestinal,939,968.1,0.97,0.97,0.97,-0.152,Ordinary,Not in reference set,82.32,16.29,6.18,68.80,No,
ALLOPURINOL,PANCYTOPENIA,Blood,579,584.9,0.99,0.99,0.99,-0.152,Ordinary,Not in reference set,82.90,13.82,5.01,68.22,No,
PANTOPRAZOLE,CLOSTRIDIUM DIFFICILE COLITIS,Gastrointestinal,515,517.2,1.00,1.00,1.00,-0.152,Ordinary,Not in reference set,86.41,13.79,4.47,70.29,No,
VARENICLINE,HYPONATRAEMIA,Metabolic,498,499.3,1.00,1.00,1.00,-0.152,Ordinary,Not in reference set,82.13,18.67,6.43,64.26,No,
ISOTRETINOIN,HEPATITIS,Hepatobiliary,297,288.9,1.03,1.03,1.03,-0.152,Ordinary,Not in reference set,83.84,20.54,4.71,68.35,No,
LISINOPRIL,SUICIDAL IDEATION,Psychiatric,1826,1923.1,0.95,0.94,0.94,-0.152,Ordinary,Not in reference set,84.12,17.63,5.15,66.21,No,
AMIODARONE,VOMITING,Gastrointestinal,1239,1290.0,0.96,0.96,0.96,-0.152,Ordinary,Not in reference set,81.36,16.46,5.65,66.10,No,
CELECOXIB,AMPUTATION,Procedural,313,305.5,1.02,1.03,1.03,-0.152,Ordinary,Not in reference set,84.98,19.17,6.07,68.05,No,
PREDNISONE,TOXIC EPIDERMAL NECROLYSIS,Skin,270,260.9,1.03,1.04,1.04,-0.152,Ordinary,Not in reference set,82.96,20.37,4.81,64.81,No,
SITAGLIPTIN,PANCYTOPENIA,Blood,570,575.5,0.99,0.99,0.99,-0.152,Ordinary,Not in reference set,82.46,14.91,7.89,66.84,No,
AZITHROMYCIN,PHOTOSENSITIVITY REACTION,Skin,460,459.4,1.00,1.00,1.00,-0.152,Ordinary,Not in reference set,83.91,19.57,3.48,65.87,No,
MONTELUKAST,LACTIC ACIDOSIS,Metabolic,819,840.2,0.97,0.97,0.97,-0.152,Ordinary,Not in reference set,81.68,18.68,4.64,65.69,No,
VALPROATE,ANAEMIA,Blood,805,825.3,0.98,0.97,0.97,-0.152,Ordinary,Not in reference set,79.50,17.76,5.22,64.97,No,
CLOZAPINE,PANCREATITIS,Gastrointestinal,486,486.8,1.00,1.00,1.00,-0.152,Ordinary,Not in reference set,80.66,16.26,6.79,66.05,No,
CLOPIDOGREL,LACTIC ACIDOSIS,Metabolic,640,649.9,0.98,0.98,0.98,-0.153,Ordinary,Not in reference set,84.38,19.38,4.53,67.50,No,
ROSUVASTATIN,HAEMORRHAGE,Vascular,1028,1064.2,0.97,0.96,0.96,-0.153,Ordinary,Not in reference set,83.17,16.54,5.54,66.54,No,
ADALIMUMAB,COUGH,Respiratory,931,960.4,0.97,0.97,0.97,-0.153,Ordinary,Not in reference set,84.10,16.86,5.59,69.07,No,
ADALIMUMAB,CLOSTRIDIUM DIFFICILE COLITIS,Gastrointestinal,376,371.5,1.01,1.01,1.01,-0.153,Ordinary,Not in reference set,81.91,17.55,3.99,65.43,No,
MONTELUKAST,HYPOTENSION,Vascular,1426,1492.5,0.96,0.95,0.95,-0.153,Ordinary,Not in reference set,82.54,17.25,5.54,66.62,No,
ALBUTEROL,PNEUMONIA,Infection,1200,1249.2,0.96,0.96,0.96,-0.153,Ordinary,Not in reference set,82.58,16.33,5.08,67.25,No,
VARENICLINE,HEADACHE,Nervous system,1098,1139.6,0.96,0.96,0.96,-0.153,Ordinary,Not in reference set,83.42,17.03,4.37,67.21,No,
DULOXETINE,ANGIOEDEMA,Skin,592,599.3,0.99,0.99,0.99,-0.153,Ordinary,Not in reference set,85.47,19.09,4.22,66.72,No,
LISINOPRIL,FOETAL MALFORMATION,Congenital,761,779.0,0.98,0.97,0.97,-0.153,Ordinary,Not in reference set,82.52,17.35,6.18,67.41,No,
HYDROXYCHLOROQUINE,BACK PAIN,Musculoskeletal,795,815.3,0.98,0.97,0.97,-0.154,Ordinary,Not in reference set,81.76,16.86,5.03,65.91,No,
ESOMEPRAZOLE,CARDIAC ARREST,Cardiac,464,464.1,1.00,1.00,1.00,-0.154,Ordinary,Not in reference set,84.48,18.75,4.31,67.67,No,
TRAMADOL,OFF LABEL USE,General,1090,1131.4,0.96,0.96,0.96,-0.154,Ordinary,Not in reference set,82.29,16.88,5.96,66.33,No,
CLOPIDOGREL,ALOPECIA,Skin,864,889.1,0.97,0.97,0.97,-0.154,Ordinary,Not in reference set,83.56,15.63,6.02,67.01,No,
MONTELUKAST,AORTIC ANEURYSM,Vascular,579,585.7,0.99,0.99,0.99,-0.154,Ordinary,Not in reference set,84.11,15.72,4.66,67.36,No,
WARFARIN,MYALGIA,Musculoskeletal,1479,1550.4,0.95,0.95,0.95,-0.154,Ordinary,Not in reference set,84.58,16.97,5.61,66.94,No,
VARENICLINE,SOMNOLENCE,Nervous system,655,666.4,0.98,0.98,0.98,-0.154,Ordinary,Not in reference set,82.60,18.32,4.89,70.08,No,
CANAGLIFLOZIN,HYPOTENSION,Vascular,803,824.2,0.97,0.97,0.97,-0.154,Ordinary,Not in reference set,82.81,16.81,5.23,65.50,No,
LEVOTHYROXINE,CARDIAC ARREST,Cardiac,700,714.3,0.98,0.98,0.98,-0.154,Ordinary,Not in reference set,84.14,17.43,4.43,67.71,No,
VARENICLINE,HAEMORRHAGE,Vascular,538,542.3,0.99,0.99,0.99,-0.154,Ordinary,Not in reference set,81.60,19.89,5.20,64.31,No,
OMEPRAZOLE,MEMORY IMPAIRMENT,Nervous system,849,873.4,0.97,0.97,0.97,-0.154,Ordinary,Not in reference set,83.04,15.90,5.30,65.84,No,
CLOPIDOGREL,PANCREATITIS,Gastrointestinal,655,666.5,0.98,0.98,0.98,-0.154,Ordinary,Not in reference set,83.82,19.69,4.73,66.26,No,
INSULIN GLARGINE,THROMBOCYTOPENIA,Blood,570,576.4,0.99,0.99,0.99,-0.154,Ordinary,Not in reference set,84.04,16.49,6.32,64.91,No,
APIXABAN,LACTIC ACIDOSIS,Metabolic,555,560.5,0.99,0.99,0.99,-0.154,Ordinary,Not in reference set,85.23,20.54,4.86,65.05,No,
TRAMADOL,STEVENS-JOHNSON SYNDROME,Skin,423,421.1,1.00,1.00,1.00,-0.154,Ordinary,Not in reference set,82.51,17.97,6.86,65.72,No,
SERTRALINE,MEMORY IMPAIRMENT,Nervous system,759,777.5,0.98,0.97,0.97,-0.155,Ordinary,Not in reference set,82.87,17.65,6.19,68.77,No,
PREDNISONE,HYPERTENSION,Vascular,1224,1276.3,0.96,0.96,0.95,-0.155,Ordinary,Not in reference set,84.72,17.16,5.72,65.77,No,
LEVOFLOXACIN,URTICARIA,Skin,1088,1130.0,0.96,0.96,0.96,-0.155,Ordinary,Not in reference set,83.36,16.27,6.07,65.07,No,
CLOPIDOGREL,ATRIAL FIBRILLATION,Cardiac,852,876.9,0.97,0.97,0.97,-0.155,Ordinary,Not in reference set,80.63,17.61,4.23,66.78,No,
CELECOXIB,PARAESTHESIA,Nervous system,652,663.6,0.98,0.98,0.98,-0.155,Ordinary,Not in reference set,82.67,16.26,7.06,69.02,No,
CELECOXIB,BACK PAIN,Musculoskeletal,794,815.0,0.97,0.97,0.97,-0.155,Ordinary,Not in reference set,83.88,17.76,5.67,68.14,No,
INSULIN GLARGINE,NEUTROPENIA,Blood,571,577.6,0.99,0.99,0.99,-0.155,Ordinary,Not in reference set,82.49,18.21,6.13,67.08,No,
TRAMADOL,HYPOGLYCAEMIA,Metabolic,925,955.4,0.97,0.97,0.96,-0.155,Ordinary,Not in reference set,84.22,19.03,4.97,68.32,No,
OMEPRAZOLE,HYPERKALAEMIA,Metabolic,850,875.1,0.97,0.97,0.97,-0.155,Ordinary,Not in reference set,83.41,15.88,6.12,66.71,No,
GABAPENTIN,NEUTROPENIA,Blood,741,758.6,0.98,0.97,0.97,-0.155,Ordinary,Not in reference set,81.65,14.98,5.94,65.59,No,
MONTELUKAST,SEROTONIN SYNDROME,Nervous system,644,655.3,0.98,0.98,0.98,-0.155,Ordinary,Not in reference set,83.23,19.41,4.81,65.68,No,
AZITHROMYCIN,BRADYCARDIA,Cardiac,458,458.2,1.00,1.00,1.00,-0.155,Ordinary,Not in reference set,85.59,16.81,5.90,68.78,No,
TRAMADOL,AORTIC ANEURYSM,Vascular,455,455.1,1.00,1.00,1.00,-0.155,Ordinary,Not in reference set,83.52,16.26,5.49,65.05,No,
INSULIN GLARGINE,AGGRESSION,Psychiatric,398,395.1,1.01,1.01,1.01,-0.155,Ordinary,Not in reference set,86.43,17.09,4.77,62.56,No,
SITAGLIPTIN,TENDON RUPTURE,Musculoskeletal,706,721.3,0.98,0.98,0.98,-0.155,Ordinary,Not in reference set,82.01,15.58,5.95,63.60,No,
CELECOXIB,HAEMORRHAGE,Vascular,667,679.8,0.98,0.98,0.98,-0.155,Ordinary,Not in reference set,79.01,15.14,6.75,68.67,No,
VARENICLINE,PNEUMONIA,Infection,620,629.8,0.98,0.98,0.98,-0.155,Ordinary,Not in reference set,83.06,15.16,4.84,68.87,No,
DULOXETINE,AGRANULOCYTOSIS,Blood,512,515.4,0.99,0.99,0.99,-0.155,Ordinary,Not in reference set,80.66,16.21,6.05,64.45,No,
VARENICLINE,HYPERKALAEMIA,Metabolic,400,397.3,1.01,1.01,1.01,-0.156,Ordinary,Not in reference set,82.50,14.75,4.50,68.00,No,
SERTRALINE,TREMOR,Nervous system,998,1034.0,0.97,0.96,0.96,-0.156,Ordinary,Not in reference set,80.76,14.83,4.61,67.03,No,
PANTOPRAZOLE,NEUTROPENIA,Blood,662,674.6,0.98,0.98,0.98,-0.156,Ordinary,Not in reference set,82.48,14.20,5.14,70.85,No,
ONDANSETRON,ACUTE KIDNEY INJURY,Renal,1075,1116.9,0.96,0.96,0.96,-0.156,Ordinary,Not in reference set,83.07,15.91,7.16,69.02,No,
WARFARIN,CONFUSIONAL STATE,Psychiatric,984,1019.1,0.97,0.96,0.96,-0.156,Ordinary,Not in reference set,84.15,16.36,6.40,69.72,No,
FEBUXOSTAT,ATRIAL FIBRILLATION,Cardiac,513,516.6,0.99,0.99,0.99,-0.156,Ordinary,Not in reference set,81.09,16.18,5.26,68.23,No,
PREDNISONE,RHABDOMYOLYSIS,Musculoskeletal,916,946.2,0.97,0.97,0.96,-0.156,Ordinary,Not in reference set,81.22,17.69,5.13,66.92,No,
INSULIN GLARGINE,AORTIC ANEURYSM,Vascular,394,391.1,1.01,1.01,1.01,-0.156,Ordinary,Not in reference set,85.03,15.48,5.58,62.69,No,
AZITHROMYCIN,HYPONATRAEMIA,Metabolic,842,867.1,0.97,0.97,0.97,-0.156,Ordinary,Not in reference set,83.85,16.86,5.34,68.88,No,
DULOXETINE,PARAESTHESIA,Nervous system,777,797.6,0.97,0.97,0.97,-0.156,Ordinary,Not in reference set,79.79,16.09,4.89,65.77,No,
ALBUTEROL,CARDIAC ARREST,Cardiac,526,530.4,0.99,0.99,0.99,-0.156,Ordinary,Not in reference set,84.03,18.63,5.32,68.44,No,
DULOXETINE,DEPRESSION,Psychiatric,1575,1656.8,0.95,0.95,0.94,-0.156,Ordinary,Not in reference set,82.98,17.71,6.79,67.68,No,
CANAGLIFLOZIN,MEMORY IMPAIRMENT,Nervous system,487,489.2,1.00,1.00,1.00,-0.156,Ordinary,Not in reference set,80.90,18.07,4.31,73.31,No,
CLOZAPINE,HALLUCINATION,Psychiatric,342,336.7,1.02,1.02,1.02,-0.156,Ordinary,Not in reference set,81.29,16.37,4.09,66.96,No,
SERTRALINE,PNEUMONIA,Infection,1184,1234.7,0.96,0.96,0.95,-0.156,Ordinary,Not in reference set,84.71,16.30,5.66,65.03,No,
SERTRALINE,PANCYTOPENIA,Blood,878,905.8,0.97,0.97,0.97,-0.156,Ordinary,Not in reference set,84.40,19.93,5.81,67.43,No,
DULOXETINE,MYOCARDIAL INFARCTION,Cardiac,984,1019.7,0.97,0.96,0.96,-0.157,Ordinary,Not in reference set,83.54,16.46,5.08,66.46,No,
INSULIN GLARGINE,ANAEMIA,Blood,939,971.4,0.97,0.96,0.96,-0.157,Ordinary,Not in reference set,84.35,16.83,5.54,64.22,No,
SERTRALINE,CARDIAC ARREST,Cardiac,520,524.3,0.99,0.99,0.99,-0.157,Ordinary,Not in reference set,84.04,15.96,4.42,65.96,No,
CANAGLIFLOZIN,CLOSTRIDIUM DIFFICILE COLITIS,Gastrointestinal,370,366.2,1.01,1.01,1.01,-0.157,Ordinary,Not in reference set,83.51,17.30,5.95,69.73,No,
PREDNISONE,CONSTIPATION,Gastrointestinal,1448,1520.0,0.95,0.95,0.95,-0.157,Ordinary,Not in reference set,83.56,19.54,5.11,68.23,No,
PANTOPRAZOLE,RESPIRATORY DEPRESSION,Respiratory,658,670.9,0.98,0.98,0.98,-0.157,Ordinary,Not in reference set,81.16,16.72,5.32,65.05,No,
AMLODIPINE,RHABDOMYOLYSIS,Musculoskeletal,1117,1162.9,0.96,0.96,0.95,-0.157,Ordinary,Not in reference set,86.21,17.28,5.64,67.23,No,
FUROSEMIDE,FOETAL MALFORMATION,Congenital,621,631.7,0.98,0.98,0.98,-0.157,Ordinary,Not in reference set,84.38,17.71,6.28,65.38,No,
AMLODIPINE,BRADYCARDIA,Cardiac,627,638.2,0.98,0.98,0.98,-0.157,Ordinary,Not in reference set,82.14,17.70,6.38,66.35,No,
SERTRALINE,SUICIDAL IDEATION,Psychiatric,1469,1543.6,0.95,0.95,0.95,-0.158,Ordinary,Not in reference set,81.82,18.11,4.29,65.15,No,
MONTELUKAST,ALOPECIA,Skin,1104,1149.6,0.96,0.96,0.96,-0.158,Ordinary,Not in reference set,83.97,16.03,5.53,67.84,No,
CIPROFLOXACIN,HEPATIC FAILURE,Hepatobiliary,456,457.0,1.00,1.00,1.00,-0.158,Ordinary,Not in reference set,84.65,16.89,4.39,67.54,No,
CIPROFLOXACIN,ANXIETY,Psychiatric,1285,1344.9,0.96,0.95,0.95,-0.158,Ordinary,Not in reference set,85.37,17.59,4.59,67.00,No,
WARFARIN,FOETAL MALFORMATION,Congenital,616,626.7,0.98,0.98,0.98,-0.158,Ordinary,Not in reference set,83.93,16.56,6.82,66.72,No,
PREDNISONE,HEPATITIS,Hepatobiliary,567,574.6,0.99,0.99,0.99,-0.158,Ordinary,Not in reference set,85.01,17.81,7.05,63.67,No,
GABAPENTIN,FATIGUE,General,2127,2258.9,0.94,0.94,0.93,-0.158,Ordinary,Not in reference set,82.46,15.75,4.84,66.48,No,
CLOPIDOGREL,TREMOR,Nervous system,882,911.4,0.97,0.97,0.96,-0.158,Ordinary,Not in reference set,82.31,18.37,5.56,68.93,No,
AMIODARONE,DYSPNOEA,Respiratory,1082,1126.5,0.96,0.96,0.96,-0.159,Ordinary,Not in reference set,83.92,17.47,7.95,67.19,No,
TRAMADOL,ACUTE KIDNEY INJURY,Renal,950,984.5,0.96,0.96,0.96,-0.159,Ordinary,Not in reference set,83.58,16.32,4.84,67.47,No,
ONDANSETRON,TENDONITIS,Musculoskeletal,264,255.9,1.03,1.03,1.04,-0.159,Ordinary,Not in reference set,84.47,17.05,6.44,61.74,No,
CELECOXIB,URTICARIA,Skin,794,817.1,0.97,0.97,0.97,-0.159,Ordinary,Not in reference set,81.86,17.00,6.68,64.99,No,
FUROSEMIDE,STEVENS-JOHNSON SYNDROME,Skin,478,480.5,0.99,0.99,0.99,-0.159,Ordinary,Not in reference set,82.01,18.62,5.86,67.15,No,
PANTOPRAZOLE,MALAISE,General,1082,1126.7,0.96,0.96,0.96,-0.159,Ordinary,Not in reference set,82.99,17.47,5.45,65.99,No,
APIXABAN,WEIGHT DECREASED,Investigations,760,780.9,0.97,0.97,0.97,-0.159,Ordinary,Not in reference set,85.39,18.82,5.26,68.42,No,
SITAGLIPTIN,ANGIOEDEMA,Skin,492,495.4,0.99,0.99,0.99,-0.159,Ordinary,Not in reference set,79.88,14.02,7.11,70.73,No,
ISOTRETINOIN,SEIZURE,Nervous system,393,390.9,1.01,1.01,1.01,-0.159,Ordinary,Not in reference set,81.42,13.49,4.83,67.68,No,
CELECOXIB,CARDIAC ARREST,Cardiac,340,335.3,1.01,1.02,1.02,-0.159,Ordinary,Not in reference set,83.24,16.76,8.82,65.00,No,
LISINOPRIL,MUSCULAR WEAKNESS,Musculoskeletal,1213,1268.2,0.96,0.95,0.95,-0.159,Ordinary,Not in reference set,82.93,15.42,5.28,67.11,No,
AMLODIPINE,DIABETIC KETOACIDOSIS,Metabolic,1051,1093.5,0.96,0.96,0.96,-0.159,Ordinary,Not in reference set,85.44,19.12,5.42,69.17,No,
METFORMIN,AGRANULOCYTOSIS,Blood,811,835.6,0.97,0.97,0.97,-0.159,Ordinary,Not in reference set,83.23,17.76,5.18,67.82,No,
FUROSEMIDE,HEPATITIS,Hepatobiliary,570,578.3,0.99,0.98,0.98,-0.159,Ordinary,Not in reference set,84.74,21.93,5.79,68.07,No,
INSULIN GLARGINE,AMPUTATION,Procedural,367,363.7,1.01,1.01,1.01,-0.159,Ordinary,Not in reference set,81.47,17.98,6.27,64.58,No,
HYDROXYCHLOROQUINE,PYREXIA,General,947,981.9,0.96,0.96,0.96,-0.159,Ordinary,Not in reference set,83.00,19.32,6.02,67.69,No,
DULOXETINE,HYPERKALAEMIA,Metabolic,589,598.6,0.98,0.98,0.98,-0.159,Ordinary,Not in reference set,86.76,16.13,6.11,65.37,No,
LEVOTHYROXINE,PANCYTOPENIA,Blood,1181,1234.1,0.96,0.95,0.95,-0.160,Ordinary,Not in reference set,82.56,16.43,5.50,66.22,No,
LEVOTHYROXINE,SEROTONIN SYNDROME,Nervous system,762,783.4,0.97,0.97,0.97,-0.160,Ordinary,Not in reference set,83.20,16.80,4.72,65.75,No,
PANTOPRAZOLE,PANCREATITIS,Gastrointestinal,658,672.2,0.98,0.98,0.98,-0.160,Ordinary,Not in reference set,81.46,16.57,4.56,66.41,No,
PREDNISONE,TREMOR,Nervous system,999,1037.9,0.96,0.96,0.96,-0.160,Ordinary,Not in reference set,82.48,18.52,5.61,69.37,No,
FEBUXOSTAT,PRURITUS,Skin,873,902.4,0.97,0.97,0.96,-0.160,Ordinary,Not in reference set,85.68,18.33,6.64,63.80,No,
INSULIN GLARGINE,PARAESTHESIA,Nervous system,768,789.9,0.97,0.97,0.97,-0.160,Ordinary,Not in reference set,84.51,18.23,5.47,66.54,No,
APIXABAN,MYALGIA,Musculoskeletal,1127,1176.0,0.96,0.96,0.95,-0.160,Ordinary,Not in reference set,83.85,17.21,6.39,66.02,No,
LISINOPRIL,WEIGHT DECREASED,Investigations,1223,1279.8,0.96,0.95,0.95,-0.160,Ordinary,Not in reference set,83.57,16.43,5.81,68.03,No,
METHOTREXATE,HYPOTENSION,Vascular,963,999.3,0.96,0.96,0.96,-0.160,Ordinary,Not in reference set,82.04,15.89,5.71,68.64,No,
CLOPIDOGREL,HYPOGLYCAEMIA,Metabolic,918,950.9,0.97,0.96,0.96,-0.160,Ordinary,Not in reference set,83.66,16.34,4.90,67.76,No,
CELECOXIB,HALLUCINATION,Psychiatric,339,334.5,1.01,1.01,1.01,-0.160,Ordinary,Not in reference set,80.83,15.34,9.14,66.37,No,
DULOXETINE,HEADACHE,Nervous system,1626,1716.8,0.95,0.94,0.94,-0.160,Ordinary,Not in reference set,83.46,19.19,5.78,67.53,No,
AMLODIPINE,PANCREATITIS,Gastrointestinal,901,932.9,0.97,0.96,0.96,-0.160,Ordinary,Not in reference set,82.80,17.31,6.10,66.70,No,
LEVOTHYROXINE,MYOCARDITIS,Cardiac,607,618.1,0.98,0.98,0.98,-0.160,Ordinary,Not in reference set,83.03,17.30,3.79,64.09,No,
INSULIN GLARGINE,RESPIRATORY DEPRESSION,Respiratory,566,574.5,0.99,0.98,0.98,-0.160,Ordinary,Not in reference set,81.45,18.55,3.89,64.31,No,
CLOZAPINE,MALAISE,General,792,816.0,0.97,0.97,0.97,-0.160,Ordinary,Not in reference set,84.47,15.78,4.55,68.31,No,
AMIODARONE,MYOCARDIAL INFARCTION,Cardiac,820,846.1,0.97,0.97,0.97,-0.161,Ordinary,Not in reference set,84.27,19.51,5.85,67.44,No,
TAMSULOSIN,HAEMORRHAGE,Vascular,660,674.8,0.98,0.98,0.98,-0.161,Ordinary,Not in reference set,84.85,15.91,6.21,68.64,No,
VALPROATE,NEUTROPENIA,Blood,487,490.7,0.99,0.99,0.99,-0.161,Ordinary,Not in reference set,86.24,18.07,5.95,67.35,No,
CLOZAPINE,THROMBOCYTOPENIA,Blood,484,487.5,0.99,0.99,0.99,-0.161,Ordinary,Not in reference set,81.40,15.50,5.58,63.22,No,
CLOPIDOGREL,ANAEMIA,Blood,1079,1125.0,0.96,0.96,0.95,-0.161,Ordinary,Not in reference set,83.50,16.50,5.47,65.99,No,
MONTELUKAST,RESPIRATORY DEPRESSION,Respiratory,833,860.2,0.97,0.97,0.96,-0.161,Ordinary,Not in reference set,82.35,19.93,5.88,66.15,No,
CIPROFLOXACIN,TORSADE DE POINTES,Cardiac,432,432.5,1.00,1.00,1.00,-0.161,Ordinary,Not in reference set,81.02,15.74,6.25,68.98,No,
CLOZAPINE,DEPRESSION,Psychiatric,1322,1387.9,0.95,0.95,0.95,-0.161,Ordinary,Not in reference set,81.09,16.26,5.14,67.93,No,
CLOPIDOGREL,HYPOTENSION,Vascular,1106,1154.4,0.96,0.95,0.95,-0.161,Ordinary,Not in reference set,84.00,16.91,5.70,66.55,No,
SITAGLIPTIN,TREMOR,Nervous system,643,656.9,0.98,0.98,0.98,-0.161,Ordinary,Not in reference set,80.25,16.80,4.67,66.41,No,
ESOMEPRAZOLE,HYPERTENSION,Vascular,1079,1125.4,0.96,0.96,0.95,-0.161,Ordinary,Not in reference set,84.34,18.35,5.28,68.40,No,
IBUPROFEN,ANGIOEDEMA,Skin,848,876.7,0.97,0.96,0.96,-0.161,Ordinary,Not in reference set,81.60,16.63,5.07,69.46,No,
VARENICLINE,HALLUCINATION,Psychiatric,274,266.8,1.03,1.03,1.03,-0.161,Ordinary,Not in reference set,84.31,14.96,5.84,67.15,No,
METHOTREXATE,SEIZURE,Nervous system,581,591.0,0.98,0.98,0.98,-0.162,Ordinary,Not in reference set,83.30,18.76,5.34,63.17,No,
INSULIN GLARGINE,DRUG INEFFECTIVE,General,1453,1530.6,0.95,0.95,0.94,-0.162,Ordinary,Not in reference set,82.11,16.79,4.47,66.07,No,
ROSUVASTATIN,HEPATITIS,Hepatobiliary,564,572.9,0.98,0.98,0.98,-0.162,Ordinary,Not in reference set,82.09,19.33,5.67,65.07,No,
LEVOFLOXACIN,MYOCARDITIS,Cardiac,402,401.2,1.00,1.00,1.00,-0.162,Ordinary,Not in reference set,85.07,18.91,7.71,65.67,No,
AZITHROMYCIN,FOETAL MALFORMATION,Congenital,546,553.9,0.99,0.98,0.98,-0.162,Ordinary,Not in reference set,84.07,17.22,3.11,67.95,No,
SERTRALINE,FOETAL MALFORMATION,Congenital,613,625.3,0.98,0.98,0.98,-0.162,Ordinary,Not in reference set,82.71,17.78,4.73,69.98,No,
TRAMADOL,ALOPECIA,Skin,863,893.3,0.97,0.96,0.96,-0.162,Ordinary,Not in reference set,82.62,15.99,5.21,67.79,No,
TRAMADOL,MEMORY IMPAIRMENT,Nervous system,672,688.4,0.98,0.97,0.97,-0.162,Ordinary,Not in reference set,82.29,16.82,5.36,65.92,No,
ADALIMUMAB,ANXIETY,Psychiatric,933,968.7,0.96,0.96,0.96,-0.162,Ordinary,Not in reference set,81.99,17.47,5.04,66.24,No,
SITAGLIPTIN,SOMNOLENCE,Nervous system,804,830.0,0.97,0.97,0.97,-0.162,Ordinary,Not in reference set,83.46,18.16,5.60,69.40,No,
LISINOPRIL,AGGRESSION,Psychiatric,633,646.8,0.98,0.98,0.98,-0.162,Ordinary,Not in reference set,84.36,16.27,4.74,69.04,No,
ATORVASTATIN,PYREXIA,General,1800,1909.1,0.94,0.94,0.93,-0.163,Ordinary,Not in reference set,83.28,15.94,4.72,67.11,No,
CLOZAPINE,AORTIC ANEURYSM,Vascular,335,330.9,1.01,1.01,1.01,-0.163,Ordinary,Not in reference set,87.46,17.01,6.57,62.99,No,
ADALIMUMAB,HYPOGLYCAEMIA,Metabolic,672,688.9,0.98,0.97,0.97,-0.163,Ordinary,Not in reference set,84.23,17.86,5.21,66.37,No,
CLOPIDOGREL,THROMBOCYTOPENIA,Blood,652,667.5,0.98,0.98,0.97,-0.163,Ordinary,Not in reference set,82.67,20.09,3.68,66.72,No,
CIPROFLOXACIN,TREMOR,Nervous system,884,916.5,0.96,0.96,0.96,-0.163,Ordinary,Not in reference set,84.05,17.76,4.64,65.84,No,
APIXABAN,THROMBOCYTOPENIA,Blood,566,575.7,0.98,0.98,0.98,-0.163,Ordinary,Not in reference set,82.16,16.78,4.95,68.02,No,
VALPROATE,CLOSTRIDIUM DIFFICILE COLITIS,Gastrointestinal,378,376.2,1.00,1.00,1.01,-0.163,Ordinary,Not in reference set,81.75,16.67,4.76,66.93,No,
INSULIN GLARGINE,MEMORY IMPAIRMENT,Nervous system,581,591.7,0.98,0.98,0.98,-0.163,Ordinary,Not in reference set,82.79,15.66,5.85,65.58,No,
DULOXETINE,ACUTE KIDNEY INJURY,Renal,826,854.4,0.97,0.96,0.96,-0.164,Ordinary,Not in reference set,83.05,17.19,6.05,65.13,No,
DULOXETINE,RESPIRATORY DEPRESSION,Respiratory,570,580.1,0.98,0.98,0.98,-0.164,Ordinary,Not in reference set,84.21,17.19,5.26,65.44,No,
CANAGLIFLOZIN,ATRIAL FIBRILLATION,Cardiac,613,626.1,0.98,0.98,0.98,-0.164,Ordinary,Not in reference set,84.01,18.92,4.40,68.03,No,
AMLODIPINE,THROMBOCYTOPENIA,Blood,900,934.2,0.96,0.96,0.96,-0.164,Ordinary,Not in reference set,84.67,17.67,5.00,67.89,No,
CLOZAPINE,ARTHRALGIA,Musculoskeletal,1094,1143.8,0.96,0.95,0.95,-0.164,Ordinary,Not in reference set,83.73,17.37,4.66,67.73,No,
FUROSEMIDE,AGRANULOCYTOSIS,Blood,661,677.5,0.98,0.97,0.97,-0.164,Ordinary,Not in reference set,82.15,18.61,4.84,64.30,No,
AZITHROMYCIN,PARAESTHESIA,Nervous system,886,919.3,0.96,0.96,0.96,-0.164,Ordinary,Not in reference set,81.83,15.69,5.08,63.77,No,
DULOXETINE,PULMONARY FIBROSIS,Respiratory,461,464.3,0.99,0.99,0.99,-0.164,Ordinary,Not in reference set,83.51,16.92,6.72,68.98,No,
SITAGLIPTIN,MYOCARDITIS,Cardiac,294,288.2,1.02,1.02,1.02,-0.164,Ordinary,Not in reference set,81.97,15.99,3.40,67.01,No,
ISOTRETINOIN,BRADYCARDIA,Cardiac,268,261.1,1.03,1.03,1.03,-0.164,Ordinary,Not in reference set,83.21,15.30,5.97,66.79,No,
FEBUXOSTAT,ANAEMIA,Blood,647,662.7,0.98,0.98,0.97,-0.164,Ordinary,Not in reference set,80.06,15.15,4.02,71.10,No,
CLOZAPINE,MUSCULAR WEAKNESS,Musculoskeletal,640,655.3,0.98,0.98,0.97,-0.165,Ordinary,Not in reference set,81.56,14.22,3.75,68.44,No,
SITAGLIPTIN,CONGENITAL ANOMALY,Congenital,169,158.8,1.06,1.07,1.07,-0.165,Ordinary,Not in reference set,81.66,18.93,5.33,69.82,No,
PANTOPRAZOLE,TENDON RUPTURE,Musculoskeletal,969,1009.2,0.96,0.96,0.96,-0.165,Ordinary,Not in reference set,82.25,17.13,6.30,67.80,No,
ONDANSETRON,RESPIRATORY DEPRESSION,Respiratory,736,758.3,0.97,0.97,0.97,-0.165,Ordinary,Not in reference set,82.20,14.67,5.84,64.67,No,
OMEPRAZOLE,AORTIC ANEURYSM,Vascular,567,577.3,0.98,0.98,0.98,-0.165,Ordinary,Not in reference set,82.19,16.40,6.35,67.90,No,
ALLOPURINOL,HAEMORRHAGE,Vascular,669,686.5,0.97,0.97,0.97,-0.165,Ordinary,Not in reference set,84.01,17.04,4.19,69.06,No,
ONDANSETRON,AGRANULOCYTOSIS,Blood,657,673.7,0.98,0.97,0.97,-0.165,Ordinary,Not in reference set,82.80,15.22,4.11,66.67,No,
AZITHROMYCIN,HYPERTENSION,Vascular,1077,1126.2,0.96,0.95,0.95,-0.165,Ordinary,Not in reference set,84.03,17.46,5.85,67.04,No,
IBUPROFEN,HEPATIC FAILURE,Hepatobiliary,569,579.6,0.98,0.98,0.98,-0.165,Ordinary,Not in reference set,81.37,15.82,5.27,69.60,No,
APIXABAN,CLOSTRIDIUM DIFFICILE COLITIS,Gastrointestinal,440,442.3,0.99,0.99,0.99,-0.165,Ordinary,Not in reference set,86.82,17.50,3.64,64.55,No,
CANAGLIFLOZIN,HYPERKALAEMIA,Metabolic,485,490.2,0.99,0.99,0.99,-0.165,Ordinary,Not in reference set,82.06,16.29,5.57,65.57,No,
AMIODARONE,HALLUCINATION,Psychiatric,337,333.6,1.01,1.01,1.01,-0.165,Ordinary,Not in reference set,82.49,15.73,6.23,63.80,No,
LEVOFLOXACIN,ANAEMIA,Blood,1079,1128.6,0.96,0.95,0.95,-0.165,Ordinary,Not in reference set,81.65,17.33,6.95,63.30,No,
LEVOFLOXACIN,ALOPECIA,Skin,860,892.0,0.96,0.96,0.96,-0.165,Ordinary,Not in reference set,81.86,18.02,4.53,67.33,No,
CANAGLIFLOZIN,ACUTE KIDNEY INJURY,Renal,681,699.6,0.97,0.97,0.97,-0.165,Ordinary,Not in reference set,79.59,16.30,4.11,72.69,No,
ISOTRETINOIN,HYPOTENSION,Vascular,645,661.0,0.98,0.97,0.97,-0.165,Ordinary,Not in reference set,83.41,16.59,8.06,64.81,No,
PREDNISONE,AGGRESSION,Psychiatric,514,521.1,0.99,0.99,0.98,-0.166,Ordinary,Not in reference set,82.49,19.26,4.86,66.54,No,
METHOTREXATE,DEPRESSION,Psychiatric,1554,1644.9,0.94,0.94,0.94,-0.166,Ordinary,Not in reference set,83.78,17.50,5.34,68.79,No,
ALBUTEROL,PARAESTHESIA,Nervous system,1006,1050.0,0.96,0.95,0.95,-0.166,Ordinary,Not in reference set,82.70,17.00,4.37,69.58,No,
PANTOPRAZOLE,PARAESTHESIA,Nervous system,888,922.5,0.96,0.96,0.96,-0.166,Ordinary,Not in reference set,82.88,17.00,6.08,65.54,No,
CLOZAPINE,TENDON RUPTURE,Musculoskeletal,710,730.9,0.97,0.97,0.97,-0.166,Ordinary,Not in reference set,83.94,15.77,5.63,65.49,No,
WARFARIN,PULMONARY FIBROSIS,Respiratory,593,605.6,0.98,0.98,0.98,-0.166,Ordinary,Not in reference set,83.31,18.04,6.41,68.63,No,
INSULIN GLARGINE,SEIZURE,Nervous system,578,589.5,0.98,0.98,0.98,-0.166,Ordinary,Not in reference set,84.78,14.71,6.57,65.74,No,
ADALIMUMAB,TREMOR,Nervous system,644,660.2,0.98,0.97,0.97,-0.166,Ordinary,Not in reference set,82.61,20.03,5.28,63.82,No,
SITAGLIPTIN,HYPOTENSION,Vascular,804,832.1,0.97,0.96,0.96,-0.166,Ordinary,Not in reference set,80.97,16.17,5.22,64.55,No,
ALLOPURINOL,NAUSEA,Gastrointestinal,1520,1608.3,0.95,0.94,0.94,-0.166,Ordinary,Not in reference set,82.89,16.58,5.20,67.04,No,
SERTRALINE,ELECTROCARDIOGRAM QT PROLONGED,Cardiac,1135,1190.0,0.95,0.95,0.95,-0.166,Ordinary,Not in reference set,82.82,16.48,4.85,66.43,No,
INSULIN GLARGINE,OFF LABEL USE,General,934,972.4,0.96,0.96,0.96,-0.166,Ordinary,Not in reference set,82.76,17.45,5.25,69.59,No,
ALBUTEROL,MUSCULAR WEAKNESS,Musculoskeletal,987,1029.8,0.96,0.95,0.95,-0.166,Ordinary,Not in reference set,84.60,16.31,4.66,65.86,No,
ALLOPURINOL,PHOTOSENSITIVITY REACTION,Skin,338,334.9,1.01,1.01,1.01,-0.166,Ordinary,Not in reference set,84.32,16.86,6.21,71.30,No,
SITAGLIPTIN,DIABETIC KETOACIDOSIS,Metabolic,553,563.1,0.98,0.98,0.98,-0.167,Ordinary,Not in reference set,81.01,17.72,4.16,66.73,No,
APIXABAN,SEIZURE,Nervous system,577,588.8,0.98,0.98,0.98,-0.167,Ordinary,Not in reference set,82.67,14.73,4.51,66.72,No,
CLOZAPINE,DIABETIC KETOACIDOSIS,Metabolic,560,570.6,0.98,0.98,0.98,-0.167,Ordinary,Not in reference set,81.79,18.93,5.54,65.71,No,
CLOZAPINE,NIGHTMARE,Psychiatric,633,648.8,0.98,0.97,0.97,-0.167,Ordinary,Not in reference set,85.78,18.80,5.53,69.04,No,
AZITHROMYCIN,ANGIOEDEMA,Skin,672,690.7,0.97,0.97,0.97,-0.167,Ordinary,Not in reference set,84.38,18.30,5.80,64.14,No,
ESOMEPRAZOLE,THROMBOCYTOPENIA,Blood,653,670.3,0.97,0.97,0.97,-0.167,Ordinary,Not in reference set,82.08,18.99,6.13,68.91,No,
CANAGLIFLOZIN,STEVENS-JOHNSON SYNDROME,Skin,304,299.3,1.02,1.02,1.02,-0.167,Ordinary,Not in reference set,82.24,17.11,3.95,70.07,No,
ALLOPURINOL,HYPOTENSION,Vascular,816,845.7,0.96,0.96,0.96,-0.167,Ordinary,Not in reference set,82.60,16.05,4.17,67.89,No,
ISOTRETINOIN,CONFUSIONAL STATE,Psychiatric,506,513.2,0.99,0.99,0.98,-0.167,Ordinary,Not in reference set,86.56,18.77,4.55,68.77,No,
ISOTRETINOIN,HYPERKALAEMIA,Metabolic,393,393.1,1.00,1.00,1.00,-0.167,Ordinary,Not in reference set,84.73,13.99,5.34,68.70,No,
APIXABAN,VOMITING,Gastrointestinal,1454,1537.8,0.95,0.94,0.94,-0.167,Ordinary,Not in reference set,84.59,19.74,6.19,67.68,No,
SERTRALINE,DEHYDRATION,Metabolic,972,1014.3,0.96,0.95,0.95,-0.167,Ordinary,Not in reference set,82.30,17.28,5.25,67.80,No,
ESOMEPRAZOLE,BRADYCARDIA,Cardiac,454,457.9,0.99,0.99,0.99,-0.167,Ordinary,Not in reference set,85.90,15.42,5.95,65.20,No,
ESOMEPRAZOLE,PANCYTOPENIA,Blood,775,801.7,0.97,0.96,0.96,-0.168,Ordinary,Not in reference set,81.16,14.97,6.19,67.23,No,
CELECOXIB,SOMNOLENCE,Nervous system,806,835.3,0.96,0.96,0.96,-0.168,Ordinary,Not in reference set,84.62,18.24,6.70,65.51,No,
WARFARIN,HAEMORRHAGE,Vascular,1019,1065.6,0.96,0.95,0.95,-0.168,Ordinary,Not in reference set,81.94,15.70,5.40,67.52,No,
TAMSULOSIN,MYOCARDITIS,Cardiac,293,288.0,1.02,1.02,1.02,-0.168,Ordinary,Not in reference set,84.30,17.75,5.46,64.51,No,
METFORMIN,SEIZURE,Nervous system,926,965.1,0.96,0.96,0.95,-0.168,Ordinary,Not in reference set,81.43,17.39,5.18,67.60,No,
ESOMEPRAZOLE,MYOCARDIAL INFARCTION,Cardiac,1119,1174.4,0.95,0.95,0.95,-0.168,Ordinary,Not in reference set,82.22,18.77,7.15,65.50,No,
SITAGLIPTIN,BACK PAIN,Musculoskeletal,782,809.8,0.97,0.96,0.96,-0.168,Ordinary,Not in reference set,81.97,17.77,4.99,67.14,No,
WARFARIN,HYPERKALAEMIA,Metabolic,755,780.7,0.97,0.96,0.96,-0.168,Ordinary,Not in reference set,83.44,15.76,6.09,70.73,No,
ISOTRETINOIN,MYALGIA,Musculoskeletal,755,780.7,0.97,0.97,0.96,-0.168,Ordinary,Not in reference set,83.97,16.95,4.24,66.23,No,
CLOZAPINE,RESPIRATORY DEPRESSION,Respiratory,480,485.9,0.99,0.99,0.99,-0.168,Ordinary,Not in reference set,78.75,18.96,4.38,68.54,No,
ALBUTEROL,ALOPECIA,Skin,977,1020.6,0.96,0.95,0.95,-0.169,Ordinary,Not in reference set,81.78,17.91,6.76,70.32,No,
ROSUVASTATIN,AGRANULOCYTOSIS,Blood,653,671.2,0.97,0.97,0.97,-0.169,Ordinary,Not in reference set,81.47,18.53,5.36,68.30,No,
WARFARIN,ACUTE KIDNEY INJURY,Renal,1063,1114.2,0.95,0.95,0.95,-0.169,Ordinary,Not in reference set,83.82,17.69,5.46,66.70,No,
ATORVASTATIN,AORTIC ANEURYSM,Vascular,623,639.2,0.97,0.97,0.97,-0.169,Ordinary,Not in reference set,83.63,17.01,5.78,65.97,No,
INSULIN GLARGINE,STEVENS-JOHNSON SYNDROME,Skin,363,362.0,1.00,1.00,1.00,-0.169,Ordinary,Not in reference set,82.37,16.53,5.79,69.42,No,
VARENICLINE,PULMONARY FIBROSIS,Respiratory,312,308.2,1.01,1.01,1.01,-0.169,Ordinary,Not in reference set,82.37,15.06,4.49,68.59,No,
CANAGLIFLOZIN,RHABDOMYOLYSIS,Musculoskeletal,580,593.2,0.98,0.98,0.98,-0.170,Ordinary,Not in reference set,83.28,17.41,5.34,67.24,No,
TRAMADOL,TORSADE DE POINTES,Cardiac,429,432.1,0.99,0.99,0.99,-0.170,Ordinary,Not in reference set,84.15,15.15,6.99,66.43,No,
ESOMEPRAZOLE,RHABDOMYOLYSIS,Musculoskeletal,804,834.4,0.96,0.96,0.96,-0.170,Ordinary,Not in reference set,83.96,17.66,5.85,67.91,No,
AMLODIPINE,SEROTONIN SYNDROME,Nervous system,688,709.4,0.97,0.97,0.97,-0.170,Ordinary,Not in reference set,82.56,17.73,4.94,69.04,No,
SITAGLIPTIN,NEUTROPENIA,Blood,476,482.2,0.99,0.99,0.99,-0.170,Ordinary,Not in reference set,84.66,18.07,5.04,63.45,No,
PREDNISONE,PHOTOSENSITIVITY REACTION,Skin,512,520.6,0.98,0.98,0.98,-0.170,Ordinary,Not in reference set,83.40,19.92,5.27,69.14,No,
INSULIN GLARGINE,HYPOTENSION,Vascular,954,996.8,0.96,0.95,0.95,-0.170,Ordinary,Not in reference set,81.87,16.46,5.03,68.76,No,
WARFARIN,SEIZURE,Nervous system,750,776.3,0.97,0.96,0.96,-0.170,Ordinary,Not in reference set,83.33,18.40,5.60,68.27,No,
ESOMEPRAZOLE,SEROTONIN SYNDROME,Nervous system,501,508.9,0.98,0.98,0.98,-0.170,Ordinary,Not in reference set,84.03,19.56,4.79,68.46,No,
APIXABAN,FATIGUE,General,1616,1718.1,0.94,0.94,0.93,-0.171,Ordinary,Not in reference set,83.42,18.07,6.37,66.58,No,
ATORVASTATIN,CLOSTRIDIUM DIFFICILE COLITIS,Gastrointestinal,701,723.7,0.97,0.97,0.96,-0.171,Ordinary,Not in reference set,81.88,16.55,4.42,69.33,No,
IBUPROFEN,STEVENS-JOHNSON SYNDROME,Skin,525,534.7,0.98,0.98,0.98,-0.171,Ordinary,Not in reference set,80.95,18.86,4.38,64.38,No,
VARENICLINE,VOMITING,Gastrointestinal,986,1031.9,0.96,0.95,0.95,-0.171,Ordinary,Not in reference set,83.37,18.15,4.97,67.44,No,
SERTRALINE,CLOSTRIDIUM DIFFICILE COLITIS,Gastrointestinal,569,581.9,0.98,0.98,0.98,-0.171,Ordinary,Not in reference set,83.13,14.76,5.62,66.43,No,
HYDROXYCHLOROQUINE,DEPRESSION,Psychiatric,1305,1379.0,0.95,0.94,0.94,-0.171,Ordinary,Not in reference set,82.22,16.25,5.06,67.97,No,
CELECOXIB,HYPONATRAEMIA,Metabolic,610,625.9,0.97,0.97,0.97,-0.171,Ordinary,Not in reference set,83.44,16.23,5.74,67.05,No,
CLOZAPINE,ANXIETY,Psychiatric,935,976.8,0.96,0.95,0.95,-0.171,Ordinary,Not in reference set,84.60,18.93,5.13,65.99,No,
LEVOTHYROXINE,HEPATIC FAILURE,Hepatobiliary,681,702.3,0.97,0.97,0.97,-0.171,Ordinary,Not in reference set,81.94,15.57,6.02,65.93,No,
METFORMIN,ATRIAL FIBRILLATION,Cardiac,1177,1239.7,0.95,0.94,0.94,-0.171,Ordinary,Not in reference set,82.75,15.89,5.35,67.03,No,
VARENICLINE,CONSTIPATION,Gastrointestinal,746,772.4,0.97,0.96,0.96,-0.171,Ordinary,Not in reference set,84.58,16.49,3.62,69.17,No,
OMEPRAZOLE,ALOPECIA,Skin,1079,1133.3,0.95,0.95,0.95,-0.171,Ordinary,Not in reference set,81.65,16.50,4.54,65.25,No,
IBUPROFEN,SEIZURE,Nervous system,837,870.8,0.96,0.96,0.96,-0.171,Ordinary,Not in reference set,82.92,17.08,5.02,67.98,No,
ONDANSETRON,SEIZURE,Nervous system,751,778.1,0.97,0.96,0.96,-0.172,Ordinary,Not in reference set,82.69,16.91,6.39,67.51,No,
CLOZAPINE,HEPATIC FAILURE,Hepatobiliary,334,331.9,1.01,1.01,1.01,-0.172,Ordinary,Not in reference set,87.43,15.57,5.99,70.66,No,
TRAMADOL,HYPOTENSION,Vascular,1103,1159.8,0.95,0.95,0.95,-0.172,Ordinary,Not in reference set,82.68,16.59,6.35,64.91,No,
HYDROXYCHLOROQUINE,NIGHTMARE,Psychiatric,627,644.6,0.97,0.97,0.97,-0.172,Ordinary,Not in reference set,84.21,17.38,5.74,66.35,No,
AMIODARONE,BACK PAIN,Musculoskeletal,783,812.8,0.96,0.96,0.96,-0.172,Ordinary,Not in reference set,83.65,16.86,5.24,66.92,No,
APIXABAN,PANCREATITIS,Gastrointestinal,562,574.9,0.98,0.98,0.98,-0.172,Ordinary,Not in reference set,81.32,16.55,5.69,67.97,No,
APIXABAN,CONFUSIONAL STATE,Psychiatric,746,773.0,0.97,0.96,0.96,-0.172,Ordinary,Not in reference set,82.84,16.35,7.37,67.56,No,
LEVOTHYROXINE,STEVENS-JOHNSON SYNDROME,Skin,630,648.0,0.97,0.97,0.97,-0.172,Ordinary,Not in reference set,82.06,18.10,6.19,65.24,No,
WARFARIN,SOMNOLENCE,Nervous system,1240,1309.3,0.95,0.94,0.94,-0.172,Ordinary,Not in reference set,84.52,17.66,6.29,65.32,No,
VARENICLINE,NEUTROPENIA,Blood,386,387.1,1.00,1.00,1.00,-0.172,Ordinary,Not in reference set,85.23,17.88,7.77,69.69,No,
PREDNISONE,ANAEMIA,Blood,1214,1281.2,0.95,0.94,0.94,-0.173,Ordinary,Not in reference set,84.10,17.05,4.70,66.14,No,
GABAPENTIN,CLOSTRIDIUM DIFFICILE COLITIS,Gastrointestinal,568,581.6,0.98,0.97,0.97,-0.173,Ordinary,Not in reference set,84.15,16.20,5.46,67.08,No,
LISINOPRIL,TENDON RUPTURE,Musculoskeletal,1336,1414.6,0.94,0.94,0.94,-0.173,Ordinary,Not in reference set,83.68,17.29,4.34,66.24,No,
FEBUXOSTAT,STEVENS-JOHNSON SYNDROME,Skin,253,246.9,1.02,1.03,1.03,-0.173,Ordinary,Not in reference set,82.21,19.76,8.30,68.77,No,
ATORVASTATIN,SEROTONIN SYNDROME,Nervous system,692,715.1,0.97,0.96,0.96,-0.173,Ordinary,Not in reference set,84.39,17.92,6.65,67.63,No,
METHOTREXATE,CONGENITAL ANOMALY,Congenital,199,190.7,1.04,1.05,1.05,-0.173,Ordinary,Not in reference set,86.93,19.10,4.52,62.31,No,
FEBUXOSTAT,DIZZINESS,Nervous system,997,1045.6,0.95,0.95,0.95,-0.173,Ordinary,Not in reference set,83.15,17.25,4.91,65.90,No,
VARENICLINE,AGGRESSION,Psychiatric,270,264.8,1.02,1.02,1.02,-0.173,Ordinary,Not in reference set,84.44,19.26,2.96,63.70,No,
LISINOPRIL,HEPATITIS,Hepatobiliary,690,713.2,0.97,0.96,0.96,-0.173,Ordinary,Not in reference set,82.75,17.68,6.09,68.41,No,
HYDROXYCHLOROQUINE,HYPERKALAEMIA,Metabolic,490,498.3,0.98,0.98,0.98,-0.173,Ordinary,Not in reference set,82.65,19.80,8.16,65.92,No,
LISINOPRIL,TOXIC EPIDERMAL NECROLYSIS,Skin,326,323.9,1.01,1.01,1.01,-0.174,Ordinary,Not in reference set,85.58,16.87,3.68,68.71,No,
ESOMEPRAZOLE,WEIGHT DECREASED,Investigations,871,909.2,0.96,0.95,0.95,-0.174,Ordinary,Not in reference set,84.16,18.48,4.48,67.05,No,
ALBUTEROL,FOETAL MALFORMATION,Congenital,615,632.6,0.97,0.97,0.97,-0.174,Ordinary,Not in reference set,82.60,18.86,6.50,65.37,No,
CELECOXIB,ANAEMIA,Blood,785,816.1,0.96,0.96,0.96,-0.174,Ordinary,Not in reference set,81.27,18.60,3.95,65.73,No,
MONTELUKAST,AMPUTATION,Procedural,533,544.5,0.98,0.98,0.98,-0.174,Ordinary,Not in reference set,82.93,17.26,5.25,66.98,No,
PREDNISONE,CARDIAC ARREST,Cardiac,516,526.3,0.98,0.98,0.98,-0.174,Ordinary,Not in reference set,83.53,16.86,4.46,64.92,No,
INSULIN GLARGINE,BACK PAIN,Musculoskeletal,927,970.1,0.96,0.95,0.95,-0.174,Ordinary,Not in reference set,83.39,16.50,4.85,67.53,No,
GABAPENTIN,AGGRESSION,Psychiatric,509,518.9,0.98,0.98,0.98,-0.174,Ordinary,Not in reference set,84.28,14.73,6.88,65.82,No,
DULOXETINE,HEPATIC FAILURE,Hepatobiliary,394,396.2,0.99,0.99,0.99,-0.174,Ordinary,Not in reference set,82.99,16.75,7.11,72.59,No,
AMIODARONE,HYPONATRAEMIA,Metabolic,607,624.3,0.97,0.97,0.97,-0.174,Ordinary,Not in reference set,81.22,17.63,4.94,63.43,No,
SITAGLIPTIN,CLOSTRIDIUM DIFFICILE COLITIS,Gastrointestinal,369,369.7,1.00,1.00,1.00,-0.175,Ordinary,Not in reference set,81.30,16.26,6.78,71.54,No,
GABAPENTIN,TOXIC EPIDERMAL NECROLYSIS,Skin,265,259.8,1.02,1.02,1.02,-0.175,Ordinary,Not in reference set,79.25,16.23,5.66,65.66,No,
LISINOPRIL,ATRIAL FIBRILLATION,Cardiac,1174,1239.6,0.95,0.94,0.94,-0.175,Ordinary,Not in reference set,82.88,15.93,6.81,68.74,No,
GABAPENTIN,TENDONITIS,Musculoskeletal,260,254.6,1.02,1.02,1.02,-0.175,Ordinary,Not in reference set,83.85,14.23,7.31,64.23,No,
ALLOPURINOL,ALOPECIA,Skin,632,651.4,0.97,0.97,0.97,-0.175,Ordinary,Not in reference set,83.54,17.88,5.85,66.46,No,
CELECOXIB,STEVENS-JOHNSON SYNDROME,Skin,307,304.1,1.01,1.01,1.01,-0.175,Ordinary,Not in reference set,82.74,14.01,8.14,67.75,No,
PANTOPRAZOLE,HYPERKALAEMIA,Metabolic,670,692.4,0.97,0.97,0.96,-0.175,Ordinary,Not in reference set,82.54,14.63,5.67,67.91,No,
HYDROXYCHLOROQUINE,ATRIAL FIBRILLATION,Cardiac,618,636.4,0.97,0.97,0.97,-0.175,Ordinary,Not in reference set,82.04,16.50,6.15,67.48,No,
CANAGLIFLOZIN,VOMITING,Gastrointestinal,1204,1272.9,0.95,0.94,0.94,-0.175,Ordinary,Not in reference set,82.31,19.68,4.65,68.69,No,
WARFARIN,SEROTONIN SYNDROME,Nervous system,562,576.3,0.98,0.97,0.97,-0.176,Ordinary,Not in reference set,82.56,19.93,5.52,67.79,No,
CANAGLIFLOZIN,THROMBOCYTOPENIA,Blood,469,476.5,0.98,0.98,0.98,-0.176,Ordinary,Not in reference set,82.94,14.93,5.54,65.88,No,
SERTRALINE,BRADYCARDIA,Cardiac,507,517.3,0.98,0.98,0.98,-0.176,Ordinary,Not in reference set,84.02,18.34,4.73,67.65,No,
ISOTRETINOIN,BACK PAIN,Musculoskeletal,624,643.3,0.97,0.97,0.97,-0.176,Ordinary,Not in reference set,82.37,18.11,7.05,64.10,No,
CANAGLIFLOZIN,AORTIC ANEURYSM,Vascular,325,323.4,1.00,1.01,1.01,-0.176,Ordinary,Not in reference set,81.85,18.46,3.38,69.54,No,
OMEPRAZOLE,ANGIOEDEMA,Skin,839,876.0,0.96,0.95,0.95,-0.176,Ordinary,Not in reference set,81.88,17.52,6.44,65.79,No,
SERTRALINE,WEIGHT DECREASED,Investigations,978,1027.2,0.95,0.95,0.95,-0.176,Ordinary,Not in reference set,84.05,16.97,5.42,67.08,No,
VARENICLINE,WEIGHT DECREASED,Investigations,513,524.0,0.98,0.98,0.98,-0.176,Ordinary,Not in reference set,79.34,16.96,5.07,66.67,No,
METFORMIN,HEPATIC FAILURE,Hepatobiliary,623,642.4,0.97,0.97,0.97,-0.176,Ordinary,Not in reference set,84.75,16.21,5.46,66.61,No,
ONDANSETRON,BRADYCARDIA,Cardiac,509,519.7,0.98,0.98,0.98,-0.176,Ordinary,Not in reference set,81.93,18.07,5.30,66.60,No,
ALLOPURINOL,ATRIAL FIBRILLATION,Cardiac,623,642.4,0.97,0.97,0.97,-0.177,Ordinary,Not in reference set,83.63,18.30,5.30,66.29,No,
SERTRALINE,PHOTOSENSITIVITY REACTION,Skin,508,518.7,0.98,0.98,0.98,-0.177,Ordinary,Not in reference set,80.51,14.76,7.09,70.47,No,
METHOTREXATE,THROMBOCYTOPENIA,Blood,563,577.8,0.97,0.97,0.97,-0.177,Ordinary,Not in reference set,84.37,19.54,4.62,66.79,No,
SERTRALINE,HEPATIC FAILURE,Hepatobiliary,505,515.5,0.98,0.98,0.98,-0.177,Ordinary,Not in reference set,82.18,18.22,4.75,64.95,No,
CIPROFLOXACIN,CONSTIPATION,Gastrointestinal,1266,1342.2,0.94,0.94,0.94,-0.177,Ordinary,Not in reference set,83.25,18.01,5.77,69.19,No,
LEVOFLOXACIN,PANCREATITIS,Gastrointestinal,647,668.7,0.97,0.97,0.96,-0.177,Ordinary,Not in reference set,81.76,16.69,5.56,65.84,No,
CELECOXIB,ANGIOEDEMA,Skin,489,498.6,0.98,0.98,0.98,-0.177,Ordinary,Not in reference set,81.39,15.95,6.75,70.55,No,
TAMSULOSIN,MUSCULAR WEAKNESS,Musculoskeletal,626,646.1,0.97,0.97,0.97,-0.178,Ordinary,Not in reference set,85.14,18.37,4.47,64.54,No,
GABAPENTIN,AORTIC ANEURYSM,Vascular,503,513.7,0.98,0.98,0.98,-0.178,Ordinary,Not in reference set,83.10,18.89,5.77,67.59,No,
ALLOPURINOL,HYPERKALAEMIA,Metabolic,493,503.0,0.98,0.98,0.98,-0.178,Ordinary,Not in reference set,84.99,16.02,6.69,64.71,No,
CELECOXIB,CONSTIPATION,Gastrointestinal,923,968.2,0.95,0.95,0.95,-0.178,Ordinary,Not in reference set,84.94,16.25,6.28,70.42,No,
CLOPIDOGREL,HYPONATRAEMIA,Metabolic,826,862.8,0.96,0.95,0.95,-0.178,Ordinary,Not in reference set,82.20,17.92,5.81,66.34,No,
PREDNISONE,AORTIC ANEURYSM,Vascular,505,515.9,0.98,0.98,0.98,-0.178,Ordinary,Not in reference set,82.57,17.03,5.54,67.33,No,
LEVOFLOXACIN,NIGHTMARE,Psychiatric,852,891.1,0.96,0.95,0.95,-0.178,Ordinary,Not in reference set,80.28,13.26,5.87,67.25,No,
VALPROATE,NIGHTMARE,Psychiatric,631,651.6,0.97,0.97,0.97,-0.178,Ordinary,Not in reference set,85.90,16.48,5.07,65.45,No,
WARFARIN,ANGIOEDEMA,Skin,751,781.5,0.96,0.96,0.96,-0.178,Ordinary,Not in reference set,82.82,18.51,4.93,70.04,No,
DULOXETINE,CONSTIPATION,Gastrointestinal,1102,1163.7,0.95,0.94,0.94,-0.178,Ordinary,Not in reference set,83.76,18.78,4.81,66.24,No,
ADALIMUMAB,SEIZURE,Nervous system,485,494.5,0.98,0.98,0.98,-0.178,Ordinary,Not in reference set,82.06,15.88,3.09,64.95,No,
SITAGLIPTIN,HALLUCINATION,Psychiatric,333,332.3,1.00,1.00,1.00,-0.178,Ordinary,Not in reference set,79.88,15.92,5.11,67.27,No,
FEBUXOSTAT,PYREXIA,General,765,797.0,0.96,0.96,0.96,-0.178,Ordinary,Not in reference set,83.92,17.25,6.54,62.61,No,
PREDNISONE,SEIZURE,Nervous system,747,777.5,0.96,0.96,0.96,-0.179,Ordinary,Not in reference set,80.59,15.80,6.56,68.27,No,
ADALIMUMAB,CONSTIPATION,Gastrointestinal,921,966.8,0.95,0.95,0.95,-0.179,Ordinary,Not in reference set,84.80,17.48,5.43,71.12,No,
AZITHROMYCIN,HAEMORRHAGE,Vascular,898,941.8,0.95,0.95,0.95,-0.179,Ordinary,Not in reference set,82.85,16.04,5.46,66.15,No,
ISOTRETINOIN,PULMONARY FIBROSIS,Respiratory,307,304.9,1.01,1.01,1.01,-0.179,Ordinary,Not in reference set,88.60,17.92,7.17,67.43,No,
FEBUXOSTAT,THROMBOCYTOPENIA,Blood,390,393.2,0.99,0.99,0.99,-0.179,Ordinary,Not in reference set,83.08,20.00,6.92,65.90,No,
ADALIMUMAB,AGGRESSION,Psychiatric,332,331.5,1.00,1.00,1.00,-0.179,Ordinary,Not in reference set,83.13,15.66,7.23,66.27,No,
CANAGLIFLOZIN,SEIZURE,Nervous system,478,487.4,0.98,0.98,0.98,-0.179,Ordinary,Not in reference set,79.71,16.32,6.28,62.34,No,
CELECOXIB,THROMBOCYTOPENIA,Blood,475,484.2,0.98,0.98,0.98,-0.179,Ordinary,Not in reference set,82.53,19.37,5.47,70.53,No,
ESOMEPRAZOLE,ANGIOEDEMA,Skin,666,690.2,0.96,0.96,0.96,-0.179,Ordinary,Not in reference set,85.89,19.82,5.26,66.82,No,
LEVOTHYROXINE,PHOTOSENSITIVITY REACTION,Skin,681,706.6,0.96,0.96,0.96,-0.180,Ordinary,Not in reference set,83.70,15.57,5.58,68.72,No,
ADALIMUMAB,ELECTROCARDIOGRAM QT PROLONGED,Cardiac,730,759.8,0.96,0.96,0.96,-0.180,Ordinary,Not in reference set,82.33,16.44,5.07,64.38,No,
CLOPIDOGREL,MYOCARDITIS,Cardiac,396,399.9,0.99,0.99,0.99,-0.180,Ordinary,Not in reference set,83.08,19.19,5.30,63.64,No,
SITAGLIPTIN,DIZZINESS,Nervous system,1206,1279.5,0.94,0.94,0.94,-0.180,Ordinary,Not in reference set,84.00,16.17,5.89,66.75,No,
PANTOPRAZOLE,SOMNOLENCE,Nervous system,1098,1161.3,0.95,0.94,0.94,-0.180,Ordinary,Not in reference set,82.51,17.76,5.28,65.94,No,
AMLODIPINE,NEUTROPENIA,Blood,892,936.3,0.95,0.95,0.95,-0.180,Ordinary,Not in reference set,81.61,17.94,6.61,69.28,No,
SITAGLIPTIN,PARAESTHESIA,Nervous system,637,659.4,0.97,0.96,0.96,-0.181,Ordinary,Not in reference set,81.48,15.38,4.71,64.21,No,
HYDROXYCHLOROQUINE,HEPATIC FAILURE,Hepatobiliary,330,329.7,1.00,1.00,1.00,-0.181,Ordinary,Not in reference set,85.76,14.85,5.76,65.76,No,
SERTRALINE,TORSADE DE POINTES,Cardiac,478,488.0,0.98,0.98,0.98,-0.181,Ordinary,Not in reference set,83.68,14.85,4.60,68.20,No,
CLOZAPINE,ANGIOEDEMA,Skin,491,502.0,0.98,0.98,0.98,-0.181,Ordinary,Not in reference set,84.93,20.16,6.31,65.58,No,
SERTRALINE,SEIZURE,Nervous system,743,774.6,0.96,0.96,0.95,-0.181,Ordinary,Not in reference set,84.66,17.90,6.19,68.78,No,
AMLODIPINE,ACUTE KIDNEY INJURY,Renal,1289,1371.5,0.94,0.93,0.93,-0.181,Ordinary,Not in reference set,81.61,17.92,4.42,67.03,No,
ISOTRETINOIN,NIGHTMARE,Psychiatric,497,508.6,0.98,0.98,0.98,-0.181,Ordinary,Not in reference set,83.70,18.71,6.44,65.19,No,
CIPROFLOXACIN,PULMONARY FIBROSIS,Respiratory,522,535.6,0.97,0.97,0.97,-0.182,Ordinary,Not in reference set,83.52,18.58,7.09,68.39,No,
ALLOPURINOL,ELECTROCARDIOGRAM QT PROLONGED,Cardiac,737,768.4,0.96,0.96,0.96,-0.182,Ordinary,Not in reference set,82.90,17.77,4.88,67.03,No,
FEBUXOSTAT,AGGRESSION,Psychiatric,273,269.6,1.01,1.01,1.01,-0.182,Ordinary,Not in reference set,85.71,16.12,5.86,69.96,No,
LEVOFLOXACIN,HALLUCINATION,Psychiatric,454,462.5,0.98,0.98,0.98,-0.182,Ordinary,Not in reference set,80.18,19.60,6.83,66.08,No,
CELECOXIB,INSOMNIA,Psychiatric,1083,1146.2,0.94,0.94,0.94,-0.182,Ordinary,Not in reference set,83.47,16.16,6.00,64.91,No,
ROSUVASTATIN,TORSADE DE POINTES,Cardiac,478,488.4,0.98,0.98,0.98,-0.182,Ordinary,Not in reference set,83.89,18.62,5.23,65.90,No,
ROSUVASTATIN,MYOCARDITIS,Cardiac,446,454.1,0.98,0.98,0.98,-0.182,Ordinary,Not in reference set,83.18,19.28,7.85,64.80,No,
ONDANSETRON,STEVENS-JOHNSON SYNDROME,Skin,468,477.8,0.98,0.98,0.98,-0.183,Ordinary,Not in reference set,83.76,15.60,6.20,66.67,No,
METFORMIN,ANGIOEDEMA,Skin,923,971.6,0.95,0.94,0.94,-0.183,Ordinary,Not in reference set,81.04,18.09,4.98,67.28,No,
AMIODARONE,AMPUTATION,Procedural,306,304.7,1.00,1.00,1.00,-0.183,Ordinary,Not in reference set,85.29,17.32,5.88,66.01,No,
VALPROATE,TOXIC EPIDERMAL NECROLYSIS,Skin,176,168.1,1.05,1.05,1.05,-0.183,Ordinary,Not in reference set,82.95,18.18,6.82,71.59,No,
VARENICLINE,AGRANULOCYTOSIS,Blood,341,342.1,1.00,1.00,1.00,-0.183,Ordinary,Not in reference set,84.75,14.96,4.69,66.57,No,
ESOMEPRAZOLE,NEUTROPENIA,Blood,647,671.8,0.96,0.96,0.96,-0.184,Ordinary,Not in reference set,82.84,16.38,4.64,65.22,No,
ISOTRETINOIN,LACTIC ACIDOSIS,Metabolic,369,372.1,0.99,0.99,0.99,-0.184,Ordinary,Not in reference set,85.91,19.78,6.23,63.41,No,
AZITHROMYCIN,CARDIAC ARREST,Cardiac,455,464.4,0.98,0.98,0.98,-0.184,Ordinary,Not in reference set,84.40,15.60,4.62,62.42,No,
ISOTRETINOIN,ATRIAL FIBRILLATION,Cardiac,490,502.1,0.98,0.97,0.97,-0.184,Ordinary,Not in reference set,82.86,15.92,6.73,65.92,No,
CLOPIDOGREL,ANGIOEDEMA,Skin,661,687.3,0.96,0.96,0.96,-0.185,Ordinary,Not in reference set,82.15,18.31,4.69,67.32,No,
LEVOFLOXACIN,AGRANULOCYTOSIS,Blood,574,593.0,0.97,0.97,0.96,-0.185,Ordinary,Not in reference set,81.53,18.12,4.88,65.68,No,
FEBUXOSTAT,HYPERKALAEMIA,Metabolic,399,404.4,0.99,0.99,0.99,-0.185,Ordinary,Not in reference set,83.21,17.54,7.02,66.67,No,
CLOZAPINE,SEROTONIN SYNDROME,Nervous system,367,370.2,0.99,0.99,0.99,-0.185,Ordinary,Not in reference set,80.11,16.62,7.08,67.85,No,
LEVOFLOXACIN,STEVENS-JOHNSON SYNDROME,Skin,414,420.5,0.98,0.98,0.98,-0.185,Ordinary,Not in reference set,84.30,17.63,7.00,65.70,No,
DULOXETINE,MEMORY IMPAIRMENT,Nervous system,578,597.5,0.97,0.97,0.96,-0.185,Ordinary,Not in reference set,84.26,16.78,5.36,66.96,No,
PANTOPRAZOLE,HEPATITIS,Hepatobiliary,496,508.8,0.97,0.97,0.97,-0.185,Ordinary,Not in reference set,83.47,17.34,4.84,63.51,No,
ADALIMUMAB,ARTHRALGIA,Musculoskeletal,1070,1134.4,0.94,0.94,0.94,-0.185,Ordinary,Not in reference set,83.36,20.37,5.61,65.05,No,
TAMSULOSIN,SEROTONIN SYNDROME,Nervous system,362,365.0,0.99,0.99,0.99,-0.185,Ordinary,Not in reference set,84.53,18.51,6.08,69.89,No,
CANAGLIFLOZIN,ANGIOEDEMA,Skin,479,490.7,0.98,0.97,0.97,-0.186,Ordinary,Not in reference set,84.76,15.87,6.47,70.77,No,
FEBUXOSTAT,TORSADE DE POINTES,Cardiac,257,253.4,1.01,1.02,1.02,-0.186,Ordinary,Not in reference set,83.27,17.51,7.00,68.09,No,
FEBUXOSTAT,PNEUMONIA,Infection,618,641.1,0.96,0.96,0.96,-0.186,Ordinary,Not in reference set,83.82,16.83,5.66,64.24,No,
SERTRALINE,PULMONARY FIBROSIS,Respiratory,584,604.2,0.97,0.96,0.96,-0.186,Ordinary,Not in reference set,85.10,19.35,4.62,65.07,No,
METHOTREXATE,DEHYDRATION,Metabolic,740,773.9,0.96,0.95,0.95,-0.186,Ordinary,Not in reference set,85.27,16.76,4.59,69.32,No,
ATORVASTATIN,MYOCARDITIS,Cardiac,547,564.3,0.97,0.97,0.97,-0.186,Ordinary,Not in reference set,83.00,19.01,5.30,65.45,No,
DULOXETINE,HYPONATRAEMIA,Metabolic,720,752.3,0.96,0.95,0.95,-0.186,Ordinary,Not in reference set,80.56,16.53,6.11,64.58,No,
VALPROATE,DIABETIC KETOACIDOSIS,Metabolic,555,573.1,0.97,0.97,0.97,-0.187,Ordinary,Not in reference set,83.06,19.10,6.67,69.01,No,
CIPROFLOXACIN,PHOTOSENSITIVITY REACTION,Skin,450,459.7,0.98,0.98,0.98,-0.187,Ordinary,Not in reference set,84.89,15.78,4.00,67.11,No,
METFORMIN,HEPATITIS,Hepatobiliary,684,713.3,0.96,0.95,0.95,-0.187,Ordinary,Not in reference set,80.56,17.54,6.58,65.06,No,
GABAPENTIN,HEPATITIS,Hepatobiliary,554,572.1,0.97,0.97,0.96,-0.187,Ordinary,Not in reference set,85.02,18.41,5.78,65.52,No,
ROSUVASTATIN,HALLUCINATION,Psychiatric,509,523.5,0.97,0.97,0.97,-0.187,Ordinary,Not in reference set,81.73,15.13,5.30,69.55,No,
DULOXETINE,NIGHTMARE,Psychiatric,740,774.5,0.96,0.95,0.95,-0.187,Ordinary,Not in reference set,83.38,16.62,5.41,68.38,No,
CLOZAPINE,PULMONARY FIBROSIS,Respiratory,384,389.0,0.99,0.99,0.99,-0.187,Ordinary,Not in reference set,83.33,16.67,6.25,64.06,No,
CELECOXIB,TORSADE DE POINTES,Cardiac,312,312.0,1.00,1.00,1.00,-0.187,Ordinary,Not in reference set,80.77,14.74,7.37,70.19,No,
ADALIMUMAB,PULMONARY FIBROSIS,Respiratory,381,385.8,0.99,0.99,0.99,-0.187,Ordinary,Not in reference set,81.10,20.21,4.99,68.50,No,
CLOPIDOGREL,CARDIAC ARREST,Cardiac,452,462.1,0.98,0.98,0.98,-0.187,Ordinary,Not in reference set,82.30,17.70,5.09,69.69,No,
ADALIMUMAB,HEPATIC FAILURE,Hepatobiliary,328,329.1,1.00,1.00,1.00,-0.187,Ordinary,Not in reference set,84.45,17.99,5.79,71.04,No,
ALLOPURINOL,SOMNOLENCE,Nervous system,803,843.5,0.95,0.95,0.95,-0.188,Ordinary,Not in reference set,82.69,17.06,5.85,65.13,No,
SERTRALINE,DIABETIC KETOACIDOSIS,Metabolic,842,886.4,0.95,0.95,0.94,-0.188,Ordinary,Not in reference set,83.85,18.17,5.82,65.08,No,
APIXABAN,RESPIRATORY DEPRESSION,Respiratory,555,573.8,0.97,0.97,0.96,-0.188,Ordinary,Not in reference set,82.16,17.12,6.13,67.39,No,
VARENICLINE,RESPIRATORY DEPRESSION,Respiratory,380,385.0,0.99,0.99,0.99,-0.188,Ordinary,Not in reference set,83.95,15.26,6.05,64.21,No,
ALLOPURINOL,RHABDOMYOLYSIS,Musculoskeletal,587,608.7,0.96,0.96,0.96,-0.189,Ordinary,Not in reference set,83.65,16.35,5.79,66.61,No,
METHOTREXATE,BRADYCARDIA,Cardiac,389,394.7,0.99,0.98,0.98,-0.189,Ordinary,Not in reference set,85.35,21.34,6.17,64.52,No,
CLOPIDOGREL,PHOTOSENSITIVITY REACTION,Skin,447,457.2,0.98,0.98,0.98,-0.189,Ordinary,Not in reference set,83.45,19.46,6.71,65.10,No,
AMIODARONE,CONGENITAL ANOMALY,Congenital,167,159.4,1.05,1.05,1.05,-0.189,Ordinary,Not in reference set,79.04,15.57,2.99,71.26,No,
TRAMADOL,DEHYDRATION,Metabolic,852,898.1,0.95,0.94,0.94,-0.189,Ordinary,Not in reference set,81.57,17.49,5.87,67.84,No,
ALBUTEROL,SEROTONIN SYNDROME,Nervous system,562,581.7,0.97,0.96,0.96,-0.189,Ordinary,Not in reference set,83.10,19.40,5.87,66.55,No,
IBUPROFEN,MEMORY IMPAIRMENT,Nervous system,830,874.1,0.95,0.94,0.94,-0.189,Ordinary,Not in reference set,82.77,17.11,4.22,66.02,No,
ONDANSETRON,HALLUCINATION,Psychiatric,510,525.5,0.97,0.97,0.97,-0.189,Ordinary,Not in reference set,82.55,17.84,6.86,66.27,No,
CLOPIDOGREL,MUSCULAR WEAKNESS,Musculoskeletal,851,897.2,0.95,0.94,0.94,-0.189,Ordinary,Not in reference set,83.31,15.16,5.88,67.69,No,
AMIODARONE,PANCYTOPENIA,Blood,558,577.6,0.97,0.96,0.96,-0.190,Ordinary,Not in reference set,81.18,15.41,6.45,67.74,No,
CANAGLIFLOZIN,AGRANULOCYTOSIS,Blood,414,422.0,0.98,0.98,0.98,-0.190,Ordinary,Not in reference set,81.40,19.08,5.07,66.67,No,
VARENICLINE,SEIZURE,Nervous system,389,395.1,0.98,0.98,0.98,-0.190,Ordinary,Not in reference set,86.12,18.51,5.91,66.84,No,
SITAGLIPTIN,LACTIC ACIDOSIS,Metabolic,457,468.4,0.98,0.97,0.97,-0.190,Ordinary,Not in reference set,81.40,16.19,6.56,70.02,No,
WARFARIN,TOXIC EPIDERMAL NECROLYSIS,Skin,263,260.5,1.01,1.01,1.01,-0.190,Ordinary,Not in reference set,80.99,21.29,6.08,68.44,No,
HYDROXYCHLOROQUINE,ANGIOEDEMA,Skin,485,498.8,0.97,0.97,0.97,-0.190,Ordinary,Not in reference set,84.74,19.18,4.74,65.36,No,
METHOTREXATE,PULMONARY FIBROSIS,Respiratory,450,461.0,0.98,0.97,0.97,-0.191,Ordinary,Not in reference set,80.89,14.67,7.56,66.00,No,
VALPROATE,RESPIRATORY DEPRESSION,Respiratory,475,488.0,0.97,0.97,0.97,-0.191,Ordinary,Not in reference set,81.68,20.42,4.21,69.47,No,
AMLODIPINE,TORSADE DE POINTES,Cardiac,580,602.0,0.96,0.96,0.96,-0.191,Ordinary,Not in reference set,82.24,17.59,6.38,68.28,No,
SITAGLIPTIN,CARDIAC ARREST,Cardiac,331,333.1,0.99,0.99,0.99,-0.191,Ordinary,Not in reference set,84.89,14.80,4.83,61.33,No,
WARFARIN,PANCREATITIS,Gastrointestinal,723,757.9,0.95,0.95,0.95,-0.191,Ordinary,Not in reference set,81.19,18.12,8.02,66.67,No,
METHOTREXATE,AORTIC ANEURYSM,Vascular,386,392.1,0.98,0.98,0.98,-0.191,Ordinary,Not in reference set,83.42,17.36,4.66,65.80,No,
FEBUXOSTAT,SOMNOLENCE,Nervous system,650,678.3,0.96,0.96,0.95,-0.191,Ordinary,Not in reference set,83.54,17.85,5.23,66.46,No,
METHOTREXATE,MUSCULAR WEAKNESS,Musculoskeletal,740,776.7,0.95,0.95,0.95,-0.191,Ordinary,Not in reference set,83.51,19.73,5.41,68.51,No,
AMIODARONE,MEMORY IMPAIRMENT,Nervous system,482,495.8,0.97,0.97,0.97,-0.191,Ordinary,Not in reference set,83.82,14.32,5.39,65.35,No,
DULOXETINE,SEROTONIN SYNDROME,Nervous system,432,441.9,0.98,0.98,0.98,-0.192,Ordinary,Not in reference set,83.56,18.52,4.40,66.20,No,
CELECOXIB,TREMOR,Nervous system,634,661.2,0.96,0.96,0.96,-0.192,Ordinary,Not in reference set,83.28,17.03,6.94,65.30,No,
CELECOXIB,SEROTONIN SYNDROME,Nervous system,363,367.7,0.99,0.99,0.99,-0.192,Ordinary,Not in reference set,86.23,19.83,5.23,70.25,No,
ISOTRETINOIN,DIZZINESS,Nervous system,958,1016.4,0.94,0.94,0.94,-0.192,Ordinary,Not in reference set,81.73,15.45,5.43,66.39,No,
GABAPENTIN,AGRANULOCYTOSIS,Blood,642,670.2,0.96,0.95,0.95,-0.192,Ordinary,Not in reference set,82.71,18.38,4.67,64.95,No,
METHOTREXATE,HYPONATRAEMIA,Metabolic,712,746.9,0.95,0.95,0.95,-0.193,Ordinary,Not in reference set,83.01,15.87,5.62,68.68,No,
SERTRALINE,HEPATITIS,Hepatobiliary,552,572.4,0.96,0.96,0.96,-0.193,Ordinary,Not in reference set,82.25,17.21,5.25,64.13,No,
FEBUXOSTAT,MYOCARDITIS,Cardiac,239,235.6,1.01,1.02,1.02,-0.193,Ordinary,Not in reference set,84.10,17.57,7.11,69.46,No,
VALPROATE,CARDIAC ARREST,Cardiac,336,339.0,0.99,0.99,0.99,-0.193,Ordinary,Not in reference set,82.14,16.96,4.76,66.67,No,
VALPROATE,TORSADE DE POINTES,Cardiac,314,315.5,1.00,0.99,0.99,-0.193,Ordinary,Not in reference set,82.17,15.61,5.10,70.06,No,
IBUPROFEN,THROMBOCYTOPENIA,Blood,807,851.4,0.95,0.94,0.94,-0.194,Ordinary,Not in reference set,83.77,17.35,5.08,66.42,No,
OMEPRAZOLE,MYOCARDITIS,Cardiac,494,509.7,0.97,0.97,0.97,-0.194,Ordinary,Not in reference set,83.60,16.80,5.47,68.62,No,
AMIODARONE,HYPERKALAEMIA,Metabolic,482,496.7,0.97,0.97,0.97,-0.194,Ordinary,Not in reference set,84.02,19.50,4.36,64.32,No,
WARFARIN,BRADYCARDIA,Cardiac,502,518.5,0.97,0.97,0.96,-0.194,Ordinary,Not in reference set,84.26,19.12,4.98,65.74,No,
GABAPENTIN,RESPIRATORY DEPRESSION,Respiratory,718,754.4,0.95,0.95,0.95,-0.195,Ordinary,Not in reference set,84.82,15.88,5.71,65.46,No,
CELECOXIB,MYOCARDITIS,Cardiac,290,290.1,1.00,1.00,1.00,-0.195,Ordinary,Not in reference set,83.79,15.52,5.52,66.90,No,
TAMSULOSIN,MYALGIA,Musculoskeletal,925,981.9,0.94,0.94,0.94,-0.195,Ordinary,Not in reference set,83.03,18.05,5.84,68.54,No,
CELECOXIB,HYPERKALAEMIA,Metabolic,483,498.1,0.97,0.97,0.97,-0.195,Ordinary,Not in reference set,84.06,16.15,5.80,67.49,No,
SITAGLIPTIN,ACUTE KIDNEY INJURY,Renal,674,706.3,0.95,0.95,0.95,-0.195,Ordinary,Not in reference set,83.68,17.80,5.04,67.51,No,
ESOMEPRAZOLE,ALOPECIA,Skin,844,892.9,0.95,0.94,0.94,-0.195,Ordinary,Not in reference set,83.41,17.54,5.45,68.60,No,
IBUPROFEN,PANCYTOPENIA,Blood,958,1018.4,0.94,0.94,0.93,-0.195,Ordinary,Not in reference set,83.72,17.64,4.80,66.81,No,
LEVOFLOXACIN,CLOSTRIDIUM DIFFICILE COLITIS,Gastrointestinal,498,514.5,0.97,0.97,0.96,-0.195,Ordinary,Not in reference set,85.14,17.47,6.22,69.88,No,
CELECOXIB,RHABDOMYOLYSIS,Musculoskeletal,579,602.8,0.96,0.96,0.96,-0.195,Ordinary,Not in reference set,80.48,14.68,5.35,67.88,No,
VALPROATE,SEROTONIN SYNDROME,Nervous system,366,371.8,0.98,0.98,0.98,-0.195,Ordinary,Not in reference set,82.24,18.58,6.83,66.12,No,
FUROSEMIDE,TORSADE DE POINTES,Cardiac,478,493.0,0.97,0.97,0.97,-0.196,Ordinary,Not in reference set,80.75,14.85,3.56,67.99,No,
INSULIN GLARGINE,AGRANULOCYTOSIS,Blood,494,510.4,0.97,0.97,0.97,-0.196,Ordinary,Not in reference set,85.02,19.84,6.28,63.56,No,
VALPROATE,AORTIC ANEURYSM,Vascular,329,332.3,0.99,0.99,0.99,-0.197,Ordinary,Not in reference set,79.03,14.59,5.47,66.57,No,
SERTRALINE,ALOPECIA,Skin,948,1008.8,0.94,0.93,0.93,-0.197,Ordinary,Not in reference set,84.39,15.30,5.06,67.41,No,
SERTRALINE,PARAESTHESIA,Nervous system,974,1037.8,0.94,0.93,0.93,-0.197,Ordinary,Not in reference set,82.34,17.56,5.54,68.69,No,
SITAGLIPTIN,HEPATITIS,Hepatobiliary,358,363.7,0.98,0.98,0.98,-0.197,Ordinary,Not in reference set,81.84,18.16,5.03,64.53,No,
CANAGLIFLOZIN,CONFUSIONAL STATE,Psychiatric,612,639.8,0.96,0.95,0.95,-0.198,Ordinary,Not in reference set,80.88,17.97,6.54,68.14,No,
ALLOPURINOL,HYPERTENSION,Vascular,777,821.0,0.95,0.94,0.94,-0.198,Ordinary,Not in reference set,83.53,17.12,4.89,69.50,No,
ESOMEPRAZOLE,MEMORY IMPAIRMENT,Nervous system,656,688.1,0.95,0.95,0.95,-0.198,Ordinary,Not in reference set,86.59,18.29,6.10,64.48,No,
CIPROFLOXACIN,HYPERKALAEMIA,Metabolic,658,690.5,0.95,0.95,0.95,-0.198,Ordinary,Not in reference set,82.52,14.74,4.71,70.82,No,
LEVOFLOXACIN,DIABETIC KETOACIDOSIS,Metabolic,743,783.8,0.95,0.94,0.94,-0.198,Ordinary,Not in reference set,81.29,17.50,4.31,66.22,No,
SERTRALINE,MYOCARDITIS,Cardiac,441,453.7,0.97,0.97,0.97,-0.198,Ordinary,Not in reference set,81.63,16.33,4.99,72.11,No,
OMEPRAZOLE,STEVENS-JOHNSON SYNDROME,Skin,515,534.3,0.96,0.96,0.96,-0.199,Ordinary,Not in reference set,85.24,18.06,6.99,67.77,No,
APIXABAN,NEUTROPENIA,Blood,554,576.9,0.96,0.96,0.96,-0.199,Ordinary,Not in reference set,83.21,15.34,6.14,69.31,No,
FEBUXOSTAT,CONFUSIONAL STATE,Psychiatric,509,527.9,0.96,0.96,0.96,-0.199,Ordinary,Not in reference set,78.59,16.31,5.30,66.21,No,
APIXABAN,BRADYCARDIA,Cardiac,385,393.3,0.98,0.98,0.98,-0.199,Ordinary,Not in reference set,83.64,16.88,6.23,68.31,No,
FEBUXOSTAT,BRADYCARDIA,Cardiac,269,268.6,1.00,1.00,1.00,-0.199,Ordinary,Not in reference set,88.48,18.22,6.32,68.77,No,
ALBUTEROL,HEPATIC FAILURE,Hepatobiliary,503,521.6,0.96,0.96,0.96,-0.199,Ordinary,Not in reference set,80.72,15.31,6.36,67.00,No,
FEBUXOSTAT,SEIZURE,Nervous system,393,402.2,0.98,0.98,0.98,-0.200,Ordinary,Not in reference set,82.44,17.56,7.89,66.67,No,
TAMSULOSIN,HALLUCINATION,Psychiatric,328,332.0,0.99,0.99,0.99,-0.200,Ordinary,Not in reference set,82.62,14.94,7.01,67.68,No,
ESOMEPRAZOLE,PULMONARY FIBROSIS,Respiratory,515,534.8,0.96,0.96,0.96,-0.200,Ordinary,Not in reference set,81.36,18.06,5.05,66.41,No,
INSULIN GLARGINE,CARDIAC ARREST,Cardiac,390,399.0,0.98,0.98,0.98,-0.200,Ordinary,Not in reference set,84.62,18.46,5.13,64.36,No,
AMIODARONE,ELECTROCARDIOGRAM QT PROLONGED,Cardiac,719,758.9,0.95,0.94,0.94,-0.201,Ordinary,Not in reference set,84.42,16.13,5.42,65.65,No,
FEBUXOSTAT,NIGHTMARE,Psychiatric,504,523.2,0.96,0.96,0.96,-0.201,Ordinary,Not in reference set,79.96,17.66,4.76,69.64,No,
AMIODARONE,THROMBOCYTOPENIA,Blood,467,482.9,0.97,0.97,0.96,-0.201,Ordinary,Not in reference set,81.80,15.42,4.93,68.74,No,
ADALIMUMAB,RESPIRATORY DEPRESSION,Respiratory,466,481.9,0.97,0.97,0.96,-0.201,Ordinary,Not in reference set,81.76,17.38,5.36,67.60,No,
FUROSEMIDE,LACTIC ACIDOSIS,Metabolic,706,744.9,0.95,0.94,0.94,-0.202,Ordinary,Not in reference set,83.00,18.27,4.96,67.99,No,
INSULIN GLARGINE,SEROTONIN SYNDROME,Nervous system,425,437.6,0.97,0.97,0.97,-0.202,Ordinary,Not in reference set,86.35,16.71,5.18,68.94,No,
ADALIMUMAB,SEROTONIN SYNDROME,Nervous system,360,367.1,0.98,0.98,0.98,-0.202,Ordinary,Not in reference set,83.33,19.44,6.94,70.28,No,
CLOPIDOGREL,AORTIC ANEURYSM,Vascular,439,453.0,0.97,0.97,0.97,-0.203,Ordinary,Not in reference set,82.92,20.96,4.10,63.33,No,
CELECOXIB,TOXIC EPIDERMAL NECROLYSIS,Skin,172,166.2,1.03,1.04,1.04,-0.203,Ordinary,Not in reference set,81.98,16.86,5.81,69.19,No,
VALPROATE,AGRANULOCYTOSIS,Blood,421,433.6,0.97,0.97,0.97,-0.203,Ordinary,Not in reference set,82.90,18.29,4.99,65.80,No,
MONTELUKAST,TOXIC EPIDERMAL NECROLYSIS,Skin,294,296.2,0.99,0.99,0.99,-0.204,Ordinary,Not in reference set,79.93,16.67,6.12,63.61,No,
PANTOPRAZOLE,BRADYCARDIA,Cardiac,445,459.9,0.97,0.97,0.96,-0.204,Ordinary,Not in reference set,85.17,17.08,5.17,71.46,No,
VALPROATE,GASTROINTESTINAL HAEMORRHAGE,Gastrointestinal,923,986.2,0.94,0.93,0.93,-0.204,Ordinary,Not in reference set,81.26,15.93,5.42,66.63,No,
CELECOXIB,GASTROINTESTINAL HAEMORRHAGE,Gastrointestinal,913,975.3,0.94,0.93,0.93,-0.204,Ordinary,Not in reference set,85.32,19.39,5.81,65.83,No,
CELECOXIB,MEMORY IMPAIRMENT,Nervous system,479,497.1,0.96,0.96,0.96,-0.204,Ordinary,Not in reference set,85.18,15.24,8.14,66.39,No,
CANAGLIFLOZIN,BRADYCARDIA,Cardiac,321,325.5,0.99,0.99,0.99,-0.205,Ordinary,Not in reference set,81.31,18.38,5.30,71.03,No,
VARENICLINE,RHABDOMYOLYSIS,Musculoskeletal,464,480.9,0.96,0.96,0.96,-0.205,Ordinary,Not in reference set,84.91,15.73,5.82,64.66,No,
CLOZAPINE,FOETAL MALFORMATION,Congenital,392,402.5,0.97,0.97,0.97,-0.205,Ordinary,Not in reference set,80.87,15.31,5.87,66.07,No,
DULOXETINE,CLOSTRIDIUM DIFFICILE COLITIS,Gastrointestinal,433,447.2,0.97,0.97,0.97,-0.205,Ordinary,Not in reference set,84.76,18.71,5.08,70.44,No,
OMEPRAZOLE,AMPUTATION,Procedural,515,536.8,0.96,0.96,0.95,-0.205,Ordinary,Not in reference set,82.14,15.92,6.21,71.26,No,
FUROSEMIDE,HYPERKALAEMIA,Metabolic,742,787.0,0.94,0.94,0.94,-0.206,Ordinary,Not in reference set,83.29,18.46,5.12,68.33,No,
ONDANSETRON,TREMOR,Nervous system,969,1038.8,0.93,0.93,0.92,-0.206,Ordinary,Not in reference set,83.28,17.75,5.37,68.73,No,
APIXABAN,HAEMORRHAGE,Vascular,761,808.2,0.94,0.94,0.94,-0.207,Ordinary,Not in reference set,83.18,14.45,6.18,69.65,No,
TAMSULOSIN,PHOTOSENSITIVITY REACTION,Skin,324,329.2,0.98,0.98,0.98,-0.207,Ordinary,Not in reference set,82.72,17.90,7.41,64.51,No,
AMIODARONE,STEVENS-JOHNSON SYNDROME,Skin,300,303.3,0.99,0.99,0.99,-0.207,Ordinary,Not in reference set,85.00,18.00,6.00,64.67,No,
VARENICLINE,CLOSTRIDIUM DIFFICILE COLITIS,Gastrointestinal,294,296.8,0.99,0.99,0.99,-0.207,Ordinary,Not in reference set,84.35,12.93,5.44,68.71,No,
CELECOXIB,RESPIRATORY DEPRESSION,Respiratory,465,482.6,0.96,0.96,0.96,-0.207,Ordinary,Not in reference set,83.66,17.85,5.16,66.67,No,
TAMSULOSIN,PULMONARY FIBROSIS,Respiratory,374,383.5,0.98,0.97,0.97,-0.207,Ordinary,Not in reference set,84.49,18.18,6.15,64.44,No,
VARENICLINE,PANCREATITIS,Gastrointestinal,376,385.7,0.97,0.97,0.97,-0.207,Ordinary,Not in reference set,82.71,14.89,6.38,67.02,No,
ONDANSETRON,HEPATIC FAILURE,Hepatobiliary,497,517.9,0.96,0.96,0.96,-0.207,Ordinary,Not in reference set,82.90,13.28,3.62,66.40,No,
FEBUXOSTAT,ABDOMINAL PAIN,Gastrointestinal,855,912.9,0.94,0.93,0.93,-0.208,Ordinary,Not in reference set,83.27,16.49,4.33,64.21,No,
ALBUTEROL,PULMONARY FIBROSIS,Respiratory,582,611.3,0.95,0.95,0.95,-0.208,Ordinary,Not in reference set,86.43,15.81,7.22,66.49,No,
ALLOPURINOL,HEPATITIS,Hepatobiliary,361,369.6,0.98,0.98,0.98,-0.208,Ordinary,Not in reference set,81.72,18.28,6.93,63.43,No,
ISOTRETINOIN,MUSCULAR WEAKNESS,Musculoskeletal,493,513.7,0.96,0.96,0.96,-0.208,Ordinary,Not in reference set,80.93,16.63,6.69,66.73,No,
WARFARIN,CLOSTRIDIUM DIFFICILE COLITIS,Gastrointestinal,556,583.2,0.95,0.95,0.95,-0.209,Ordinary,Not in reference set,85.79,17.63,6.83,68.35,No,
LISINOPRIL,AMPUTATION,Procedural,567,595.3,0.95,0.95,0.95,-0.209,Ordinary,Not in reference set,83.60,17.64,5.47,65.43,No,
TRAMADOL,FOETAL MALFORMATION,Congenital,529,553.7,0.96,0.95,0.95,-0.209,Ordinary,Not in reference set,82.23,19.09,5.10,66.16,No,
TAMSULOSIN,NIGHTMARE,Psychiatric,607,639.7,0.95,0.95,0.94,-0.210,Ordinary,Not in reference set,83.86,17.79,4.28,67.22,No,
FEBUXOSTAT,SEROTONIN SYNDROME,Nervous system,295,298.5,0.99,0.99,0.99,-0.210,Ordinary,Not in reference set,84.75,16.61,5.42,65.08,No,
ALBUTEROL,TOXIC EPIDERMAL NECROLYSIS,Skin,262,263.0,1.00,1.00,1.00,-0.210,Ordinary,Not in reference set,81.30,15.65,3.82,66.41,No,
PANTOPRAZOLE,SEROTONIN SYNDROME,Nervous system,490,511.1,0.96,0.96,0.95,-0.210,Ordinary,Not in reference set,84.69,17.35,6.53,67.76,No,
AZITHROMYCIN,RESPIRATORY DEPRESSION,Respiratory,633,668.6,0.95,0.94,0.94,-0.210,Ordinary,Not in reference set,81.04,15.80,6.48,64.61,No,
ATORVASTATIN,CARDIAC ARREST,Cardiac,618,652.1,0.95,0.94,0.94,-0.210,Ordinary,Not in reference set,84.30,18.28,5.83,66.34,No,
CLOPIDOGREL,MEMORY IMPAIRMENT,Nervous system,648,685.3,0.95,0.94,0.94,-0.210,Ordinary,Not in reference set,83.95,18.21,5.25,67.28,No,
VALPROATE,ELECTROCARDIOGRAM QT PROLONGED,Cardiac,724,769.4,0.94,0.94,0.94,-0.211,Ordinary,Not in reference set,82.32,15.33,4.42,64.78,No,
ALBUTEROL,PANCREATITIS,Gastrointestinal,720,765.1,0.94,0.94,0.93,-0.211,Ordinary,Not in reference set,83.19,17.36,5.00,65.69,No,
VALPROATE,PARAESTHESIA,Nervous system,635,671.0,0.95,0.94,0.94,-0.211,Ordinary,Not in reference set,84.41,18.43,6.93,65.35,No,
ISOTRETINOIN,HAEMORRHAGE,Vascular,513,536.6,0.96,0.95,0.95,-0.211,Ordinary,Not in reference set,85.19,19.49,6.24,62.77,No,
FEBUXOSTAT,RHABDOMYOLYSIS,Musculoskeletal,470,489.4,0.96,0.96,0.96,-0.211,Ordinary,Not in reference set,83.83,20.85,4.47,64.47,No,
GABAPENTIN,BRADYCARDIA,Cardiac,495,517.1,0.96,0.95,0.95,-0.211,Ordinary,Not in reference set,81.21,14.95,7.27,70.51,No,
VALPROATE,THROMBOCYTOPENIA,Blood,470,489.7,0.96,0.96,0.96,-0.211,Ordinary,Not in reference set,82.55,17.66,6.81,66.60,No,
HYDROXYCHLOROQUINE,FOETAL MALFORMATION,Congenital,388,400.0,0.97,0.97,0.97,-0.211,Ordinary,Not in reference set,81.44,20.10,5.41,67.53,No,
LEVOFLOXACIN,SEROTONIN SYNDROME,Nervous system,487,508.4,0.96,0.95,0.95,-0.212,Ordinary,Not in reference set,84.19,17.45,6.57,66.94,No,
GABAPENTIN,HALLUCINATION,Psychiatric,500,522.8,0.96,0.95,0.95,-0.212,Ordinary,Not in reference set,79.20,16.40,4.80,66.40,No,
CLOPIDOGREL,AGRANULOCYTOSIS,Blood,562,591.1,0.95,0.95,0.95,-0.212,Ordinary,Not in reference set,79.89,16.01,5.87,70.46,No,
TAMSULOSIN,FOETAL MALFORMATION,Congenital,385,396.9,0.97,0.97,0.97,-0.212,Ordinary,Not in reference set,83.12,19.74,7.79,69.87,No,
TRAMADOL,AMPUTATION,Procedural,409,423.1,0.97,0.96,0.96,-0.212,Ordinary,Not in reference set,83.13,14.91,6.60,66.50,No,
CLOZAPINE,PHOTOSENSITIVITY REACTION,Skin,327,333.9,0.98,0.98,0.98,-0.213,Ordinary,Not in reference set,82.26,17.43,5.50,68.20,No,
ONDANSETRON,THROMBOCYTOPENIA,Blood,715,760.8,0.94,0.93,0.93,-0.213,Ordinary,Not in reference set,81.96,18.60,6.15,68.53,No,
ALLOPURINOL,PYREXIA,General,922,991.1,0.93,0.93,0.92,-0.213,Ordinary,Not in reference set,81.89,17.25,6.18,66.59,No,
ALLOPURINOL,SEIZURE,Nervous system,479,500.1,0.96,0.96,0.95,-0.213,Ordinary,Not in reference set,82.25,14.82,6.89,70.56,No,
CANAGLIFLOZIN,LACTIC ACIDOSIS,Metabolic,446,463.9,0.96,0.96,0.96,-0.213,Ordinary,Not in reference set,80.94,17.71,4.04,66.82,No,
IBUPROFEN,MYOCARDITIS,Cardiac,488,510.1,0.96,0.95,0.95,-0.213,Ordinary,Not in reference set,81.56,18.03,5.12,70.49,No,
HYDROXYCHLOROQUINE,AGRANULOCYTOSIS,Blood,414,428.9,0.97,0.96,0.96,-0.213,Ordinary,Not in reference set,83.09,19.32,8.21,64.49,No,
CELECOXIB,AORTIC ANEURYSM,Vascular,322,328.6,0.98,0.98,0.98,-0.213,Ordinary,Not in reference set,84.16,18.01,4.66,65.53,No,
OMEPRAZOLE,SEIZURE,Nervous system,813,870.1,0.93,0.93,0.93,-0.214,Ordinary,Not in reference set,84.75,19.07,5.29,66.42,No,
CIPROFLOXACIN,AMPUTATION,Procedural,409,423.6,0.97,0.96,0.96,-0.214,Ordinary,Not in reference set,84.11,16.63,5.62,69.68,No,
IBUPROFEN,PHOTOSENSITIVITY REACTION,Skin,554,583.1,0.95,0.95,0.94,-0.214,Ordinary,Not in reference set,83.39,17.15,4.87,70.22,No,
AMLODIPINE,LACTIC ACIDOSIS,Metabolic,848,909.6,0.93,0.93,0.92,-0.214,Ordinary,Not in reference set,84.43,17.81,4.36,68.16,No,
CLOZAPINE,URTICARIA,Skin,770,822.7,0.94,0.93,0.93,-0.215,Ordinary,Not in reference set,82.47,18.05,5.58,69.61,No,
APIXABAN,STEVENS-JOHNSON SYNDROME,Skin,352,361.5,0.97,0.97,0.97,-0.215,Ordinary,Not in reference set,85.51,15.91,6.82,61.93,No,
AMLODIPINE,HEPATITIS,Hepatobiliary,665,706.2,0.94,0.94,0.93,-0.215,Ordinary,Not in reference set,85.26,19.55,5.71,66.62,No,
LISINOPRIL,PANCREATITIS,Gastrointestinal,877,942.2,0.93,0.92,0.92,-0.215,Ordinary,Not in reference set,83.35,18.70,4.68,66.59,No,
CANAGLIFLOZIN,PULMONARY FIBROSIS,Respiratory,369,380.2,0.97,0.97,0.97,-0.215,Ordinary,Not in reference set,85.09,18.70,4.07,67.75,No,
ADALIMUMAB,PHOTOSENSITIVITY REACTION,Skin,324,331.2,0.98,0.98,0.98,-0.215,Ordinary,Not in reference set,83.64,19.14,6.17,66.67,No,
ESOMEPRAZOLE,CONFUSIONAL STATE,Psychiatric,839,900.0,0.93,0.93,0.92,-0.215,Ordinary,Not in reference set,82.12,16.33,5.01,65.79,No,
CELECOXIB,NIGHTMARE,Psychiatric,609,644.4,0.95,0.94,0.94,-0.215,Ordinary,Not in reference set,81.77,17.73,4.93,68.14,No,
APIXABAN,RHABDOMYOLYSIS,Musculoskeletal,674,716.6,0.94,0.94,0.94,-0.216,Ordinary,Not in reference set,84.72,18.10,7.12,65.73,No,
INSULIN GLARGINE,HEPATIC FAILURE,Hepatobiliary,380,392.3,0.97,0.97,0.97,-0.216,Ordinary,Not in reference set,82.11,20.00,5.26,72.63,No,
CLOZAPINE,LACTIC ACIDOSIS,Metabolic,455,474.7,0.96,0.96,0.96,-0.216,Ordinary,Not in reference set,82.86,18.90,3.74,67.47,No,
PANTOPRAZOLE,HALLUCINATION,Psychiatric,446,464.9,0.96,0.96,0.96,-0.216,Ordinary,Not in reference set,81.39,15.25,6.05,64.57,No,
PANTOPRAZOLE,CARDIAC ARREST,Cardiac,447,466.0,0.96,0.96,0.96,-0.216,Ordinary,Not in reference set,83.67,17.45,2.91,67.79,No,
LEVOFLOXACIN,SEIZURE,Nervous system,645,684.9,0.94,0.94,0.94,-0.217,Ordinary,Not in reference set,81.09,16.28,4.34,71.78,No,
AMIODARONE,WEIGHT DECREASED,Investigations,618,655.1,0.94,0.94,0.94,-0.217,Ordinary,Not in reference set,80.74,19.09,6.15,66.50,No,
CIPROFLOXACIN,BRADYCARDIA,Cardiac,440,458.6,0.96,0.96,0.96,-0.217,Ordinary,Not in reference set,83.41,16.82,5.68,65.68,No,
MONTELUKAST,MYOCARDITIS,Cardiac,493,517.0,0.95,0.95,0.95,-0.217,Ordinary,Not in reference set,84.99,18.86,6.09,66.53,No,
SITAGLIPTIN,MEMORY IMPAIRMENT,Nervous system,472,493.9,0.96,0.95,0.95,-0.218,Ordinary,Not in reference set,84.32,17.37,6.57,67.37,No,
ADALIMUMAB,MEMORY IMPAIRMENT,Nervous system,474,496.4,0.95,0.95,0.95,-0.218,Ordinary,Not in reference set,84.18,16.03,3.80,70.25,No,
INSULIN GLARGINE,NIGHTMARE,Psychiatric,718,767.0,0.94,0.93,0.93,-0.218,Ordinary,Not in reference set,84.54,16.43,6.82,66.71,No,
AMIODARONE,BRADYCARDIA,Cardiac,322,329.9,0.98,0.97,0.97,-0.219,Ordinary,Not in reference set,82.61,17.08,6.52,64.29,No,
CELECOXIB,AGRANULOCYTOSIS,Blood,412,428.8,0.96,0.96,0.96,-0.220,Ordinary,Not in reference set,85.19,20.63,5.34,70.87,No,
CLOPIDOGREL,NEUTROPENIA,Blood,629,668.9,0.94,0.94,0.93,-0.220,Ordinary,Not in reference set,82.35,16.85,5.41,66.93,No,
ISOTRETINOIN,TOXIC EPIDERMAL NECROLYSIS,Skin,137,131.2,1.04,1.05,1.05,-0.220,Ordinary,Not in reference set,88.32,18.98,5.11,71.53,No,
ISOTRETINOIN,PHOTOSENSITIVITY REACTION,Skin,259,261.8,0.99,0.99,0.99,-0.221,Ordinary,Not in reference set,85.33,15.83,6.56,63.71,No,
OMEPRAZOLE,TORSADE DE POINTES,Cardiac,520,548.2,0.95,0.94,0.94,-0.221,Ordinary,Not in reference set,85.77,15.77,7.12,65.77,No,
TAMSULOSIN,PYREXIA,General,902,974.3,0.93,0.92,0.92,-0.221,Ordinary,Not in reference set,83.92,16.41,4.77,65.63,No,
AMLODIPINE,HEPATIC FAILURE,Hepatobiliary,599,636.0,0.94,0.94,0.93,-0.221,Ordinary,Not in reference set,83.81,19.53,4.84,68.45,No,
METHOTREXATE,AGGRESSION,Psychiatric,382,396.1,0.96,0.96,0.96,-0.221,Ordinary,Not in reference set,84.55,18.32,4.71,68.59,No,
VARENICLINE,HEPATIC FAILURE,Hepatobiliary,260,263.0,0.99,0.99,0.99,-0.221,Ordinary,Not in reference set,82.69,18.08,6.15,67.31,No,
GABAPENTIN,MYOCARDITIS,Cardiac,434,453.5,0.96,0.95,0.95,-0.222,Ordinary,Not in reference set,82.03,20.05,6.68,63.82,No,
TAMSULOSIN,AORTIC ANEURYSM,Vascular,318,326.2,0.97,0.97,0.97,-0.222,Ordinary,Not in reference set,84.91,19.81,3.77,66.98,No,
SITAGLIPTIN,THROMBOCYTOPENIA,Blood,459,481.1,0.95,0.95,0.95,-0.222,Ordinary,Not in reference set,81.70,16.56,6.10,66.23,No,
ONDANSETRON,MYOCARDITIS,Cardiac,436,455.8,0.96,0.95,0.95,-0.222,Ordinary,Not in reference set,80.28,16.06,5.28,65.14,No,
LISINOPRIL,CARDIAC ARREST,Cardiac,614,653.2,0.94,0.93,0.93,-0.223,Ordinary,Not in reference set,84.20,18.73,7.98,68.08,No,
TAMSULOSIN,MEMORY IMPAIRMENT,Nervous system,470,493.5,0.95,0.95,0.95,-0.223,Ordinary,Not in reference set,84.47,16.60,4.68,66.38,No,
ISOTRETINOIN,ACUTE KIDNEY INJURY,Renal,531,561.1,0.95,0.94,0.94,-0.223,Ordinary,Not in reference set,85.69,19.59,4.90,67.04,No,
VARENICLINE,ALOPECIA,Skin,489,514.6,0.95,0.95,0.95,-0.223,Ordinary,Not in reference set,80.98,15.75,6.54,65.44,No,
ALLOPURINOL,ANGIOEDEMA,Skin,479,503.5,0.95,0.95,0.95,-0.223,Ordinary,Not in reference set,82.46,18.16,6.47,67.01,No,
CELECOXIB,BRADYCARDIA,Cardiac,322,330.8,0.97,0.97,0.97,-0.223,Ordinary,Not in reference set,84.16,16.15,7.14,66.15,No,
VALPROATE,AMPUTATION,Procedural,302,309.0,0.98,0.98,0.98,-0.223,Ordinary,Not in reference set,81.79,15.23,4.97,71.85,No,
ROSUVASTATIN,CARDIAC ARREST,Cardiac,498,524.8,0.95,0.94,0.94,-0.224,Ordinary,Not in reference set,85.54,14.66,5.22,60.64,No,
PREDNISONE,BRADYCARDIA,Cardiac,493,519.3,0.95,0.95,0.94,-0.224,Ordinary,Not in reference set,84.38,18.26,5.68,65.92,No,
AMIODARONE,AORTIC ANEURYSM,Vascular,319,327.7,0.97,0.97,0.97,-0.224,Ordinary,Not in reference set,81.50,17.24,4.39,66.14,No,
VALPROATE,HAEMORRHAGE,Vascular,644,687.5,0.94,0.93,0.93,-0.224,Ordinary,Not in reference set,84.01,19.72,5.59,66.61,No,
VARENICLINE,PANCYTOPENIA,Blood,441,462.1,0.95,0.95,0.95,-0.225,Ordinary,Not in reference set,84.13,14.29,7.26,67.80,No,
ALLOPURINOL,HALLUCINATION,Psychiatric,328,337.7,0.97,0.97,0.97,-0.225,Ordinary,Not in reference set,82.93,10.98,6.40,67.38,No,
ALBUTEROL,CONGENITAL ANOMALY,Congenital,250,252.8,0.99,0.99,0.99,-0.225,Ordinary,Not in reference set,85.60,16.40,5.20,75.60,No,
OMEPRAZOLE,TOXIC EPIDERMAL NECROLYSIS,Skin,286,292.0,0.98,0.98,0.98,-0.225,Ordinary,Not in reference set,84.97,17.13,5.24,69.23,No,
ISOTRETINOIN,FATIGUE,General,1047,1140.6,0.92,0.91,0.91,-0.226,Ordinary,Not in reference set,82.14,17.77,5.54,67.05,No,
ISOTRETINOIN,HYPOGLYCAEMIA,Metabolic,515,544.5,0.95,0.94,0.94,-0.226,Ordinary,Not in reference set,84.66,17.48,5.44,66.02,No,
TAMSULOSIN,HEPATITIS,Hepatobiliary,351,363.3,0.97,0.96,0.96,-0.226,Ordinary,Not in reference set,79.77,17.95,6.84,62.68,No,
CELECOXIB,PANCYTOPENIA,Blood,546,579.2,0.94,0.94,0.94,-0.226,Ordinary,Not in reference set,80.40,16.85,5.49,67.58,No,
FEBUXOSTAT,ACUTE KIDNEY INJURY,Renal,544,577.2,0.94,0.94,0.94,-0.227,Ordinary,Not in reference set,82.72,14.89,4.96,65.44,No,
SERTRALINE,CONGENITAL ANOMALY,Congenital,247,249.9,0.99,0.99,0.99,-0.227,Ordinary,Not in reference set,80.97,13.77,7.69,67.21,No,
ALLOPURINOL,BRADYCARDIA,Cardiac,324,334.0,0.97,0.97,0.97,-0.228,Ordinary,Not in reference set,80.86,16.98,7.10,67.28,No,
SITAGLIPTIN,HYPERTENSION,Vascular,750,807.8,0.93,0.92,0.92,-0.228,Ordinary,Not in reference set,84.13,18.13,6.40,66.93,No,
VARENICLINE,TORSADE DE POINTES,Cardiac,246,248.9,0.99,0.99,0.99,-0.228,Ordinary,Not in reference set,82.93,19.11,5.69,68.70,No,
FEBUXOSTAT,CONGENITAL ANOMALY,Congenital,135,129.8,1.04,1.04,1.04,-0.228,Ordinary,Not in reference set,84.44,22.22,8.89,66.67,No,
TAMSULOSIN,CLOSTRIDIUM DIFFICILE COLITIS,Gastrointestinal,356,369.3,0.96,0.96,0.96,-0.228,Ordinary,Not in reference set,83.71,17.42,5.90,65.17,No,
ADALIMUMAB,FOETAL MALFORMATION,Congenital,383,399.2,0.96,0.96,0.96,-0.229,Ordinary,Not in reference set,83.55,18.80,5.22,66.58,No,
FEBUXOSTAT,ANGIOEDEMA,Skin,388,404.9,0.96,0.96,0.96,-0.229,Ordinary,Not in reference set,81.19,18.04,4.64,68.56,No,
ROSUVASTATIN,PHOTOSENSITIVITY REACTION,Skin,491,519.1,0.95,0.94,0.94,-0.229,Ordinary,Not in reference set,83.91,16.70,5.30,66.19,No,
SITAGLIPTIN,TENDONITIS,Musculoskeletal,165,161.8,1.02,1.02,1.02,-0.230,Ordinary,Not in reference set,82.42,18.18,7.27,69.09,No,
FEBUXOSTAT,TENDON RUPTURE,Musculoskeletal,554,589.5,0.94,0.94,0.94,-0.230,Ordinary,Not in reference set,82.49,15.34,6.68,62.82,No,
IBUPROFEN,CONGENITAL ANOMALY,Congenital,275,281.0,0.98,0.98,0.98,-0.230,Ordinary,Not in reference set,85.45,17.45,3.64,72.36,No,
ADALIMUMAB,AORTIC ANEURYSM,Vascular,318,328.1,0.97,0.97,0.97,-0.231,Ordinary,Not in reference set,86.16,17.92,5.97,65.09,No,
LEVOFLOXACIN,PULMONARY FIBROSIS,Respiratory,504,534.3,0.94,0.94,0.94,-0.231,Ordinary,Not in reference set,81.94,16.47,5.16,66.67,No,
ALLOPURINOL,NIGHTMARE,Psychiatric,608,650.7,0.93,0.93,0.93,-0.232,Ordinary,Not in reference set,80.59,15.63,5.92,67.60,No,
VALPROATE,PANCREATITIS,Gastrointestinal,463,489.0,0.95,0.94,0.94,-0.232,Ordinary,Not in reference set,80.56,18.79,7.34,65.01,No,
AMLODIPINE,TENDONITIS,Musculoskeletal,305,314.2,0.97,0.97,0.97,-0.232,Ordinary,Not in reference set,82.62,17.05,4.59,64.26,No,
PREDNISONE,CONGENITAL ANOMALY,Congenital,247,250.9,0.98,0.98,0.98,-0.233,Ordinary,Not in reference set,88.66,19.03,6.88,65.59,No,
CLOZAPINE,BRADYCARDIA,Cardiac,322,333.0,0.97,0.97,0.96,-0.233,Ordinary,Not in reference set,87.27,18.94,6.21,67.39,No,
ADALIMUMAB,NIGHTMARE,Psychiatric,601,643.5,0.93,0.93,0.93,-0.233,Ordinary,Not in reference set,80.70,17.97,7.32,69.22,No,
PREDNISONE,HALLUCINATION,Psychiatric,495,525.1,0.94,0.94,0.94,-0.233,Ordinary,Not in reference set,86.46,17.78,6.87,65.05,No,
HYDROXYCHLOROQUINE,LACTIC ACIDOSIS,Metabolic,447,471.6,0.95,0.95,0.94,-0.233,Ordinary,Not in reference set,84.79,17.23,6.26,64.88,No,
OMEPRAZOLE,SEROTONIN SYNDROME,Nervous system,603,645.9,0.93,0.93,0.93,-0.234,Ordinary,Not in reference set,85.57,16.25,5.47,63.68,No,
ROSUVASTATIN,AGGRESSION,Psychiatric,490,519.6,0.94,0.94,0.94,-0.234,Ordinary,Not in reference set,83.67,16.53,4.90,64.29,No,
ISOTRETINOIN,AGGRESSION,Psychiatric,257,262.0,0.98,0.98,0.98,-0.234,Ordinary,Not in reference set,83.66,20.23,3.89,67.70,No,
GABAPENTIN,HEPATIC FAILURE,Hepatobiliary,486,515.2,0.94,0.94,0.94,-0.234,Ordinary,Not in reference set,83.54,18.72,4.94,64.20,No,
FUROSEMIDE,ANGIOEDEMA,Skin,729,787.8,0.93,0.92,0.92,-0.234,Ordinary,Not in reference set,83.95,17.70,7.68,67.90,No,
CANAGLIFLOZIN,TREMOR,Nervous system,607,650.7,0.93,0.93,0.93,-0.234,Ordinary,Not in reference set,82.37,15.82,6.26,69.85,No,
CELECOXIB,ELECTROCARDIOGRAM QT PROLONGED,Cardiac,705,760.9,0.93,0.92,0.92,-0.234,Ordinary,Not in reference set,81.42,18.16,5.11,65.82,No,
CELECOXIB,NEUTROPENIA,Blood,459,485.3,0.95,0.94,0.94,-0.234,Ordinary,Not in reference set,83.88,15.90,5.23,68.19,No,
FEBUXOSTAT,WEIGHT DECREASED,Investigations,502,533.3,0.94,0.94,0.94,-0.235,Ordinary,Not in reference set,80.68,18.33,5.78,65.74,No,
APIXABAN,TENDONITIS,Musculoskeletal,194,193.6,1.00,1.00,1.00,-0.235,Ordinary,Not in reference set,79.90,18.04,4.12,65.46,No,
ROSUVASTATIN,AORTIC ANEURYSM,Vascular,485,514.4,0.94,0.94,0.94,-0.235,Ordinary,Not in reference set,85.36,19.79,5.15,63.71,No,
ADALIMUMAB,MUSCULAR WEAKNESS,Musculoskeletal,606,649.9,0.93,0.93,0.93,-0.235,Ordinary,Not in reference set,81.68,17.00,7.43,65.84,No,
SERTRALINE,AMPUTATION,Procedural,452,477.8,0.95,0.94,0.94,-0.236,Ordinary,Not in reference set,82.74,17.70,5.31,71.24,No,
CANAGLIFLOZIN,HEPATITIS,Hepatobiliary,346,360.2,0.96,0.96,0.96,-0.236,Ordinary,Not in reference set,80.92,19.36,2.89,66.47,No,
FUROSEMIDE,AORTIC ANEURYSM,Vascular,489,519.2,0.94,0.94,0.94,-0.236,Ordinary,Not in reference set,84.87,14.31,5.11,65.64,No,
LISINOPRIL,AORTIC ANEURYSM,Vascular,597,640.3,0.93,0.93,0.92,-0.236,Ordinary,Not in reference set,83.42,16.75,4.36,68.34,No,
ALBUTEROL,ANGIOEDEMA,Skin,729,788.9,0.92,0.92,0.92,-0.236,Ordinary,Not in reference set,83.13,17.01,6.45,68.31,No,
TAMSULOSIN,TORSADE DE POINTES,Cardiac,300,309.7,0.97,0.97,0.97,-0.237,Ordinary,Not in reference set,85.00,18.67,3.67,66.00,No,
OMEPRAZOLE,CARDIAC ARREST,Cardiac,551,589.0,0.94,0.93,0.93,-0.237,Ordinary,Not in reference set,84.39,18.33,4.54,67.51,No,
ISOTRETINOIN,PANCYTOPENIA,Blood,433,457.1,0.95,0.95,0.94,-0.237,Ordinary,Not in reference set,82.68,18.71,5.31,61.89,No,
ISOTRETINOIN,AGRANULOCYTOSIS,Blood,326,338.4,0.96,0.96,0.96,-0.237,Ordinary,Not in reference set,82.82,16.26,7.06,68.71,No,
CELECOXIB,HEPATIC FAILURE,Hepatobiliary,318,329.6,0.96,0.96,0.96,-0.237,Ordinary,Not in reference set,79.87,18.24,5.03,72.33,No,
FUROSEMIDE,PULMONARY FIBROSIS,Respiratory,570,610.4,0.93,0.93,0.93,-0.237,Ordinary,Not in reference set,82.46,17.89,6.14,67.19,No,
FEBUXOSTAT,CLOSTRIDIUM DIFFICILE COLITIS,Gastrointestinal,293,302.1,0.97,0.97,0.97,-0.237,Ordinary,Not in reference set,84.64,14.33,6.14,66.55,No,
ROSUVASTATIN,TENDONITIS,Musculoskeletal,250,255.0,0.98,0.98,0.98,-0.237,Ordinary,Not in reference set,81.20,15.20,4.40,68.00,No,
VALPROATE,PULMONARY FIBROSIS,Respiratory,373,390.7,0.95,0.95,0.95,-0.238,Ordinary,Not in reference set,79.89,16.35,5.90,67.02,No,
TAMSULOSIN,TENDONITIS,Musculoskeletal,164,161.7,1.01,1.02,1.02,-0.238,Ordinary,Not in reference set,89.63,17.07,6.71,62.80,No,
LEVOFLOXACIN,BRADYCARDIA,Cardiac,433,457.4,0.95,0.94,0.94,-0.238,Ordinary,Not in reference set,85.91,20.09,6.00,68.59,No,
ISOTRETINOIN,GASTROINTESTINAL HAEMORRHAGE,Gastrointestinal,711,769.8,0.92,0.92,0.92,-0.238,Ordinary,Not in reference set,82.70,17.16,5.49,63.85,No,
ATORVASTATIN,TENDONITIS,Musculoskeletal,306,316.8,0.97,0.96,0.96,-0.239,Ordinary,Not in reference set,81.70,18.63,3.59,69.93,No,
VARENICLINE,ANGIOEDEMA,Skin,379,397.8,0.95,0.95,0.95,-0.239,Ordinary,Not in reference set,79.95,13.98,5.01,69.66,No,
VARENICLINE,HYPERTENSION,Vascular,603,648.6,0.93,0.93,0.92,-0.240,Ordinary,Not in reference set,85.41,16.92,5.80,65.01,No,
OMEPRAZOLE,CONGENITAL ANOMALY,Congenital,273,280.7,0.97,0.97,0.97,-0.240,Ordinary,Not in reference set,79.85,15.38,7.69,66.67,No,
TAMSULOSIN,STEVENS-JOHNSON SYNDROME,Skin,292,301.9,0.97,0.97,0.97,-0.241,Ordinary,Not in reference set,82.53,16.78,5.48,65.07,No,
LEVOFLOXACIN,NEUTROPENIA,Blood,622,671.1,0.93,0.92,0.92,-0.242,Ordinary,Not in reference set,81.19,17.52,6.75,63.99,No,
WARFARIN,CONGENITAL ANOMALY,Congenital,245,250.5,0.98,0.98,0.98,-0.243,Ordinary,Not in reference set,84.49,17.14,6.53,66.12,No,
GABAPENTIN,SEROTONIN SYNDROME,Nervous system,536,574.7,0.93,0.93,0.93,-0.243,Ordinary,Not in reference set,85.63,16.04,6.53,65.11,No,
CANAGLIFLOZIN,CARDIAC ARREST,Cardiac,317,329.9,0.96,0.96,0.96,-0.243,Ordinary,Not in reference set,82.33,17.35,6.62,68.14,No,
WARFARIN,HALLUCINATION,Psychiatric,491,524.2,0.94,0.93,0.93,-0.243,Ordinary,Not in reference set,80.45,15.27,6.11,66.19,No,
AMIODARONE,SEROTONIN SYNDROME,Nervous system,350,366.7,0.95,0.95,0.95,-0.244,Ordinary,Not in reference set,82.86,14.86,4.57,70.57,No,
VALPROATE,ANGIOEDEMA,Skin,473,504.2,0.94,0.93,0.93,-0.244,Ordinary,Not in reference set,82.24,20.08,5.07,64.90,No,
FUROSEMIDE,MYOCARDITIS,Cardiac,432,458.4,0.94,0.94,0.94,-0.244,Ordinary,Not in reference set,82.87,16.20,4.40,68.29,No,
APIXABAN,HEPATITIS,Hepatobiliary,411,435.2,0.94,0.94,0.94,-0.245,Ordinary,Not in reference set,85.64,23.60,5.35,68.61,No,
FEBUXOSTAT,HEPATITIS,Hepatobiliary,287,297.2,0.97,0.96,0.96,-0.245,Ordinary,Not in reference set,79.09,15.68,5.92,69.34,No,
ISOTRETINOIN,MYOCARDITIS,Cardiac,225,229.0,0.98,0.98,0.98,-0.246,Ordinary,Not in reference set,76.89,16.00,4.00,68.89,No,
AZITHROMYCIN,CONGENITAL ANOMALY,Congenital,218,221.4,0.98,0.98,0.98,-0.246,Ordinary,Not in reference set,83.49,21.10,4.59,67.89,No,
METFORMIN,TOXIC EPIDERMAL NECROLYSIS,Skin,311,323.9,0.96,0.96,0.96,-0.246,Ordinary,Not in reference set,79.42,15.11,4.18,64.31,No,
CELECOXIB,PULMONARY FIBROSIS,Respiratory,367,386.3,0.95,0.95,0.95,-0.246,Ordinary,Not in reference set,82.83,18.80,3.27,65.40,No,
AMIODARONE,ANGIOEDEMA,Skin,466,497.3,0.94,0.93,0.93,-0.247,Ordinary,Not in reference set,81.76,18.45,5.15,63.30,No,
CELECOXIB,FOETAL MALFORMATION,Congenital,379,399.8,0.95,0.95,0.94,-0.247,Ordinary,Not in reference set,81.79,19.79,7.39,69.92,No,
FEBUXOSTAT,HEPATIC FAILURE,Hepatobiliary,260,267.7,0.97,0.97,0.97,-0.247,Ordinary,Not in reference set,77.69,18.46,5.00,62.31,No,
METHOTREXATE,HEPATITIS,Hepatobiliary,412,436.8,0.94,0.94,0.94,-0.247,Ordinary,Not in reference set,83.01,18.45,5.58,67.72,No,
HYDROXYCHLOROQUINE,DEHYDRATION,Metabolic,600,648.8,0.92,0.92,0.92,-0.248,Ordinary,Not in reference set,83.00,14.83,5.17,68.67,No,
METHOTREXATE,PHOTOSENSITIVITY REACTION,Skin,375,395.7,0.95,0.94,0.94,-0.248,Ordinary,Not in reference set,84.00,18.13,7.20,67.20,No,
DULOXETINE,LACTIC ACIDOSIS,Metabolic,527,566.6,0.93,0.93,0.92,-0.248,Ordinary,Not in reference set,84.82,17.84,5.88,68.69,No,
FEBUXOSTAT,PANCREATITIS,Gastrointestinal,372,392.6,0.95,0.95,0.94,-0.249,Ordinary,Not in reference set,81.72,18.01,3.76,65.05,No,
INSULIN GLARGINE,CONGENITAL ANOMALY,Congenital,189,190.2,0.99,0.99,0.99,-0.250,Ordinary,Not in reference set,85.19,13.76,6.35,69.84,No,
METHOTREXATE,HYPERKALAEMIA,Metabolic,551,594.3,0.93,0.92,0.92,-0.250,Ordinary,Not in reference set,82.76,20.15,6.72,66.79,No,
HYDROXYCHLOROQUINE,HEPATITIS,Hepatobiliary,348,366.2,0.95,0.95,0.95,-0.250,Ordinary,Not in reference set,80.75,14.94,6.03,69.25,No,
ISOTRETINOIN,TORSADE DE POINTES,Cardiac,240,246.3,0.97,0.97,0.97,-0.250,Ordinary,Not in reference set,83.75,15.83,7.50,63.75,No,
TAMSULOSIN,NEUTROPENIA,Blood,451,481.7,0.94,0.93,0.93,-0.251,Ordinary,Not in reference set,85.14,18.63,6.65,66.30,No,
ROSUVASTATIN,BRADYCARDIA,Cardiac,483,517.8,0.93,0.93,0.93,-0.251,Ordinary,Not in reference set,80.12,18.63,5.59,69.57,No,
TAMSULOSIN,CARDIAC ARREST,Cardiac,318,332.8,0.96,0.95,0.95,-0.251,Ordinary,Not in reference set,85.53,17.92,5.03,69.50,No,
DULOXETINE,PANCREATITIS,Gastrointestinal,539,581.2,0.93,0.92,0.92,-0.251,Ordinary,Not in reference set,82.00,17.81,5.75,63.82,No,
ALLOPURINOL,DIABETIC KETOACIDOSIS,Metabolic,531,572.3,0.93,0.92,0.92,-0.251,Ordinary,Not in reference set,83.99,19.77,5.08,66.29,No,
ADALIMUMAB,AMPUTATION,Procedural,293,305.1,0.96,0.96,0.96,-0.251,Ordinary,Not in reference set,80.55,16.04,6.14,64.85,No,
FUROSEMIDE,PHOTOSENSITIVITY REACTION,Skin,488,524.0,0.93,0.93,0.92,-0.252,Ordinary,Not in reference set,82.79,17.21,5.12,67.62,No,
WARFARIN,TORSADE DE POINTES,Cardiac,457,489.1,0.93,0.93,0.93,-0.252,Ordinary,Not in reference set,83.15,14.44,3.72,70.02,No,
VALPROATE,PHOTOSENSITIVITY REACTION,Skin,320,335.4,0.95,0.95,0.95,-0.252,Ordinary,Not in reference set,84.38,18.75,5.31,66.88,No,
SITAGLIPTIN,BRADYCARDIA,Cardiac,314,328.7,0.96,0.95,0.95,-0.252,Ordinary,Not in reference set,85.35,19.43,5.10,65.29,No,
TRAMADOL,THROMBOCYTOPENIA,Blood,617,670.6,0.92,0.91,0.91,-0.253,Ordinary,Not in reference set,81.52,16.05,4.70,66.77,No,
WARFARIN,PHOTOSENSITIVITY REACTION,Skin,484,519.8,0.93,0.93,0.92,-0.253,Ordinary,Not in reference set,84.71,15.70,7.23,63.02,No,
IBUPROFEN,TOXIC EPIDERMAL NECROLYSIS,Skin,281,292.3,0.96,0.96,0.96,-0.254,Ordinary,Not in reference set,82.92,16.37,6.76,67.26,No,
INSULIN GLARGINE,HEPATITIS,Hepatobiliary,409,435.7,0.94,0.93,0.93,-0.254,Ordinary,Not in reference set,84.84,14.18,6.60,65.77,No,
CANAGLIFLOZIN,HALLUCINATION,Psychiatric,314,329.1,0.95,0.95,0.95,-0.254,Ordinary,Not in reference set,81.85,17.20,7.32,69.11,No,
APIXABAN,MYOCARDITIS,Cardiac,328,344.9,0.95,0.95,0.95,-0.255,Ordinary,Not in reference set,83.23,17.99,5.49,66.16,No,
TAMSULOSIN,PANCYTOPENIA,Blood,532,574.9,0.93,0.92,0.92,-0.255,Ordinary,Not in reference set,84.96,15.98,5.08,63.72,No,
AZITHROMYCIN,AORTIC ANEURYSM,Vascular,426,455.2,0.94,0.93,0.93,-0.256,Ordinary,Not in reference set,82.63,17.14,6.34,64.32,No,
ISOTRETINOIN,SOMNOLENCE,Nervous system,606,659.3,0.92,0.92,0.91,-0.256,Ordinary,Not in reference set,84.16,17.49,5.78,65.35,No,
CANAGLIFLOZIN,PHOTOSENSITIVITY REACTION,Skin,311,326.4,0.95,0.95,0.95,-0.257,Ordinary,Not in reference set,85.21,16.72,6.11,69.13,No,
WARFARIN,TENDONITIS,Musculoskeletal,247,255.3,0.97,0.96,0.96,-0.258,Ordinary,Not in reference set,85.43,15.79,6.88,63.56,No,
ESOMEPRAZOLE,AORTIC ANEURYSM,Vascular,425,454.9,0.93,0.93,0.93,-0.258,Ordinary,Not in reference set,83.76,16.24,5.18,70.82,No,
CIPROFLOXACIN,AGRANULOCYTOSIS,Blood,548,594.4,0.92,0.92,0.91,-0.258,Ordinary,Not in reference set,83.39,18.80,4.38,64.60,No,
ONDANSETRON,HEPATITIS,Hepatobiliary,531,575.1,0.92,0.92,0.92,-0.258,Ordinary,Not in reference set,82.67,16.57,5.27,66.29,No,
APIXABAN,FOETAL MALFORMATION,Congenital,443,475.3,0.93,0.93,0.93,-0.258,Ordinary,Not in reference set,84.88,19.86,6.55,66.82,No,
FEBUXOSTAT,PARAESTHESIA,Nervous system,499,538.8,0.93,0.92,0.92,-0.259,Ordinary,Not in reference set,84.97,16.83,4.81,64.13,No,
FEBUXOSTAT,DEHYDRATION,Metabolic,488,526.6,0.93,0.92,0.92,-0.259,Ordinary,Not in reference set,83.81,18.65,4.51,65.16,No,
HYDROXYCHLOROQUINE,AMPUTATION,Procedural,292,305.6,0.96,0.95,0.95,-0.259,Ordinary,Not in reference set,82.88,17.12,3.77,69.52,No,
HYDROXYCHLOROQUINE,PANCREATITIS,Gastrointestinal,450,483.7,0.93,0.93,0.93,-0.260,Ordinary,Not in reference set,83.78,18.44,6.00,65.33,No,
CLOPIDOGREL,HEPATIC FAILURE,Hepatobiliary,424,454.4,0.93,0.93,0.93,-0.260,Ordinary,Not in reference set,82.55,16.98,4.95,61.08,No,
ISOTRETINOIN,HEPATIC FAILURE,Hepatobiliary,251,260.2,0.96,0.96,0.96,-0.260,Ordinary,Not in reference set,81.27,16.73,5.18,64.94,No,
CIPROFLOXACIN,HALLUCINATION,Psychiatric,432,463.6,0.93,0.93,0.93,-0.261,Ordinary,Not in reference set,82.64,17.82,5.79,68.06,No,
ALBUTEROL,CLOSTRIDIUM DIFFICILE COLITIS,Gastrointestinal,542,588.7,0.92,0.91,0.91,-0.261,Ordinary,Not in reference set,81.92,16.42,6.27,69.56,No,
TRAMADOL,BRADYCARDIA,Cardiac,427,458.1,0.93,0.93,0.93,-0.261,Ordinary,Not in reference set,81.50,16.86,8.43,68.62,No,
SITAGLIPTIN,AGGRESSION,Psychiatric,313,329.8,0.95,0.95,0.95,-0.262,Ordinary,Not in reference set,82.11,19.49,4.15,65.50,No,
ALLOPURINOL,TOXIC EPIDERMAL NECROLYSIS,Skin,167,167.8,0.99,0.99,0.99,-0.263,Ordinary,Not in reference set,83.23,17.37,2.99,61.08,No,
DULOXETINE,AMPUTATION,Procedural,346,367.2,0.94,0.94,0.94,-0.263,Ordinary,Not in reference set,79.19,16.47,5.49,68.79,No,
ESOMEPRAZOLE,PHOTOSENSITIVITY REACTION,Skin,427,459.1,0.93,0.93,0.92,-0.264,Ordinary,Not in reference set,86.18,20.37,6.79,64.87,No,
ALLOPURINOL,FOETAL MALFORMATION,Congenital,378,403.7,0.94,0.93,0.93,-0.265,Ordinary,Not in reference set,82.01,16.93,4.23,70.63,No,
INSULIN GLARGINE,TOXIC EPIDERMAL NECROLYSIS,Skin,194,197.8,0.98,0.98,0.98,-0.266,Ordinary,Not in reference set,82.47,19.59,7.22,71.65,No,
ISOTRETINOIN,STEVENS-JOHNSON SYNDROME,Skin,232,240.0,0.97,0.97,0.96,-0.266,Ordinary,Not in reference set,80.17,19.40,7.33,65.95,No,
VARENICLINE,ATRIAL FIBRILLATION,Cardiac,469,507.5,0.92,0.92,0.92,-0.266,Ordinary,Not in reference set,82.94,17.06,4.69,68.23,No,
AZITHROMYCIN,TENDONITIS,Musculoskeletal,219,225.6,0.97,0.97,0.97,-0.266,Ordinary,Not in reference set,85.39,15.07,6.39,71.69,No,
HYDROXYCHLOROQUINE,DIABETIC KETOACIDOSIS,Metabolic,521,567.0,0.92,0.91,0.91,-0.267,Ordinary,Not in reference set,82.73,17.47,4.80,68.33,No,
CLOZAPINE,AGGRESSION,Psychiatric,316,334.2,0.95,0.94,0.94,-0.267,Ordinary,Not in reference set,83.54,13.92,6.33,68.04,No,
METFORMIN,TENDONITIS,Musculoskeletal,301,317.4,0.95,0.94,0.94,-0.267,Ordinary,Not in reference set,85.38,20.60,7.64,65.78,No,
SITAGLIPTIN,AORTIC ANEURYSM,Vascular,309,326.5,0.95,0.94,0.94,-0.267,Ordinary,Not in reference set,81.23,18.77,5.18,65.70,No,
AZITHROMYCIN,TOXIC EPIDERMAL NECROLYSIS,Skin,223,230.3,0.97,0.97,0.97,-0.267,Ordinary,Not in reference set,85.65,18.39,2.69,62.78,No,
ADALIMUMAB,MYOCARDITIS,Cardiac,276,289.7,0.95,0.95,0.95,-0.269,Ordinary,Not in reference set,81.52,16.67,4.35,62.68,No,
SITAGLIPTIN,AMPUTATION,Procedural,288,303.6,0.95,0.95,0.95,-0.271,Ordinary,Not in reference set,79.51,15.28,2.78,67.36,No,
ALLOPURINOL,AGGRESSION,Psychiatric,316,335.2,0.94,0.94,0.94,-0.271,Ordinary,Not in reference set,83.23,18.67,6.96,69.62,No,
ATORVASTATIN,CONGENITAL ANOMALY,Congenital,294,310.8,0.95,0.94,0.94,-0.273,Ordinary,Not in reference set,78.91,16.33,4.42,66.33,No,
AMIODARONE,TOXIC EPIDERMAL NECROLYSIS,Skin,164,165.8,0.99,0.99,0.99,-0.274,Ordinary,Not in reference set,82.93,17.07,6.10,62.20,No,
SERTRALINE,SEROTONIN SYNDROME,Nervous system,525,575.0,0.91,0.91,0.90,-0.275,Ordinary,Not in reference set,84.57,18.10,5.90,68.95,No,
HYDROXYCHLOROQUINE,PARAESTHESIA,Nervous system,602,663.8,0.91,0.90,0.90,-0.276,Ordinary,Not in reference set,82.39,18.44,6.64,68.11,No,
LEVOFLOXACIN,HEPATIC FAILURE,Hepatobiliary,421,455.8,0.92,0.92,0.92,-0.276,Ordinary,Not in reference set,84.56,18.05,8.31,62.95,No,
METHOTREXATE,HEPATIC FAILURE,Hepatobiliary,366,393.3,0.93,0.93,0.93,-0.276,Ordinary,Not in reference set,81.15,13.66,5.46,65.30,No,
LISINOPRIL,HALLUCINATION,Psychiatric,591,651.7,0.91,0.90,0.90,-0.277,Ordinary,Not in reference set,83.76,17.43,5.41,66.67,No,
HYDROXYCHLOROQUINE,AGGRESSION,Psychiatric,312,332.1,0.94,0.94,0.94,-0.277,Ordinary,Not in reference set,82.37,16.03,4.81,66.35,No,
CLOZAPINE,TOXIC EPIDERMAL NECROLYSIS,Skin,165,167.4,0.99,0.99,0.99,-0.278,Ordinary,Not in reference set,84.85,18.79,4.24,69.09,No,
ONDANSETRON,TOXIC EPIDERMAL NECROLYSIS,Skin,249,261.1,0.95,0.95,0.95,-0.278,Ordinary,Not in reference set,83.94,16.47,7.63,68.27,No,
ALLOPURINOL,CLOSTRIDIUM DIFFICILE COLITIS,Gastrointestinal,350,375.7,0.93,0.93,0.93,-0.279,Ordinary,Not in reference set,80.00,17.43,4.86,60.86,No,
METHOTREXATE,TORSADE DE POINTES,Cardiac,347,372.3,0.93,0.93,0.93,-0.279,Ordinary,Not in reference set,83.00,18.44,4.90,66.28,No,
APIXABAN,CARDIAC ARREST,Cardiac,370,398.6,0.93,0.92,0.92,-0.279,Ordinary,Not in reference set,84.32,18.92,5.95,67.84,No,
SITAGLIPTIN,STEVENS-JOHNSON SYNDROME,Skin,285,302.2,0.94,0.94,0.94,-0.280,Ordinary,Not in reference set,82.11,17.54,4.91,63.51,No,
LISINOPRIL,CONGENITAL ANOMALY,Congenital,293,311.4,0.94,0.93,0.93,-0.281,Ordinary,Not in reference set,86.35,18.09,5.46,71.67,No,
CANAGLIFLOZIN,FOETAL MALFORMATION,Congenital,365,393.5,0.93,0.92,0.92,-0.281,Ordinary,Not in reference set,82.47,16.99,4.93,69.04,No,
DULOXETINE,STEVENS-JOHNSON SYNDROME,Skin,340,365.5,0.93,0.93,0.92,-0.283,Ordinary,Not in reference set,83.24,19.41,5.00,62.65,No,
INSULIN GLARGINE,MYOCARDITIS,Cardiac,322,345.3,0.93,0.93,0.93,-0.285,Ordinary,Not in reference set,84.16,18.63,7.45,71.43,No,
ALLOPURINOL,CARDIAC ARREST,Cardiac,316,338.5,0.93,0.93,0.93,-0.285,Ordinary,Not in reference set,85.13,14.87,4.11,64.56,No,
METFORMIN,CONGENITAL ANOMALY,Congenital,292,311.4,0.94,0.93,0.93,-0.286,Ordinary,Not in reference set,81.85,13.36,3.77,70.89,No,
LEVOFLOXACIN,TOXIC EPIDERMAL NECROLYSIS,Skin,220,229.9,0.96,0.95,0.95,-0.286,Ordinary,Not in reference set,85.00,15.45,5.00,62.73,No,
VARENICLINE,CONGENITAL ANOMALY,Congenital,128,127.5,1.00,1.00,1.00,-0.287,Ordinary,Not in reference set,86.72,18.75,1.56,55.47,No,
CLOZAPINE,CLOSTRIDIUM DIFFICILE COLITIS,Gastrointestinal,347,374.6,0.93,0.92,0.92,-0.288,Ordinary,Not in reference set,80.69,15.27,7.49,68.01,No,
HYDROXYCHLOROQUINE,TOXIC EPIDERMAL NECROLYSIS,Skin,163,166.3,0.98,0.98,0.98,-0.288,Ordinary,Not in reference set,88.96,20.86,7.36,61.35,No,
LEVOFLOXACIN,PHOTOSENSITIVITY REACTION,Skin,420,458.6,0.92,0.91,0.91,-0.288,Ordinary,Not in reference set,82.38,15.24,6.19,63.57,No,
ALBUTEROL,BRADYCARDIA,Cardiac,476,523.4,0.91,0.90,0.90,-0.288,Ordinary,Not in reference set,84.45,16.60,4.20,64.50,No,
LEVOFLOXACIN,HEPATITIS,Hepatobiliary,461,506.2,0.91,0.90,0.90,-0.289,Ordinary,Not in reference set,83.30,18.22,5.21,67.68,No,
VARENICLINE,THROMBOCYTOPENIA,Blood,357,386.3,0.92,0.92,0.92,-0.289,Ordinary,Not in reference set,82.63,16.81,5.04,65.55,No,
TAMSULOSIN,CONGENITAL ANOMALY,Congenital,156,158.6,0.98,0.98,0.98,-0.289,Ordinary,Not in reference set,79.49,17.31,2.56,66.03,No,
PANTOPRAZOLE,TORSADE DE POINTES,Cardiac,398,433.7,0.92,0.91,0.91,-0.290,Ordinary,Not in reference set,86.43,17.34,3.52,68.09,No,
CLOPIDOGREL,CONGENITAL ANOMALY,Congenital,211,220.3,0.96,0.95,0.95,-0.290,Ordinary,Not in reference set,80.57,18.96,3.79,69.19,No,
SERTRALINE,TOXIC EPIDERMAL NECROLYSIS,Skin,246,260.0,0.95,0.94,0.94,-0.290,Ordinary,Not in reference set,81.71,18.70,6.10,65.45,No,
SERTRALINE,TENDONITIS,Musculoskeletal,241,254.7,0.95,0.94,0.94,-0.293,Ordinary,Not in reference set,83.82,13.69,5.39,69.71,No,
FEBUXOSTAT,MUSCULAR WEAKNESS,Musculoskeletal,478,528.5,0.90,0.90,0.90,-0.296,Ordinary,Not in reference set,82.64,17.15,6.28,63.60,No,
AMLODIPINE,TOXIC EPIDERMAL NECROLYSIS,Skin,298,320.7,0.93,0.92,0.92,-0.297,Ordinary,Not in reference set,82.21,17.79,7.05,73.15,No,
PREDNISONE,TENDONITIS,Musculoskeletal,241,255.7,0.94,0.94,0.94,-0.298,Ordinary,Not in reference set,85.89,17.01,8.30,61.41,No,
HYDROXYCHLOROQUINE,MYOCARDITIS,Cardiac,271,290.2,0.93,0.93,0.93,-0.299,Ordinary,Not in reference set,85.24,24.35,7.75,66.42,No,
VALPROATE,STEVENS-JOHNSON SYNDROME,Skin,286,307.5,0.93,0.93,0.93,-0.300,Ordinary,Not in reference set,81.47,18.88,5.24,61.89,No,
TRAMADOL,TENDONITIS,Musculoskeletal,214,225.6,0.95,0.94,0.94,-0.302,Ordinary,Not in reference set,82.24,17.29,6.07,68.22,No,
METHOTREXATE,TOXIC EPIDERMAL NECROLYSIS,Skin,190,198.3,0.96,0.96,0.95,-0.302,Ordinary,Not in reference set,82.11,15.26,4.21,71.05,No,
INSULIN GLARGINE,HALLUCINATION,Psychiatric,364,398.1,0.91,0.91,0.91,-0.302,Ordinary,Not in reference set,84.34,18.13,5.77,67.31,No,
FEBUXOSTAT,TENDONITIS,Musculoskeletal,131,132.3,0.99,0.99,0.99,-0.303,Ordinary,Not in reference set,80.15,17.56,5.34,69.47,No,
ESOMEPRAZOLE,CONGENITAL ANOMALY,Congenital,210,221.2,0.95,0.95,0.95,-0.303,Ordinary,Not in reference set,88.10,13.33,6.19,74.29,No,
ALLOPURINOL,AMPUTATION,Procedural,286,308.5,0.93,0.92,0.92,-0.305,Ordinary,Not in reference set,78.32,16.43,8.04,67.48,No,
MONTELUKAST,CARDIAC ARREST,Cardiac,534,597.5,0.89,0.88,0.88,-0.305,Ordinary,Not in reference set,83.52,15.92,8.24,62.55,No,
CLOZAPINE,CARDIAC ARREST,Cardiac,311,337.5,0.92,0.92,0.92,-0.305,Ordinary,Not in reference set,83.60,21.22,6.75,64.63,No,
VARENICLINE,LACTIC ACIDOSIS,Metabolic,344,376.1,0.91,0.91,0.91,-0.307,Ordinary,Not in reference set,81.10,15.12,6.98,70.06,No,
CLOZAPINE,SEIZURE,Nervous system,449,498.6,0.90,0.90,0.89,-0.307,Ordinary,Not in reference set,83.30,17.82,5.79,65.92,No,
ALLOPURINOL,TORSADE DE POINTES,Cardiac,291,315.1,0.92,0.92,0.92,-0.308,Ordinary,Not in reference set,83.16,15.81,5.84,67.01,No,
DULOXETINE,TOXIC EPIDERMAL NECROLYSIS,Skin,190,199.8,0.95,0.95,0.95,-0.312,Ordinary,Not in reference set,84.21,13.16,5.26,67.37,No,
MONTELUKAST,CONGENITAL ANOMALY,Congenital,264,284.8,0.93,0.92,0.92,-0.313,Ordinary,Not in reference set,81.06,16.29,3.79,68.18,No,
TAMSULOSIN,AGRANULOCYTOSIS,Blood,385,425.6,0.90,0.90,0.90,-0.313,Ordinary,Not in reference set,86.75,17.66,4.68,66.49,No,
APIXABAN,TOXIC EPIDERMAL NECROLYSIS,Skin,188,197.6,0.95,0.95,0.95,-0.313,Ordinary,Not in reference set,81.91,20.21,7.45,62.23,No,
AMLODIPINE,CONGENITAL ANOMALY,Congenital,284,308.3,0.92,0.91,0.91,-0.314,Ordinary,Not in reference set,85.56,20.42,7.04,63.38,No,
VARENICLINE,STEVENS-JOHNSON SYNDROME,Skin,227,242.6,0.94,0.93,0.93,-0.315,Ordinary,Not in reference set,81.50,20.70,7.49,63.88,No,
APIXABAN,CONGENITAL ANOMALY,Congenital,181,190.0,0.95,0.95,0.95,-0.315,Ordinary,Not in reference set,82.32,18.23,4.97,72.38,No,
VALPROATE,CONGENITAL ANOMALY,Congenital,156,161.6,0.97,0.96,0.96,-0.316,Ordinary,Not in reference set,83.97,17.31,7.05,68.59,No,
CLOZAPINE,WEIGHT DECREASED,Investigations,583,661.3,0.88,0.88,0.87,-0.318,Ordinary,Not in reference set,81.65,15.09,5.66,65.01,No,
PANTOPRAZOLE,TENDONITIS,Musculoskeletal,212,226.4,0.94,0.93,0.93,-0.322,Ordinary,Not in reference set,85.38,19.34,5.19,68.40,No,
WARFARIN,AGRANULOCYTOSIS,Blood,590,672.1,0.88,0.87,0.87,-0.324,Ordinary,Not in reference set,82.88,16.95,5.25,68.81,No,
TRAMADOL,CONGENITAL ANOMALY,Congenital,207,221.3,0.94,0.93,0.93,-0.326,Ordinary,Not in reference set,83.09,15.46,4.35,62.80,No,
SITAGLIPTIN,TOXIC EPIDERMAL NECROLYSIS,Skin,158,165.2,0.96,0.95,0.95,-0.327,Ordinary,Not in reference set,81.65,18.35,5.70,67.72,No,
DULOXETINE,THROMBOCYTOPENIA,Blood,513,582.0,0.88,0.87,0.87,-0.328,Ordinary,Not in reference set,84.02,18.32,7.41,68.23,No,
DULOXETINE,AORTIC ANEURYSM,Vascular,355,395.0,0.90,0.89,0.89,-0.329,Ordinary,Not in reference set,81.13,14.37,5.35,65.92,No,
ESOMEPRAZOLE,TOXIC EPIDERMAL NECROLYSIS,Skin,214,230.1,0.93,0.93,0.92,-0.330,Ordinary,Not in reference set,80.37,16.82,5.14,72.90,No,
FEBUXOSTAT,AGRANULOCYTOSIS,Blood,315,348.2,0.90,0.90,0.90,-0.330,Ordinary,Not in reference set,80.32,19.05,7.30,65.08,No,
TAMSULOSIN,AGGRESSION,Psychiatric,299,329.5,0.91,0.90,0.90,-0.331,Ordinary,Not in reference set,83.28,19.06,6.35,69.57,No,
ISOTRETINOIN,AORTIC ANEURYSM,Vascular,239,259.4,0.92,0.92,0.92,-0.332,Ordinary,Not in reference set,80.33,15.90,7.11,59.83,No,
ISOTRETINOIN,FOETAL MALFORMATION,Congenital,287,315.6,0.91,0.91,0.90,-0.332,Ordinary,Not in reference set,83.28,19.51,5.92,63.07,No,
FEBUXOSTAT,TOXIC EPIDERMAL NECROLYSIS,Skin,131,135.0,0.97,0.97,0.97,-0.332,Ordinary,Not in reference set,81.68,16.03,3.82,69.47,No,
VALPROATE,HEPATIC FAILURE,Hepatobiliary,302,333.3,0.91,0.90,0.90,-0.332,Ordinary,Not in reference set,80.13,17.55,5.96,65.89,No,
ADALIMUMAB,TENDONITIS,Musculoskeletal,155,162.6,0.95,0.95,0.95,-0.335,Ordinary,Not in reference set,82.58,19.35,1.94,64.52,No,
VALPROATE,SEIZURE,Nervous system,442,500.8,0.88,0.88,0.87,-0.337,Ordinary,Not in reference set,81.90,16.29,6.11,65.84,No,
VARENICLINE,AMPUTATION,Procedural,224,243.7,0.92,0.92,0.91,-0.343,Ordinary,Not in reference set,85.27,14.73,6.25,66.52,No,
VARENICLINE,TOXIC EPIDERMAL NECROLYSIS,Skin,128,132.6,0.97,0.96,0.96,-0.343,Ordinary,Not in reference set,85.94,21.09,6.25,68.75,No,
VALPROATE,MYOCARDITIS,Cardiac,266,293.4,0.91,0.90,0.90,-0.344,Ordinary,Not in reference set,82.33,15.79,3.38,68.80,No,
PANTOPRAZOLE,TOXIC EPIDERMAL NECROLYSIS,Skin,213,231.1,0.92,0.92,0.92,-0.344,Ordinary,Not in reference set,81.69,15.02,6.10,61.97,No,
CLOZAPINE,AMPUTATION,Procedural,278,307.6,0.90,0.90,0.90,-0.344,Ordinary,Not in reference set,80.22,16.91,3.60,72.30,No,
HYDROXYCHLOROQUINE,CONGENITAL ANOMALY,Congenital,151,159.9,0.94,0.94,0.94,-0.351,Ordinary,Not in reference set,79.47,11.26,5.96,76.82,No,
FUROSEMIDE,CONGENITAL ANOMALY,Congenital,230,252.5,0.91,0.90,0.90,-0.352,Ordinary,Not in reference set,81.30,19.57,4.78,63.91,No,
CANAGLIFLOZIN,TOXIC EPIDERMAL NECROLYSIS,Skin,154,163.6,0.94,0.94,0.94,-0.353,Ordinary,Not in reference set,84.42,18.18,9.09,70.13,No,
LEVOFLOXACIN,TENDONITIS,Musculoskeletal,206,225.2,0.91,0.91,0.91,-0.359,Ordinary,Not in reference set,83.50,20.87,5.34,66.50,No,
VARENICLINE,MYOCARDITIS,Cardiac,210,231.4,0.91,0.90,0.90,-0.368,Ordinary,Not in reference set,81.90,13.81,6.67,67.62,No,
ROSUVASTATIN,CONGENITAL ANOMALY,Congenital,225,250.1,0.90,0.89,0.89,-0.373,Ordinary,Not in reference set,84.44,16.89,8.44,65.78,No,
VALPROATE,HEPATITIS,Hepatobiliary,324,370.1,0.88,0.87,0.87,-0.375,Ordinary,Not in reference set,82.72,16.67,8.64,69.44,No,
CANAGLIFLOZIN,TENDONITIS,Musculoskeletal,149,160.3,0.93,0.93,0.93,-0.376,Ordinary,Not in reference set,80.54,12.08,6.04,66.44,No,
ISOTRETINOIN,HYPONATRAEMIA,Metabolic,425,494.0,0.86,0.86,0.85,-0.377,Ordinary,Not in reference set,81.65,15.76,5.41,67.29,No,
CELECOXIB,TENDONITIS,Musculoskeletal,151,162.9,0.93,0.92,0.92,-0.378,Ordinary,Not in reference set,83.44,19.21,5.30,69.54,No,
LEVOTHYROXINE,TOXIC EPIDERMAL NECROLYSIS,Skin,310,354.2,0.88,0.86,0.86,-0.380,Ordinary,Not in reference set,83.23,13.87,5.16,67.74,No,
HYDROXYCHLOROQUINE,TORSADE DE POINTES,Cardiac,274,312.1,0.88,0.87,0.87,-0.387,Ordinary,Not in reference set,82.12,16.42,4.38,62.77,No,
ALLOPURINOL,MYOCARDITIS,Cardiac,257,292.9,0.88,0.87,0.87,-0.395,Ordinary,Not in reference set,84.82,15.18,4.67,66.93,No,
CANAGLIFLOZIN,MYOCARDITIS,Cardiac,250,285.5,0.88,0.87,0.87,-0.400,Ordinary,Not in reference set,83.60,17.20,4.40,69.60,No,
VALPROATE,TENDONITIS,Musculoskeletal,150,164.7,0.91,0.91,0.91,-0.405,Ordinary,Not in reference set,83.33,22.00,6.67,77.33,No,
CLOPIDOGREL,TOXIC EPIDERMAL NECROLYSIS,Skin,203,229.1,0.89,0.88,0.88,-0.406,Ordinary,Not in reference set,84.24,14.29,6.40,65.02,No,
FEBUXOSTAT,PHOTOSENSITIVITY REACTION,Skin,235,269.3,0.87,0.87,0.87,-0.412,Ordinary,Not in reference set,84.68,15.32,5.96,64.26,No,
CANAGLIFLOZIN,CONGENITAL ANOMALY,Congenital,143,157.3,0.91,0.90,0.90,-0.413,Ordinary,Not in reference set,74.83,16.78,5.59,71.33,No,
FEBUXOSTAT,AORTIC ANEURYSM,Vascular,232,266.8,0.87,0.86,0.86,-0.418,Ordinary,Not in reference set,85.34,15.09,6.03,60.34,No,
ISOTRETINOIN,CONGENITAL ANOMALY,Congenital,115,126.1,0.91,0.91,0.91,-0.441,Ordinary,Not in reference set,81.74,12.17,7.83,71.30,No,
METHOTREXATE,TENDONITIS,Musculoskeletal,167,194.4,0.86,0.85,0.85,-0.474,Ordinary,Not in reference set,87.43,18.56,7.78,76.05,No,
ALLOPURINOL,TENDONITIS,Musculoskeletal,143,164.5,0.87,0.86,0.86,-0.478,Ordinary,Not in reference set,81.12,17.48,5.59,72.03,No,
INSULIN GLARGINE,TENDONITIS,Musculoskeletal,166,193.9,0.86,0.85,0.85,-0.480,Ordinary,Not in reference set,79.52,13.25,4.22,69.28,No,
VARENICLINE,TENDONITIS,Musculoskeletal,111,129.9,0.85,0.85,0.85,-0.541,Ordinary,Not in reference set,85.59,12.61,9.91,70.27,No,
ISOTRETINOIN,TENDONITIS,Musculoskeletal,109,128.6,0.85,0.84,0.84,-0.554,Ordinary,Not in reference set,78.90,14.68,7.34,69.72,No,
